RA,Dec,MagV,Identifier
0.099583247,26.918108,6.434,HIP 34
0.128698178,59.55968082,6.177,HIP 43
0.181810391,45.25333529,6.347,HIP 63
0.269095377,-48.80987439,5.698,HIP 88
0.330214159,49.98155694,6.217,HIP 106
0.333829527,-50.33737026,5.524,HIP 107
0.398747712,-77.06572535,4.783,HIP 122
0.404233491,61.22279986,5.567,HIP 124
0.414410077,73.61184647,6.492,HIP 128
0.432705044,42.36714334,6.24,HIP 137
0.456033803,-3.027503283,5.1,HIP 145
0.490081132,-6.014070557,4.41,HIP 154
0.543119664,27.08183308,5.75,HIP 171
0.583029427,-29.72044125,5.022,HIP 183
0.600694731,8.956824883,6.325,HIP 186
0.623758727,8.485463714,5.69,HIP 194
0.650386057,66.09896335,5.842,HIP 207
0.739534103,-20.04588302,6.238,HIP 238
0.782725268,-24.14514473,6.443,HIP 253
0.857148477,63.64051696,6.22,HIP 274
0.934949296,-17.33599144,4.536,HIP 301
0.965171424,66.71218559,6.323,HIP 302
1.056926888,62.28766423,5.884,HIP 330
1.082461733,-16.52903662,5.769,HIP 343
1.084654682,-29.2688223,6.39,HIP 345
1.125494801,-10.50952192,4.924,HIP 355
1.152435523,42.09252227,6.14,HIP 365
1.172116401,-71.4368901,5.585,HIP 377
1.174922087,67.16644512,5.676,HIP 379
1.223852864,34.65966701,6.11,HIP 394
1.233329181,26.64877089,6.25,HIP 399
1.254933697,27.67479084,6.462,HIP 410
1.265928128,-0.503035727,6.298,HIP 417
1.275628669,61.31397009,5.791,HIP 418
1.33392155,-5.707619916,4.61,HIP 443
1.424840055,13.39626813,5.537,HIP 476
1.565891108,58.43669646,6.42,HIP 518A
1.579897185,-49.07518646,5.76,HIP 522
1.610572193,64.19615797,5.59,HIP 531
1.653266695,29.02150353,6.07,HIP 544
1.708693016,-23.10754046,6.173,HIP 560
1.826107653,-17.38699254,6.203,HIP 602
1.933796531,-2.548680152,6.43,HIP 635
1.945414945,-22.50855699,5.923,HIP 636
2.01452875,-33.52932472,5.662,HIP 655
2.050398131,-2.447705718,6.22,HIP 664
2.073051795,-8.824111623,5.98,HIP 671
2.09691619,29.09043112,2.06,HIP 677
2.136910426,63.20403299,6.42,HIP 695
2.139570603,-17.57815503,6.13,HIP 696
2.217233387,25.46298489,6.246,HIP 716
2.250670027,28.24754157,6.47,HIP 728
2.259971195,-54.00195522,6.33,HIP 730
2.260103096,18.21196522,5.555,HIP 729
2.29452158,59.1497811,2.27,HIP 746
2.337340926,-27.98799035,6.19,HIP 761
2.33778532,-27.98792454,6.13,HIP 761
2.352667056,-45.74742391,3.87,HIP 765
2.467150775,-62.2967939,6.33,HIP 798
2.509052044,-82.22404708,5.283,HIP 814
2.509179173,11.14581581,5.53,HIP 813
2.578630028,-5.248588046,5.844,HIP 840
2.580193752,46.07227104,5.04,HIP 841
2.678475447,-12.57989824,5.849,HIP 873
2.816075165,-15.46797791,4.89,HIP 910
2.893419661,-27.79971967,5.404,HIP 930
2.933421154,-35.13311471,5.239,HIP 950
2.99618791,48.15239764,6.162,HIP 967
3.041602352,-17.93825081,5.265,HIP 983
3.289593154,16.92145654,6.5,HIP 1057
3.308968121,15.18359843,2.84,HIP 1067
3.331757832,-84.99397718,5.77,HIP 1074
3.34967172,26.98754639,6.277,HIP 1076
3.426017408,-26.02235136,5.937,HIP 1096
3.434911947,-26.28496257,6.119,HIP 1099
3.509495332,33.20604137,6.25,HIP 1123
3.584124771,-27.5313951,6.46,HIP 1144
3.615128361,-7.780528686,5.12,HIP 1158
3.65068451,20.20670288,4.8,HIP 1168
3.660070473,-18.93286335,4.46,HIP 1170
3.72714784,-9.569563113,5.749,HIP 1191
3.732909978,22.28422577,6.234,HIP 1193
3.74275718,-34.90422282,6.159,HIP 1195
3.745168167,8.820961326,6.01,HIP 1196
3.778961192,31.53572589,6.34,HIP 1208
3.794019848,27.28344122,6.342,HIP 1215
3.842774738,-32.04526879,6.2,HIP 1236
3.978522423,61.0001756,6.432,HIP 1269
4.036944674,-31.44639094,5.642,HIP 1288
4.089703748,43.59505094,6.15,HIP 1302
4.141841068,8.240157252,6.121,HIP 1319
4.176426112,-20.21006133,6.491,HIP 1331
4.190325922,10.24478092,6.49,HIP 1339
4.237679744,61.53318574,5.737,HIP 1354
4.272926514,38.68163573,4.61,HIP 1366
4.287683471,47.9474061,5.852,HIP 1372
4.386262708,-19.05109374,6.446,HIP 1402
4.429430472,51.4330879,6.14,HIP 1415
4.448743802,1.688729746,6.176,HIP 1421
4.495285823,-13.45564087,6.5,HIP 1444
4.571857861,11.20621543,6.045,HIP 1465
4.581905703,36.78522459,4.52,HIP 1473
4.659408701,31.51722831,5.875,HIP 1493
4.674448649,-8.053001064,6.46,HIP 1499
4.675703683,43.79114117,6.11,HIP 1501
4.677337099,-43.23556907,6.328,HIP 1502
4.856976645,-8.82391916,3.55,HIP 1562
4.923164316,40.72946464,6.34,HIP 1575
5.017744306,-64.87479366,4.23,HIP 1599
5.101672288,30.93561367,5.869,HIP 1630
5.128871125,48.96863344,6.47,HIP 1639
5.149425122,8.190271705,5.37,HIP 1645
5.162675949,-69.62491874,5.499,HIP 1647
5.189653795,32.91118678,5.794,HIP 1657
5.280286413,37.96860546,5.18,HIP 1686
5.369884337,-77.42688172,5.959,HIP 1706
5.37999274,-28.98147021,5.167,HIP 1708
5.442802657,-20.05802465,5.74,HIP 1728
5.606178771,13.48248847,6.24,HIP 1772
5.715785231,-12.20943609,6.39,HIP 1803
5.768296266,-15.94253053,6.425,HIP 1821
6.022329,-72.081444,4.09,HIP 1902
6.065225015,52.01991756,5.58,HIP 1921
6.123539878,-2.219063023,6.067,HIP 1939
6.158979587,14.31551681,6.46,HIP 1948
6.197939469,61.83105781,5.377,HIP 1960
6.276710401,53.04678189,5.719,HIP 1982
6.35086818,1.939692481,5.77,HIP 2006
6.43779316,-77.25424612,2.79,HIP 2021
6.550838932,-43.67983066,3.94,HIP 2072
6.57104752,-42.30598719,2.38,HIP 2081
6.590630311,-18.69363206,6.266,HIP 2086
6.655878177,-0.049521981,6.192,HIP 2100
6.811281521,-25.54717346,5.969,HIP 2159
6.879454505,16.02548345,6.432,HIP 2178
6.982074256,-33.00716597,4.81,HIP 2210
6.993609443,19.51403788,6.38,HIP 2213
7.012144839,17.89312705,5.06,HIP 2219
7.052928749,16.44506825,6.039,HIP 2224
7.056955605,44.39446929,5.173,HIP 2225
7.08789782,-20.33504926,6.44,HIP 2237
7.110505452,-39.91499922,5.415,HIP 2240
7.179693071,-50.53285701,6.265,HIP 2256
7.236095512,36.89969334,6.273,HIP 2270
7.466237534,-14.86410891,6.131,HIP 2337
7.509826749,-3.957327204,5.72,HIP 2353
7.530687977,29.7515578,5.214,HIP 2355
7.536188955,4.860110896,6.5,HIP 2358
7.583060093,59.97755263,5.94,HIP 2377
7.594396164,-23.7876815,5.19,HIP 2381
7.608596955,-48.21482097,5.664,HIP 2383
7.615938483,-40.93958447,6.172,HIP 2388
7.85408769,-48.80351425,4.77,HIP 2472
7.85512146,66.51961695,6.165,HIP 2474
7.856824417,33.58163658,5.878,HIP 2475
7.886116901,-62.95821746,4.289,HIP 2484
7.889259603,-62.96559275,4.514,HIP 2487
7.88945,-62.965564,4.488,HIP 2487
7.92148832,52.8395281,5.596,HIP 2497
7.9429675,54.5221944,5.63,HIP 2505
7.9429864,54.5223119,5.35,HIP 2505
8.099078919,6.955485366,5.679,HIP 2548
8.147853368,20.2943177,5.37,HIP 2568
8.182939061,-63.03150056,5.09,HIP 2578
8.204525378,28.2802409,6.33,HIP 2583
8.249966182,62.93178142,4.16,HIP 2599
8.293310386,54.89498601,5.922,HIP 2611
8.330273607,70.98185484,6.38,HIP 2628
8.347330131,-71.26624456,6.109,HIP 2629
8.42100578,-29.5582775,5.541,HIP 2661
8.43252768,-35.00207626,6.4,HIP 2663
8.603830496,66.75033827,6.473,HIP 2707
8.615964998,-52.37309152,5.57,HIP 2711
8.730680104,13.37113974,6.39,HIP 2734
8.81199867,-3.59284352,5.21,HIP 2762
8.886805856,-0.505610756,5.936,HIP 2787
8.888912389,-54.82187171,6.052,HIP 2789
8.921564452,-48.00090693,5.51,HIP 2802
9.013150622,-14.9730335,6.444,HIP 2846
9.028571357,-22.84233536,6.06,HIP 2852
9.034625815,54.16844991,5.076,HIP 2854
9.11393597,60.32621321,5.792,HIP 2876
9.156876048,-65.12444616,6.413,HIP 2889
9.193504439,44.48858894,5.129,HIP 2900
9.197129168,15.23171954,5.863,HIP 2903
9.22021384,33.71934342,4.36,HIP 2912
9.242852031,53.89691044,3.66,HIP 2920
9.279957358,24.01413917,6.16,HIP 2926
9.326027423,-54.39381885,6.403,HIP 2937
9.336175837,-24.7672573,6.2,HIP 2941
9.338415606,35.39950297,5.431,HIP 2942
9.377048295,3.135352277,6.407,HIP 2954
9.638947629,29.31175323,4.38,HIP 3031
9.703262912,-25.1078168,6.41,HIP 3056
9.791225378,49.35458829,5.419,HIP 3083
9.831679638,30.86098358,3.28,HIP 3092
9.840855803,21.25047581,5.88,HIP 3093
9.946875728,82.49376282,6.389,HIP 3132
9.96645883,-44.79629201,5.998,HIP 3137
9.981548238,21.43849668,5.428,HIP 3138
10.10695778,-59.45460182,5.9,HIP 3170
10.11909809,-16.5166617,6.49,HIP 3175
10.12684601,56.53732922,2.23,HIP 3179
10.1366416,-23.80492464,6.14,HIP 3185
10.17654837,-4.351840283,5.885,HIP 3193
10.27993575,39.45866375,5.33,HIP 3231
10.33154746,-46.08498136,4.59,HIP 3245
10.40015738,24.62901355,6.046,HIP 3269
10.44332208,-56.50131623,5.7,HIP 3277
10.51425258,66.14759331,5.821,HIP 3299
10.51621753,50.51253345,4.81,HIP 3300
10.61821618,-65.4680296,5.381,HIP 3330
10.62934337,58.75341372,6.171,HIP 3334
10.67479065,-60.26280656,5.98,HIP 3352
10.83837552,-57.4630635,4.361,HIP 3405
10.86695701,47.02454578,4.949,HIP 3414
10.89737874,-17.98660632,2.01,HIP 3419
10.95868937,-12.01182635,6.02,HIP 3436
11.04750038,-10.60955073,4.767,HIP 3455
11.05041264,-38.42168172,5.96,HIP 3456
11.10913146,47.86398413,5.648,HIP 3478
11.1813275,48.28436973,4.5,HIP 3504
11.18498385,-22.00613337,5.22,HIP 3505
11.23771903,-42.67655893,5.926,HIP 3521
11.24975745,-53.71489296,6.15,HIP 3527
11.32155688,55.2213975,5.41,HIP 3544
11.3505212,-4.629159691,6.16,HIP 3552
11.36953098,-12.88080877,6.15,HIP 3559
11.41281904,74.9880706,5.652,HIP 3572
11.42378067,-16.42421794,6.499,HIP 3576
11.43997054,-47.55198407,5.794,HIP 3583
11.54504995,44.86149994,6.024,HIP 3604
11.54898309,-22.52210294,5.5,HIP 3607
11.63729937,15.47550902,5.38,HIP 3632
11.67691036,59.57454096,6.41,HIP 3649
11.75606702,11.97385157,5.504,HIP 3675
11.80677648,19.57870598,6.101,HIP 3685
11.8346905,24.26717855,4.06,HIP 3693
11.84847402,6.740971526,5.961,HIP 3697
11.9300883,-18.06133799,5.693,HIP 3717
11.94189122,74.84756979,5.413,HIP 3721
12.00443752,-21.7225263,5.57,HIP 3741
12.03792801,72.67449667,5.855,HIP 3750
12.07254061,7.299930471,5.912,HIP 3760
12.09573323,5.280613746,5.74,HIP 3765
12.14757078,-74.92343528,5.083,HIP 3781
12.17060131,7.585081917,4.44,HIP 3786
12.2084229,50.96816513,4.891,HIP 3801
12.23636469,-46.69764537,6.277,HIP 3807
12.27622748,57.81517729,3.44,HIP 3821
12.30812591,-24.13666407,5.9,HIP 3834
12.35673719,-13.56127105,5.594,HIP 3849
12.38929498,-23.36214067,6.3,HIP 3858
12.45352635,41.07891089,4.53,HIP 3881
12.47030751,27.71080861,6.28,HIP 3885
12.47152676,27.71028818,6.29,HIP 3885
12.51570232,-43.39496732,6.476,HIP 3903
12.53162068,-10.64432885,5.19,HIP 3909
12.57610548,45.00225987,6.15,HIP 3919
12.67160982,-50.98681728,5.225,HIP 3949
12.68165727,64.24756932,5.362,HIP 3951
12.7391482,51.50803443,6.36,HIP 3965
12.81826322,61.80549444,6.18,HIP 3988
12.82634991,3.385024903,6.368,HIP 3992
12.8907945,51.57142447,6.22,HIP 4023
13.10216416,-69.50376128,6.22,HIP 4084
13.16926912,-24.00584309,5.48,HIP 4104
13.25205925,-1.144259783,4.76,HIP 4147
13.26748518,61.12397202,4.8,HIP 4151
13.36759512,37.41820327,6.057,HIP 4185
13.4078239,-62.87135987,5.748,HIP 4200
13.44833213,52.68929443,6.31,HIP 4212
13.5733033,-8.740663899,6.161,HIP 4257
13.64676071,19.18842217,5.79,HIP 4267
13.64678952,19.18840437,6.13,HIP 4267
13.72141693,83.70740982,5.59,HIP 4283
13.74188453,23.62849729,6.43,HIP 4288
13.74210682,23.62831351,6,HIP 4288
13.74210869,23.62832774,5.45,HIP 4288
13.75064876,58.97269921,4.82,HIP 4292
13.7512962,-69.52708464,5.454,HIP 4293
13.77168476,48.67852253,6.31,HIP 4298
13.81113867,24.55706414,6.24,HIP 4317
13.92666733,-7.34714872,5.85,HIP 4346
13.98140508,-27.77583956,6.13,HIP 4363
13.99379058,27.20938196,6.1,HIP 4366
14.00620662,-11.26652605,5.326,HIP 4371
14.03799938,13.95195876,6.44,HIP 4382
14.05405012,57.99655836,6.19,HIP 4383
14.16627144,59.18105702,4.622,HIP 4422
14.17721289,60.71674002,2.39,HIP 4427
14.18837115,38.49933427,3.87,HIP 4436
14.19571524,60.36283867,5.566,HIP 4440
14.22971961,68.77563793,6.386,HIP 4446
14.30166783,23.41765002,4.42,HIP 4463
14.33169425,61.42189477,6.437,HIP 4475
14.41518723,45.8393801,6.086,HIP 4501
14.45896739,28.99221399,5.438,HIP 4510
14.47712866,13.69586191,6.283,HIP 4520
14.55924556,33.95088447,5.98,HIP 4552
14.57871272,21.4044944,6.46,HIP 4558
14.59262314,-60.69623852,6.235,HIP 4563
14.62942495,66.35179378,5.97,HIP 4572
14.65149694,-29.35745339,4.27,HIP 4577
14.68278355,-11.37997519,5.614,HIP 4587
14.95702965,6.483226131,6.14,HIP 4655
15.01482355,44.71324752,6.05,HIP 4675
15.12918227,70.98299033,6.4,HIP 4709
15.32614752,-38.91652842,5.582,HIP 4770
15.36268611,49.54422114,6.48,HIP 4786
15.41101888,-16.26557175,6.47,HIP 4801
15.50758508,-57.00238736,6.1,HIP 4829
15.57695715,51.03494746,6.49,HIP 4844
15.61012941,-31.55201383,5.501,HIP 4852
15.67877897,-65.45610155,6.275,HIP 4879
15.70456995,31.80426168,5.5,HIP 4889
15.70495705,-46.39730927,5.387,HIP 4890
15.72606128,41.34521355,5.932,HIP 4903
15.73586826,7.890133181,4.28,HIP 4906
15.76057063,-4.836599219,5.408,HIP 4914
15.82372444,-29.52584649,6.283,HIP 4932
15.90418082,61.0748226,6,HIP 4962
15.95428421,1.366847257,6.065,HIP 4979
16.00996052,52.50216184,5.977,HIP 4998
16.08104619,61.58018395,5.833,HIP 5021
16.115102,29.65878665,6.202,HIP 5034
16.13572745,-33.532865,6.46,HIP 5042
16.21932464,5.656264734,6.007,HIP 5074
16.2723164,14.94613496,5.631,HIP 5081
16.40367813,-9.979322742,6.088,HIP 5121
16.42060054,21.4731919,5.273,HIP 5131
16.42379629,21.46544778,5.455,HIP 5132
16.52099799,-46.71841069,3.3,HIP 5165
16.52103212,-46.718404,4.09,HIP 5165
16.52123031,-46.71849869,4,HIP 5165
16.52145268,-9.83935521,5.565,HIP 5164
16.53214248,-23.99248441,6.114,HIP 5170
16.54667081,32.1814886,6.26,HIP 5175
16.64011065,12.95603738,6.144,HIP 5204
16.75072711,56.93497185,6.401,HIP 5240
16.78940997,53.49818484,6.29,HIP 5251
16.803851,-23.99633496,6.353,HIP 5259
16.82776801,-61.77528842,5.342,HIP 5268
16.94253648,-9.785550681,5.705,HIP 5296
16.94926387,-41.48684314,5.207,HIP 5300
16.98818325,20.73906955,5.563,HIP 5310
17.06792894,54.92015589,5.17,HIP 5336
17.09255598,5.649850695,5.501,HIP 5346
17.0961691,-55.24576,4.014,HIP 5348
17.13944276,58.26345139,5.767,HIP 5361
17.14746389,-10.18226443,3.45,HIP 5364
17.18699431,86.25709067,4.225,HIP 5372
17.30077449,80.01158159,6.23,HIP 5412
17.3755086,47.24179659,4.294,HIP 5434
17.3755234,47.24179429,4.25,HIP 5434
17.3756358,47.24172966,5.62,HIP 5434
17.43301617,35.62055765,2.05,HIP 5447
17.45500374,19.65840691,5.562,HIP 5454
17.53072084,-57.69438958,6.418,HIP 5477
17.54767349,15.67391059,6.043,HIP 5483
17.54977388,-8.906134656,6.394,HIP 5485
17.57808504,42.081475,5.665,HIP 5493
17.5810423,25.45776216,5.797,HIP 5494
17.63980434,2.44567434,5.942,HIP 5510
17.66384336,68.77862268,5.309,HIP 5518
17.77567539,55.14989972,4.33,HIP 5542
17.77818049,31.42472935,5.152,HIP 5544
17.79282142,37.72412445,5.786,HIP 5550
17.85654613,64.20267788,5.548,HIP 5566
17.86341123,21.03464917,4.658,HIP 5571
17.87071873,10.29190763,6.493,HIP 5575
17.91507153,30.08963793,4.511,HIP 5586
17.92251006,65.01885383,5.564,HIP 5589
17.9312839,-2.251078022,5.918,HIP 5594
18.07006799,79.67396377,5.6,HIP 5626
18.14201197,45.3375294,6.11,HIP 5650
18.189302,-37.85647767,5.934,HIP 5661
18.24781097,30.06422783,6.23,HIP 5679
18.43285834,7.575359937,5.19,HIP 5737
18.43727524,24.58369762,4.66,HIP 5742
18.43856123,7.57824453,6.1,HIP 5743
18.5204381,28.52956902,6.347,HIP 5772
18.53178401,16.13347624,5.962,HIP 5778
18.60016957,-7.922825824,5.13,HIP 5799
18.67663317,6.995138177,6.022,HIP 5824
18.70488542,-0.973794436,5.69,HIP 5833
18.79633928,-45.53166461,4.96,HIP 5862
18.94203793,-68.87594481,4.95,HIP 5896
19.04959132,71.74384036,5.86,HIP 5926
19.05503801,87.14549672,6.188,HIP 5928
19.07884266,33.11471922,6.026,HIP 5936
19.1286699,79.91001823,6.261,HIP 5947
19.15119977,-2.500369062,5.428,HIP 5951
19.26565794,-66.39785519,6.24,HIP 5992
19.27110243,44.90199206,6.11,HIP 5993
19.35046653,31.74461861,6.36,HIP 6025
19.44981856,3.614469093,5.137,HIP 6061
19.54228507,47.41970597,6.246,HIP 6087
19.69587388,37.38627873,6.497,HIP 6140
19.86664022,27.26405866,4.748,HIP 6193
19.95123289,-0.50903151,5.87,HIP 6226
19.95123488,-0.509025974,6.45,HIP 6226
20.02048528,58.23161323,4.98,HIP 6242
20.08082529,77.57068563,6.318,HIP 6261
20.11586633,-11.23899664,6.147,HIP 6272
20.14405003,-3.246991535,6.246,HIP 6283
20.27194279,64.6581319,6.322,HIP 6312
20.2807209,28.7382072,5.223,HIP 6315
20.49626154,76.23880807,6.38,HIP 6378
20.58508365,45.52877674,4.868,HIP 6411
20.62700454,-19.08120634,6.487,HIP 6427
20.65397246,1.726332844,6.201,HIP 6432
20.83924878,58.14299409,6.35,HIP 6486
20.85395388,20.46896843,5.971,HIP 6492
20.87899119,-30.94561643,5.819,HIP 6502
20.90613023,34.24586521,6.28,HIP 6512
20.91923451,37.71494427,5.587,HIP 6514
20.94500702,78.72605786,6.064,HIP 6522
21.00584701,-8.183260897,3.59,HIP 6537
21.01057835,-8.007414644,6.21,HIP 6539
21.08542557,-6.914659298,5.92,HIP 6564
21.16639738,-15.66046568,6.183,HIP 6589
21.16994389,-41.49254564,5.417,HIP 6592
21.17464248,-44.52857653,6.247,HIP 6595
21.20283755,-2.848589819,6.164,HIP 6605
21.27211074,-64.36947606,5.9,HIP 6631
21.39865423,23.51151669,6.187,HIP 6669
21.40516435,-14.59878516,4.907,HIP 6670
21.44304697,70.97989908,6.36,HIP 6685
21.45396446,60.23528403,2.68,HIP 6686
21.46818786,-3.927389489,6.5,HIP 6687
21.48342997,68.1300138,4.727,HIP 6692
21.53660987,34.57970327,6.34,HIP 6702
21.56359332,19.17234739,5.344,HIP 6706
21.57785955,43.45774165,5.978,HIP 6711
21.59832221,20.07080687,6.439,HIP 6714
21.6139455,-0.399032285,6.426,HIP 6717
21.67366314,19.24042391,5.495,HIP 6732
21.7148532,-13.0565111,5.505,HIP 6748
21.74205799,-32.54317757,5.72,HIP 6759
21.84712534,-22.33823201,6.41,HIP 6789
21.86113703,41.10116051,6.425,HIP 6794
21.91408631,45.40668476,4.83,HIP 6813
21.9439268,-10.90158186,6.21,HIP 6822
22.09136952,-43.31823474,3.42,HIP 6867
22.09548234,7.96135526,6.214,HIP 6868
22.37724497,-46.75642131,6.28,HIP 6952
22.40056538,-21.6293361,5.104,HIP 6960
22.42840317,-25.61775563,6.37,HIP 6971
22.47026128,18.35566873,6.023,HIP 6981
22.52542296,47.00727253,5.261,HIP 6999
22.54631261,6.143821712,4.84,HIP 7007
22.59543738,-26.20785163,5.926,HIP 7016
22.71716567,66.09808844,6.137,HIP 7050
22.81293373,-49.07270281,3.935,HIP 7083
22.87086745,15.34583184,3.62,HIP 7097
22.91252524,-45.57571458,6.17,HIP 7115
22.93022665,-30.2830979,5.788,HIP 7118
23.0315746,34.79996322,6.373,HIP 7147
23.1515297,-49.72771379,6.26,HIP 7189
23.23351866,-36.86523481,5.493,HIP 7213
23.32615808,8.20873647,6.33,HIP 7243
23.35711493,58.32734699,5.709,HIP 7251
23.41321286,-78.50481979,6.103,HIP 7271
23.42848216,-7.025344112,5.76,HIP 7276
23.46129206,89.01563836,6.47,HIP 7283
23.48283949,59.23205391,4.681,HIP 7294
23.5692499,37.23716473,5.91,HIP 7321
23.65741116,-15.67636074,5.607,HIP 7345
23.70443835,18.46051162,5.903,HIP 7359
23.71159966,-31.89231568,6.11,HIP 7361
23.71382703,-3.523886306,6.43,HIP 7362
23.71488198,-23.69968144,6.4,HIP 7363
23.81259639,-58.13947441,6.01,HIP 7387
23.94350972,14.66142146,6.219,HIP 7436
23.96069282,-39.94712375,6.43,HIP 7443
23.96906552,41.07641872,6.386,HIP 7444
23.99570722,-15.40018228,5.402,HIP 7450
24.03544563,-29.90730307,5.93,HIP 7463
24.11333578,48.7227779,6.22,HIP 7493
24.18135909,7.83152809,6.42,HIP 7505
24.18662181,-58.270985,6.205,HIP 7506
24.19933977,41.40545871,4.1,HIP 7513
24.27469244,12.14178295,5.535,HIP 7535
24.36681872,-84.76961693,5.667,HIP 7568
24.40710927,-9.403822082,6.24,HIP 7580
24.42852283,-57.23675281,0.46,HIP 7588
24.4669521,-3.440678756,6.44,HIP 7597
24.48148621,-82.97499629,5.87,HIP 7601
24.49815843,48.62821196,3.57,HIP 7607
24.53152709,57.97763203,5.536,HIP 7617
24.61451626,-36.52825019,5.939,HIP 7643
24.6288246,73.04003822,5.281,HIP 7650
24.63260634,45.39970435,6.38,HIP 7651
24.71578563,-21.27538486,5.58,HIP 7679
24.83745239,44.38617498,5.008,HIP 7719
24.92007644,16.40585514,5.979,HIP 7740
24.9481863,-56.19644811,5.797,HIP 7751
24.94921957,-56.19331786,5.685,HIP 7751
25.05458717,53.86827764,6.37,HIP 7786
25.14506744,40.57703881,4.94,HIP 7818
25.14555366,8.760788639,6.345,HIP 7819
25.16523941,43.29767009,5.629,HIP 7825
25.32656543,25.74571268,6.202,HIP 7874
25.339467,-79.148206,6.46,HIP 7879
25.35789226,5.487611635,4.44,HIP 7884
25.36383991,-38.13282666,6.183,HIP 7886
25.41348608,30.04712008,5.961,HIP 7906
25.44636189,42.61339488,4.96,HIP 7918
25.44986701,-60.78933743,5.692,HIP 7921
25.51247424,-36.83230375,5.698,HIP 7941
25.51454018,35.24570525,5.64,HIP 7943
25.53595557,-32.32698755,5.256,HIP 7955
25.57375596,58.62773669,6.348,HIP 7963
25.58552893,68.04302514,5.59,HIP 7965
25.62214382,-53.74083096,5.52,HIP 7978
25.62401052,20.26851268,5.24,HIP 7981
25.68129814,-3.690199539,4.982,HIP 7999
25.73276365,70.62252558,5.174,HIP 8016
25.74300107,61.42107332,6.323,HIP 8020
25.81876638,45.32264919,6.32,HIP 8044
25.83231946,60.55133248,5.76,HIP 8046
25.9151582,50.68873142,4.06,HIP 8068
25.95892848,32.19201634,6.3,HIP 8086
25.97831704,-4.765514327,6.19,HIP 8094
26.01701307,-15.93747989,3.5,HIP 8102
26.11052776,46.13969242,6.31,HIP 8127
26.19238033,57.08923239,6.24,HIP 8148
26.23260631,20.08314914,6.279,HIP 8159
26.3484384,9.157750733,4.26,HIP 8198
26.41148801,-25.05261174,5.31,HIP 8209
26.41152939,-25.05261468,5.34,HIP 8209
26.4272181,8.559249462,6.43,HIP 8210
26.49691601,-5.73329954,5.34,HIP 8230
26.50440853,-27.34883114,6.385,HIP 8233
26.52485575,-50.81625447,5.49,HIP 8240
26.52609583,-53.5220357,5.033,HIP 8241
26.81959746,-41.75992372,6.165,HIP 8320
26.93681015,63.85250306,5.63,HIP 8362
26.94352856,-80.17630878,6.04,HIP 8366
26.94903522,-37.15948384,6.32,HIP 8369
26.95006028,46.22974887,6.317,HIP 8370
27.04551537,16.95551597,5.841,HIP 8387
27.10841423,3.685449663,5.904,HIP 8404
27.16218821,37.95287025,5.929,HIP 8423
27.31471241,47.89691658,6.46,HIP 8475
27.33092044,-31.07246155,6.348,HIP 8480
27.39626153,-10.68640861,4.68,HIP 8497
27.45358831,-38.40282898,6.37,HIP 8514
27.53570767,22.2753361,5.86,HIP 8544
27.53571255,22.27533611,6.2,HIP 8544
27.58409001,-47.81639065,6.14,HIP 8552
27.71655254,11.04337833,5.922,HIP 8588
27.72681339,-50.20613681,5.929,HIP 8593
27.73803387,51.9334177,5.951,HIP 8598
27.8598178,-39.83593564,6.43,HIP 8641
27.86513062,-10.33503107,3.72,HIP 8645
27.90750062,-6.874139525,6.41,HIP 8664
27.94207872,-15.64748073,6.45,HIP 8688
27.99716702,55.14738436,5.52,HIP 8704
28.03905129,50.79279281,5.689,HIP 8714
28.21135598,51.47483665,6.3,HIP 8771
28.21713686,-16.92925063,5.782,HIP 8778
28.27043924,29.57881867,3.42,HIP 8796
28.32226803,40.72979042,5.394,HIP 8814
28.34655254,-38.59463166,6.086,HIP 8820
28.38255387,19.29385555,4.52,HIP 8832
28.38258001,19.295953,4.589,HIP 8832
28.38890413,3.187532506,4.604,HIP 8833
28.4114138,-46.30266927,4.41,HIP 8837
28.45214391,55.59763847,6.437,HIP 8847
28.59179965,-42.49692837,5.109,HIP 8882
28.59889203,63.67010007,3.37,HIP 8886
28.66004579,20.80803147,2.65,HIP 8903
28.72408436,40.70199775,6.248,HIP 8922
28.73388102,-67.64730317,4.685,HIP 8928
28.74025495,37.12829634,6.267,HIP 8930
28.94367509,-60.86097414,6.058,HIP 8983
28.96062078,-78.34854617,6.146,HIP 8991
28.96266019,23.57731542,5.749,HIP 8993
28.97700293,37.27779046,5.867,HIP 9001
28.98941569,-51.60887759,3.71,HIP 9007
29.00011792,68.68523998,4.968,HIP 9009
29.03920243,-49.83644501,6.36,HIP 9022
29.16751092,-22.52678469,4.85,HIP 9061
29.24993643,-51.76624585,6.1,HIP 9085
29.29003093,-10.2424257,6.42,HIP 9094
29.29199839,-47.38527976,4.834,HIP 9095
29.33773985,17.81755601,5.105,HIP 9110
29.43226737,27.8043772,5.85,HIP 9132
29.47218492,-65.42467714,6.357,HIP 9149
29.48215309,23.59606278,4.766,HIP 9153
29.49681501,47.09552226,6.45,HIP 9163
29.611167,-33.06679354,6.374,HIP 9207
29.63847981,61.69779032,6.004,HIP 9220
29.63960818,49.20435293,5.702,HIP 9222
29.6916561,-11.3009559,6.46,HIP 9237
29.6922441,-61.56982215,2.84,HIP 9236
29.8578476,12.29488031,6.076,HIP 9295
29.89868147,21.05856884,5.892,HIP 9307
29.90849025,64.62160004,5.278,HIP 9312
29.91172943,-42.03053236,5.563,HIP 9313
29.9213651,-66.06655865,6.078,HIP 9318
29.94250001,-20.82453857,5.429,HIP 9326
30.0012853,-21.07783167,4.02,HIP 9347
30.11176106,-8.523873627,5.51,HIP 9372
30.31134528,-30.00183035,5.35,HIP 9440
30.3224417,-2.97763889,6.47,HIP 10826
30.42656812,-44.71350732,5.14,HIP 9459
30.48932001,70.90706451,4.63,HIP 9480
30.4895513,70.90696692,4.54,HIP 9480
30.51125939,2.763811289,5.135,HIP 9487
30.51175823,2.763771961,4.11,HIP 9487
30.57545169,54.48754032,5.04,HIP 9505
30.61776882,-29.66564283,6.41,HIP 9521
30.64615421,13.4767209,5.94,HIP 9533
30.7155653,-23.88662853,6.29,HIP 9562
30.71864958,64.90146401,5.986,HIP 9564
30.73762718,77.91626249,6.046,HIP 9568
30.74148262,33.2841341,5.516,HIP 9570
30.74404005,-15.30593017,5.864,HIP 9572
30.75078172,64.39001802,5.614,HIP 9573
30.79354274,73.85056958,6.15,HIP 9586
30.79854295,0.128508177,5.423,HIP 9589
30.85878517,72.42129412,3.938,HIP 9598
30.91393728,25.93547353,5.765,HIP 9621
30.91393946,25.93547582,5.694,HIP 9621
30.91870393,-4.103514918,5.609,HIP 9622
30.92754381,18.25325535,6.214,HIP 9627
30.95068158,-0.340242734,5.942,HIP 9631
30.97480121,42.32972842,2.1,HIP 9640
30.97815845,42.33091142,5.82,HIP 9640B
31.05194031,-11.85976547,6.43,HIP 9655
31.12268982,-29.2968047,4.69,HIP 9677
31.14652013,-54.88167467,6.45,HIP 9685
31.21254263,7.735661192,6.43,HIP 9706
31.28093428,77.28134006,5.268,HIP 9727
31.38145888,76.11506012,5.22,HIP 9763
31.55109709,8.248111151,6.303,HIP 9809
31.62212226,0.035343811,6.295,HIP 9827
31.64135405,22.64831878,5.019,HIP 9836
31.70514541,25.7045563,6.02,HIP 9859
31.71687277,-19.1388711,6.39,HIP 9862
31.7933571,23.46241755,2.01,HIP 9884
32.02368666,-41.88042037,6.5,HIP 9951
32.12192132,37.85908513,4.82,HIP 9977
32.13983204,44.45942964,6.38,HIP 9983
32.16907957,58.42360298,5.68,HIP 9990
32.19025266,-17.77915663,6.056,HIP 9999
32.28871818,-43.51659524,5.83,HIP 10035
32.35545605,81.2959438,6.06,HIP 10054
32.35552077,25.93983787,4.977,HIP 10053
32.38594634,34.98729706,3,HIP 10064
32.39500622,-24.34578569,6.47,HIP 10069
32.45195585,-40.86649789,6.49,HIP 10096
32.52004558,-43.81557462,6.322,HIP 10111
32.53229389,53.84309208,6.303,HIP 10115
32.60799238,-50.82374033,6.117,HIP 10138
32.6566537,19.5003367,5.688,HIP 10155
32.72010202,39.03954272,6.07,HIP 10176
32.72356918,39.04330951,6.1,HIP 10180
32.8002286,25.93694226,5.999,HIP 10203
32.83782816,8.569807186,5.623,HIP 10212
32.84260903,-10.05216091,5.999,HIP 10215
32.85426234,31.52639494,6.23,HIP 10220
32.87163926,57.64554574,6.35,HIP 10227
32.88959605,-17.74299108,6.49,HIP 10233
32.89931237,-1.825426923,5.933,HIP 10234
33.06570232,2.745552946,6.49,HIP 10273
33.09283205,30.30307033,5.162,HIP 10280A
33.09283344,30.30306751,4.952,HIP 10280
33.15641593,24.16778082,5.95,HIP 10296
33.19808895,-2.393629618,5.66,HIP 10305
33.20795131,79.69153776,6.445,HIP 10309
33.22695832,-30.72382604,5.26,HIP 10320
33.25000133,8.846702351,4.35,HIP 10324
33.25411475,-21.00013472,5.867,HIP 10326
33.26376742,15.27986308,5.7,HIP 10328
33.30550916,44.23164665,4.826,HIP 10340
33.33810854,74.0277206,6.261,HIP 10350
33.38962934,53.05858935,6.46,HIP 10361
33.4233771,58.56058536,6.43,HIP 10379
33.4731439,-9.064631703,6.42,HIP 10396
33.56058677,-67.84144017,5.559,HIP 10418
33.62120232,66.52444007,6.07,HIP 10438
33.63310421,-41.16676285,5.907,HIP 10440
33.8692739,-67.74636332,5.658,HIP 10513
33.92823592,25.0430452,5.58,HIP 10535
33.98453168,33.35889784,5.249,HIP 10559
33.99055431,47.81193967,6.36,HIP 10562
34.12744205,-51.51216516,3.57,HIP 10602
34.18990936,83.56141115,6.45,HIP 10623
34.21548437,57.05524504,6.48,HIP 10633
34.24601431,-6.422117061,5.499,HIP 10642
34.32861364,33.84719682,4,HIP 10670
34.49953011,57.89982132,5.748,HIP 10718
34.50601382,1.75781208,5.59,HIP 10723
34.51910235,57.51632206,6.023,HIP 10729
34.53137755,19.90115761,5.572,HIP 10732
34.73747311,28.64267562,5.291,HIP 10793
34.74140523,23.16779984,6.441,HIP 10795
34.74376992,-25.94568716,6.34,HIP 10798
34.79510152,46.47226141,6.22,HIP 10814
34.8199872,47.3799759,5.31,HIP 10819
34.84449055,48.95546055,6.41,HIP 10830
34.85319609,-41.84836841,6.37,HIP 10832
34.91990368,-4.345571475,6.491,HIP 10854
34.97613144,-55.94479699,5.794,HIP 10871
35.01857968,30.18808825,6.49,HIP 10884
35.172983,47.31080149,6.154,HIP 10924
35.24250643,50.1514959,5.59,HIP 10944
35.43725986,-68.65941859,4.09,HIP 11001
35.48098109,57.24291667,6.48,HIP 11020
35.4859485,0.395672388,5.287,HIP 11021
35.50638209,-10.77753545,5.421,HIP 11029
35.52076071,-17.66217087,5.868,HIP 11033
35.54895325,-43.19980949,6.298,HIP 11043
35.55164785,-0.88485376,5.421,HIP 11046
35.58930963,55.84565288,5.17,HIP 11060
35.63579362,-23.81679996,5.198,HIP 11072
35.70959758,41.39629376,5.795,HIP 11090
35.7179554,-73.64579243,5.987,HIP 11095
35.72781278,-51.09212771,5.898,HIP 11102
35.74011593,-18.35498325,6.228,HIP 11108
35.77749006,-37.5761417,6.496,HIP 11121
35.96560154,55.36486185,6.291,HIP 11174
36.08381818,-25.84746151,6.429,HIP 11212
36.10381664,50.00654333,5.19,HIP 11220
36.14117853,-40.84045782,6.18,HIP 11231
36.20440681,10.61055865,5.478,HIP 11249
36.22462492,-60.31194806,5.355,HIP 11258
36.24328692,-2.78002824,6.335,HIP 11261
36.31678477,56.60982067,6.26,HIP 11279
36.36022522,-66.49402648,6.44,HIP 11293
36.40592907,50.2786287,4.71,HIP 11313
36.48752436,-12.29047431,4.866,HIP 11345
36.50144984,-15.34124867,5.83,HIP 11348
36.64673852,-20.04261697,5.881,HIP 11381
36.74634213,-47.70384066,4.25,HIP 11407
36.7801581,27.01239366,6.108,HIP 11415
36.86571326,31.80127935,5.552,HIP 11432
36.965742,50.56997413,6.156,HIP 11465
37.00709666,-33.81103954,5.123,HIP 11477
37.01827301,-64.29976788,6.349,HIP 11479
37.03982108,8.460060225,4.3,HIP 11484
37.04158279,29.66932931,5.29,HIP 11486
37.14763783,-31.10244792,6.105,HIP 11524
37.20206036,29.93175793,5.901,HIP 11548
37.26632087,67.4023867,4.61,HIP 11569
37.30700931,23.46902538,6.19,HIP 11578
37.39732606,9.565627609,6.111,HIP 11603
37.56919457,33.83372204,6.252,HIP 11651
37.63480554,25.23502857,5.879,HIP 11670
37.63664013,-22.54531836,6.148,HIP 11671
37.66007139,19.85530336,6.13,HIP 11678
37.68834685,0.255751883,5.99,HIP 11687
37.72665801,17.70385856,6.225,HIP 11698
37.87539755,2.26718292,5.269,HIP 11738
37.91884606,-79.10941608,5.275,HIP 11757
37.95456067,89.26410897,2.02,HIP 11767
38.02161583,-15.24490377,4.75,HIP 11783
38.02570738,36.14727258,5.144,HIP 11784
38.03926004,-1.034893492,5.358,HIP 11791
38.06149592,-36.42728703,6.276,HIP 11802
38.21924858,34.54238374,5.826,HIP 11840
38.22559126,15.03453558,5.988,HIP 11843
38.2792746,-34.64996722,5.889,HIP 11867
38.41759765,-20.00192063,6.189,HIP 11907
38.46125624,-28.23233766,4.96,HIP 11918
38.47751707,-51.09354856,6.242,HIP 11925
38.67759852,-7.85944517,5.731,HIP 12002
38.76722399,7.470989871,6.163,HIP 12022
38.86625541,39.66437953,6.345,HIP 12057
38.91142118,37.31225909,5.71,HIP 12072
38.94508859,34.68754992,5.374,HIP 12086
38.96864187,5.59324,4.871,HIP 12093
39.0001994,-7.831596055,5.535,HIP 12107
39.03860331,-30.04497833,5.729,HIP 12122
39.1461249,7.730027913,5.811,HIP 12148
39.15799555,12.44763177,5.64,HIP 12153
39.17929989,31.6076669,6.075,HIP 12160
39.24419896,-34.57797535,5.79,HIP 12186
39.25218113,24.64721958,6.48,HIP 12189
39.27737243,32.8910897,6.226,HIP 12200
39.35145262,-52.5431089,5.293,HIP 12225
39.4002878,65.74533597,5.781,HIP 12239
39.42417534,-3.396173869,5.647,HIP 12247
39.50312774,7.695278395,6.39,HIP 12272
39.50847155,72.81825294,5.166,HIP 12273
39.57429487,37.72671334,6.191,HIP 12287
39.57775574,-30.19406407,5.829,HIP 12288
39.60348012,-37.99054526,6.483,HIP 12300
39.61648216,38.08914175,6.287,HIP 12305
39.65333879,3.443199306,6.24,HIP 12318 
39.65334523,3.443201719,6.237,HIP 12318
39.7041352,21.96140205,5.451,HIP 12332
39.87065353,0.328508665,4.07,HIP 12387
39.89082255,-11.87209768,4.87,HIP 12390
39.8973402,-68.26694668,4.096,HIP 12394
39.94989709,-42.89181086,4.75,HIP 12413
40.05175421,-9.452870925,5.79,HIP 12444
40.06538246,6.111950057,6.26,HIP 12447
40.16505561,-54.54991192,5.21,HIP 12484
40.16681187,-39.85537653,4.116,HIP 12486
40.17115013,27.06094355,5.296,HIP 12489
40.30832166,-0.69566235,5.71,HIP 12530
40.30833044,-0.695651531,5.77,HIP 12530
40.39214425,-14.54930697,5.974,HIP 12562
40.4513635,-3.213803186,6.049,HIP 12584
40.52753029,-38.383687,5.988,HIP 12608
40.53518244,-46.52444145,6.094,HIP 12611
40.56214403,40.19395048,4.92,HIP 12623
40.59139915,20.0114655,5.74,HIP 12640
40.6205712,10.74172895,6.31,HIP 12647
40.63944445,-50.80029309,5.4,HIP 12653
40.74801346,53.52610733,5.835,HIP 12686
40.75773688,48.26524406,6.28,HIP 12690
40.76182511,55.10601839,5.753,HIP 12692
40.8248836,3.2364731,6.12,HIP 12706
40.8251629,3.23581638,3.47,HIP 12706
40.82517159,3.235824146,3.54,HIP 12706
40.83431235,-40.5279088,6.36,HIP 12708
40.86089548,-66.71422941,6.46,HIP 12717
40.86297616,27.70714941,4.67,HIP 12719
40.87048747,-2.531424971,6.48,HIP 12720
40.96351494,25.63834723,6.39,HIP 12744
41.02150012,44.29703928,5.435,HIP 12768
41.03061566,-13.85868872,4.236,HIP 12770
41.04405015,-52.57059685,6.151,HIP 12775
41.04994423,49.22844852,4.11,HIP 12777
41.07963687,17.76392663,6.398,HIP 12784
41.08557231,-32.5247161,6.204,HIP 12786
41.13738311,15.31185987,5.777,HIP 12803
41.20707097,67.8246312,5.945,HIP 12821
41.23557227,10.11414493,4.26,HIP 12828
41.23992264,12.44575607,5.17,HIP 12832
41.27582834,-18.57262283,4.46,HIP 12843
41.33711066,4.711631909,6.031,HIP 12862
41.36448967,-63.70455346,5.743,HIP 12871
41.38597654,-67.61661676,4.82,HIP 12876
41.68793418,-21.63952194,6.469,HIP 12964
41.74301039,35.98352064,6.25,HIP 12982
41.76489568,35.55468518,6.38,HIP 12990
41.76489593,35.55467485,6.25,HIP 12990
41.79627954,-22.48576294,6.461,HIP 13008
41.87981088,44.27219931,6.47,HIP 13036
41.94885733,81.44847382,5.781,HIP 13055
41.97725865,29.24711827,4.51,HIP 13061
42.13370183,18.28379133,5.83,HIP 13108
42.19126357,25.18805223,5.89,HIP 13121
42.23129265,69.63428931,6.26,HIP 13133
42.25619706,-62.80652195,5.253,HIP 13141
42.27257877,-32.40589778,4.46,HIP 13147
42.32316615,17.46431264,5.34,HIP 13165
42.36213077,37.3264108,6.448,HIP 13176
42.37807054,57.08431901,6.26,HIP 13178
42.46234063,-24.56031169,6.146,HIP 13197
42.47576099,-27.94198319,5.377,HIP 13202
42.49597184,27.26050723,3.594,HIP 13209
42.5615986,-35.84361756,5.92,HIP 13225
42.61858165,-75.06694826,4.742,HIP 13244
42.64704656,36.94832731,6.44,HIP 13257
42.6683616,-35.67584997,5.472,HIP 13265
42.67420822,55.89549437,3.79,HIP 13268
42.69919408,-39.93222435,6.362,HIP 13271
42.72011523,35.39390055,6.49,HIP 13275
42.7596963,-21.00401153,4.77,HIP 13288
42.87327686,15.08206763,5.516,HIP 13327
42.87848894,35.0597397,4.53,HIP 13328
42.92387471,46.84194176,5.859,HIP 13339
42.94116661,58.31429395,6.443,HIP 13347
42.98435911,-30.81451731,6.382,HIP 13363
42.99479663,68.88850192,5.8,HIP 13367
43.07926835,-62.90959126,6.019,HIP 13387
43.13386744,-12.76971335,6.05,HIP 13402
43.21141202,-9.441234256,6.325,HIP 13421
43.22766313,-65.4552902,6.46,HIP 13429
43.2987294,16.48346015,6.3,HIP 13448
43.33779444,48.56995803,6.21,HIP 13462
43.39332032,-38.43700126,5.926,HIP 13473
43.39717638,-22.37631157,5.931,HIP 13479
43.41871055,64.4519839,6.408,HIP 13487
43.42757117,38.3374589,5.343,HIP 13490
43.52695772,-50.87140168,6.198,HIP 13518
43.5644905,52.76246743,3.96,HIP 13531
43.952075,18.3316397,5.93,HIP 13654
43.98717017,61.52113736,5.584,HIP 13665
44.05736351,8.381562193,5.963,HIP 13679
44.10271012,64.3324432,6.167,HIP 13700
44.10687185,-8.898143472,3.87,HIP 13701
44.10904886,18.02324033,5.58,HIP 13702
44.13875558,47.16400497,6.03,HIP 13713
44.15593391,-3.712321926,5.16,HIP 13717
44.21107819,51.2612852,6.21,HIP 13732
44.26905579,4.501025276,6.21,HIP 13756
44.3037568,-29.85527558,6.281,HIP 13768
44.32200717,31.93422042,5.093,HIP 13775
44.34902728,-23.86216557,5.45,HIP 13782
44.38594567,-38.1909231,6.411,HIP 13789
44.50969789,38.61492637,6.028,HIP 13832
44.52388742,-23.60601043,5.809,HIP 13835
44.55228728,-12.00582342,6.5,HIP 13843
44.56531816,-40.30467764,3.18,HIP 13847
44.56834883,-40.3046962,4.11,HIP 13847
44.67531458,-2.78289707,5.23,HIP 13874
44.69029234,39.66272655,4.7,HIP 13879
44.69709049,-9.776499613,6.15,HIP 13883
44.6991516,-64.07128717,4.969,HIP 13884
44.76532018,35.1831309,4.93,HIP 13905
44.77706034,-28.90721023,6.131,HIP 13907
44.80282616,21.34007278,5.57,HIP 13914
44.80302232,21.34043264,4.63,HIP 13914
44.80302418,21.34042738,5.16,HIP 13914
44.90076105,-25.27413338,5.686,HIP 13942
44.90960401,-32.50719855,6.302,HIP 13947
44.91616093,41.03294037,5.877,HIP 13949
44.921501,-2.464956148,5.55,HIP 13951
44.92871891,8.907385888,4.7,HIP 13954
44.95745714,47.22071311,5.485,HIP 13965
45.04952545,38.13172152,6.11,HIP 13997
45.18392093,10.87039176,5.931,HIP 14036
45.21200054,-2.878621723,6.13,HIP 14040
45.21754594,52.35173559,5.219,HIP 14043
45.29177545,-7.663009111,5.75,HIP 14060
45.40678699,-28.09149272,5.85,HIP 14086
45.46789864,5.336148521,6.243,HIP 14104
45.47558853,26.46235404,5.909,HIP 14109
45.48382952,-9.961403615,5.837,HIP 14110
45.53863977,-6.494533047,6.194,HIP 14124
45.56437017,-71.90245529,5.499,HIP 14131
45.5698878,4.08973877,2.53,HIP 14135
45.59382482,4.352886223,5.607,HIP 14143
45.597914,-23.62447172,4.09,HIP 14146
45.67620039,-7.685477279,5.336,HIP 14168
45.7327635,-46.97502739,5.799,HIP 14187
45.87572133,28.2699163,6.36,HIP 14232
45.90341158,-59.73777459,5.122,HIP 14240
45.98642934,47.84847741,6.467,HIP 14264
46.06882035,-7.600855117,5.3,HIP 14293
46.15861047,1.863603938,6.035,HIP 14315
46.16934725,15.85602278,6.37,HIP 14318
46.19925046,53.50646183,2.93,HIP 14328
46.29414106,38.84027619,3.39,HIP 14354
46.29707624,-8.274245833,6.31,HIP 14355
46.33754336,40.58217975,6.05,HIP 14365
46.3612008,25.25517379,5.47,HIP 14376
46.38504795,56.70571881,4.766,HIP 14382
46.417363,56.06896785,6.105,HIP 14392
46.5326689,79.41853529,5.52,HIP 14417
46.59869545,13.18725093,5.635,HIP 14439
46.63955998,-6.088549758,5.256,HIP 14456
46.82907714,64.05763279,5.877,HIP 14502
46.85697146,17.87999156,6.117,HIP 14514
46.88401,-78.98923275,5.667,HIP 14521
46.94726317,47.30870589,6.375,HIP 14544
46.95393512,-69.26493833,6.122,HIP 14547
46.96187472,-27.83115117,6.17,HIP 14551
47.01605198,52.21350904,6.3,HIP 14566
47.04221856,40.95564667,2.12,HIP 14576
47.08795462,18.79505228,6.25,HIP 14586
47.16163248,8.47107159,6.273,HIP 14607
47.22573416,62.38459717,6.498,HIP 14626
47.33388678,20.76111983,6.4,HIP 14649
47.37418183,44.85745829,3.81,HIP 14668
47.40308672,29.07708185,5.74,HIP 14677
47.53683165,27.81976593,6.412,HIP 14719
47.61269562,26.89623571,6.022,HIP 14748
47.61354281,-48.73415659,6.11,HIP 14749
47.64742372,-23.73851333,6.377,HIP 14757
47.66163809,11.87261848,5.97,HIP 14764
47.75307012,64.89626448,6.5,HIP 14791
47.77201458,-13.26428271,6.36,HIP 14797
47.81970544,-16.02496425,6.243,HIP 14814
47.8224249,39.61158091,4.607,HIP 14817
47.82822637,-3.811596494,6.068,HIP 14819
47.84132909,13.04784282,6.09,HIP 14821
47.9073607,19.72667311,4.37,HIP 14838
47.92780866,81.47071101,5.907,HIP 14844
47.98445484,74.3936583,4.834,HIP 14862
48.01887418,-28.98762199,3.98,HIP 14879
48.03983246,42.3759101,6.139,HIP 14887
48.05935881,27.25696824,5.76,HIP 14893
48.10727327,-44.41966479,5.93,HIP 14913
48.10984935,6.660885704,5.568,HIP 14915
48.11008558,47.72587424,6.327,HIP 14914
48.1381663,-57.32154923,5.71,HIP 14930
48.1934857,-1.196098836,5.07,HIP 14954
48.25620572,-35.94368995,6.283,HIP 14972
48.34946796,48.17695568,5.913,HIP 15004
48.40810635,-29.80413028,6.162,HIP 15024
48.47868659,18.97333338,6.5,HIP 15048
48.72540967,21.04444701,4.869,HIP 15110
48.7358224,42.50363401,6.06,HIP 15118
48.75113176,-26.10045855,6.24,HIP 15125
48.83516565,30.55668928,5.61,HIP 15154
48.94642351,32.85671351,6.304,HIP 15191
48.94987709,57.14062318,5.79,HIP 15192
48.95844036,-8.819732384,4.8,HIP 15197
48.99027386,-77.38845402,5.506,HIP 15201
49.00356031,-5.91870343,6.17,HIP 15203
49.00775127,34.68850872,6.229,HIP 15204
49.01857027,45.34613503,6.18,HIP 15209
49.05084504,50.93766811,5.03,HIP 15219
49.09051382,-5.730464728,6.31,HIP 15230
49.14661904,32.18402973,5.994,HIP 15241
49.1489398,-9.154603367,6.143,HIP 15244
49.29774775,40.48297034,6.46,HIP 15282
49.36079774,-47.7516925,5.833,HIP 15305
49.41686179,31.12704456,6.399,HIP 15323
49.44064379,39.28337269,5.967,HIP 15334
49.44234773,-62.57532013,5.54,HIP 15330
49.44730418,44.02502275,5.476,HIP 15338
49.4961452,-66.92685203,6.022,HIP 15353
49.51079371,-28.79706425,5.93,HIP 15357
49.55341201,-62.50636242,5.228,HIP 15371
49.59212561,-22.51110428,4.875,HIP 15382
49.5934454,-0.930289686,5.48,HIP 15383 
49.65725705,50.2221763,5.157,HIP 15404
49.68261105,34.22265388,4.82,HIP 15416
49.78183035,50.09496938,5.032,HIP 15444
49.84040174,3.370198606,4.85,HIP 15457
49.87916937,-21.7578654,3.7,HIP 15474
49.8954446,-24.12290173,5.622,HIP 15479
49.9818788,-43.069782,4.27,HIP 15510
49.98248256,27.07113009,5.918,HIP 15514
49.99695558,65.65230156,4.85,HIP 15520
50.08222671,77.73476309,5.444,HIP 15547
50.08484196,29.04845766,4.47,HIP 15549
50.10653326,25.66275663,6.127,HIP 15557
50.18834845,-26.60650796,6.404,HIP 15585
50.27834658,3.675622592,5.69,HIP 15619
50.30676927,21.14706638,5.355,HIP 15627
50.35002013,-23.63515676,5.496,HIP 15643
50.3606615,43.32965087,4.946,HIP 15648
50.38930665,-47.77666147,6.396,HIP 15655
50.54955597,27.60755428,5.52,HIP 15696
50.56785885,-25.58780481,6.353,HIP 15700
50.68850556,20.74206719,5.13,HIP 15737
50.80498774,49.21327078,5.3,HIP 15770
50.82375484,-7.794098713,6.23,HIP 15776
50.90127225,0.91008445,6.472,HIP 15800
50.91245662,4.882102866,6.5,HIP 15807
50.93591953,-32.70708728,6.499,HIP 15816
51.00963726,-69.62460435,6.131,HIP 15840
51.04220274,12.62959249,6.046,HIP 15850
51.0769908,24.72409581,5.503,HIP 15861
51.08070872,49.86117929,1.79,HIP 15863
51.10881548,20.80349046,6.061,HIP 15870
51.12376214,33.53592987,5.8,HIP 15876
51.16898632,64.58599441,5.19,HIP 15890
51.20332633,9.02886962,3.6,HIP 15900
51.40105322,-69.33643439,5.946,HIP 15968
51.48267484,-35.92088545,6.385,HIP 15987
51.48909186,49.1207583,6.09,HIP 15988
51.54910008,-41.63693923,6.326,HIP 16015
51.59385361,-27.31747978,5.933,HIP 16029
51.64739867,28.71506289,6.37,HIP 16042
51.79225241,9.732741951,3.75,HIP 16083
51.82781576,12.73528328,6.291,HIP 16095
51.88925497,-35.68132577,5.702,HIP 16112
52.00394513,-11.28659735,5.73,HIP 16142
52.01279483,49.06286828,4.97,HIP 16147
52.08625239,33.80755759,5.73,HIP 16168
52.09829478,60.25567525,6.49,HIP 16177
52.1106978,22.80400931,6.03,HIP 16181
52.21803297,49.84838556,5.572,HIP 16210
52.26584778,3.248705092,6.42,HIP 16226
52.26722037,59.94033366,4.22,HIP 16228
52.3418729,49.50895295,4.735,HIP 16244
52.34448925,-62.93752894,4.7,HIP 16245
52.35952695,46.93786616,6.217,HIP 16252
52.40011666,-12.67473569,5.576,HIP 16263
52.41307249,-6.80445477,5.988,HIP 16266
52.47809835,58.87874913,4.54,HIP 16281
52.47978034,-42.63425524,5.753,HIP 16285
52.49538752,-78.35185094,5.668,HIP 16290
52.50076174,55.45180724,5.09,HIP 16292
52.55658216,-41.36993697,6.112,HIP 16310
52.58082519,71.86389717,6.41,HIP 16319
52.60195333,11.3364394,5.124,HIP 16322
52.64368903,47.99521635,4.36,HIP 16335
52.65396722,48.10360375,5.82,HIP 16340
52.65397501,-47.37512476,5.968,HIP 16339
52.65440966,-5.07514798,4.725,HIP 16341
52.68925064,6.188704666,5.927,HIP 16358
52.71544953,-66.48971184,5.8,HIP 16368
52.7182399,12.93666964,4.1,HIP 16369
52.87225147,49.20977268,6.28,HIP 16424
52.87625002,40.75994866,6.49,HIP 16425
52.95432895,49.4010942,6.411,HIP 16447
52.97352921,-25.61415,6.372,HIP 16449
53.03586842,48.02348015,5.461,HIP 16470
53.08389462,84.91104575,5.609,HIP 16489
53.1094136,46.05686156,5.32,HIP 16499
53.14501021,-50.37864531,5.658,HIP 16509
53.1497639,9.373449983,5.757,HIP 16511
53.16240705,44.85575966,6.41,HIP 16516
53.16672926,35.4617243,5.9,HIP 16518
53.21481965,-61.01687257,6.421,HIP 16531
53.23268538,-9.458260971,3.73,HIP 16537
53.38419579,58.76524327,6.409,HIP 16587
53.39597548,39.89947684,5.776,HIP 16591
53.41274999,54.97486029,5.969,HIP 16599
53.42183738,57.86873004,6.38,HIP 16602
53.44698288,-21.63288448,4.25,HIP 16611
53.48663204,-31.0801271,6.2,HIP 16628
53.53490866,17.83282842,6.16,HIP 16641
53.63995628,-31.87480165,6.43,HIP 16672
53.65613075,-9.868259075,6.239,HIP 16677
53.70450854,6.417694584,6.482,HIP 16695
53.71835752,-25.58282685,6.48,HIP 16697
53.98852806,-5.124951781,6.5,HIP 16779
53.99027814,-11.19378509,5.58,HIP 16780
54.07251712,-17.46707564,5.23,HIP 16803
54.12241555,48.19263456,4.23,HIP 16826
54.12559775,-78.32307287,6.298,HIP 16827
54.19704346,0.587762137,5.9,HIP 16846
54.21826544,0.401664472,4.3,HIP 16852
54.27365849,-40.27466034,4.58,HIP 16870
54.44929364,15.43055429,6.42,HIP 16924
54.50075951,42.58284338,6.402,HIP 16938
54.5822229,56.93271539,6.282,HIP 16974
54.62188674,-7.391861425,5.849,HIP 16989
54.6986306,-27.94305312,6.01,HIP 17007
54.75024407,20.91577334,6.493,HIP 17026
54.75465215,-5.626213439,5.96,HIP 17027
54.85451485,75.73962186,6.247,HIP 17056
54.85586686,-10.43727389,6.182,HIP 17057
54.85730597,16.53668862,6.168,HIP 17058
54.90977947,-3.393005594,6.219,HIP 17086
54.96300807,3.056866149,5.555,HIP 17103
54.99820488,-1.121224279,6.123,HIP 17120
55.0476525,-15.22653435,6.343,HIP 17136
55.15972131,-5.210709925,5.53,HIP 17167
55.19295726,25.32948848,6.102,HIP 17181
55.28273833,37.58019664,5.57,HIP 17203
55.30748691,-11.80238971,6.485,HIP 17214
55.53885631,63.21679683,5.11,HIP 17296
55.56209392,-31.93836228,4.973,HIP 17304
55.57894866,19.70025513,5.69,HIP 17309
55.59435805,33.96502603,4.972,HIP 17313
55.6780708,59.96938969,5.78,HIP 17342
55.70856211,-37.31351682,4.583,HIP 17351
55.73122002,47.78749674,3.01,HIP 17358
55.81208557,-9.763391932,3.54,HIP 17378
55.89097448,-10.48565699,5.61,HIP 17395
55.94672369,19.66503485,6.14,HIP 17408
56.02678321,48.5236578,6.042,HIP 17437
56.04992268,-64.80691413,3.833,HIP 17440
56.07972404,32.28824649,3.91,HIP 17448
56.11751582,20.92873573,6.074,HIP 17453
56.12712711,-1.163090966,5.25,HIP 17457
56.13101387,36.46009427,5.588,HIP 17460
56.14120688,-54.27402748,6.3,HIP 17464
56.17042446,46.09981218,6.091,HIP 17475
56.20089557,24.28946759,5.46,HIP 17489
56.21034639,-48.06129864,6.488,HIP 17493
56.21890454,24.11333785,3.7,HIP 17499
56.2354052,-0.296720642,5.553,HIP 17506
56.29058389,24.839262,5.64,HIP 17527
56.29846973,42.57853043,3.8,HIP 17529
56.3020833,24.46727376,4.3,HIP 17531
56.31615059,-47.3594753,5.708,HIP 17534
56.34889865,-71.65813181,6.255,HIP 17543
56.40453593,38.67626178,6.443,HIP 17558
56.41851403,6.04999593,5.337,HIP 17563
56.45670065,24.36774377,3.87,HIP 17573
56.47698521,24.55450992,5.76,HIP 17579
56.49691638,45.68189933,5.655,HIP 17584
56.50391676,67.20160228,5.782,HIP 17585
56.50971455,63.34505876,4.81,HIP 17587
56.51208469,24.52789678,6.421,HIP 17588
56.53556342,-12.10158848,4.42,HIP 17593
56.53901529,6.803524665,5.922,HIP 17595
56.58160786,23.94835894,4.18,HIP 17608
56.61428482,-29.33815784,5.904,HIP 17618
56.71203049,-23.2497228,4.2,HIP 17651
56.80975276,-74.23896288,3.26,HIP 17678
56.83766096,24.11626782,6.28,-
56.8711523,24.10513565,2.87,HIP 17702
56.88394957,55.92195887,6.082,HIP 17707
56.91520873,-23.87467746,5.235,HIP 17717
56.95424718,32.19541422,6.252,HIP 17732
56.95675558,-36.10580264,6.19,HIP 17734
56.98350138,-30.16788279,5.54,HIP 17738
57.02724955,24.98841598,6.49,HIP 17759
57.06777822,11.14329893,5.07,HIP 17771
57.07531084,50.736766,6.14,HIP 17772
57.08673659,23.42124885,5.45,HIP 17776
57.1478237,-37.62200345,5.25,HIP 17797
57.14876498,-20.90297714,5.801,HIP 17798
57.14947508,-37.62014329,4.72,HIP 17797
57.14948851,-37.6201504,4.27,HIP 17797
57.16230721,0.227860648,5.901,HIP 17805
57.23725792,23.85713189,6.464,HIP 17832
57.2837907,43.96313935,5.97,HIP 17846
57.29059607,24.05341713,3.63,HIP 17847
57.29673582,24.1367102,5.09,HIP 17851
57.30724702,70.8710502,5.391,HIP 17854
57.33232682,57.11826789,6.448,HIP 17858
57.36352608,-36.20025674,4.17,HIP 17874
57.38032312,65.5259794,4.48,HIP 17884
57.38618181,33.09136457,5.11,HIP 17886
57.40244133,63.29695883,5.817,HIP 17891
57.43138162,23.71185214,6.153,HIP 17900
57.47945631,22.24414891,6.07,HIP 17921
57.51843813,44.96786907,5.657,HIP 17932
57.56735206,-1.522574482,6.491,HIP 17950
57.57892175,25.57937443,5.234,HIP 17954
57.58962223,71.33226611,4.604,HIP 17959
57.81612836,13.04607656,6.38,HIP 18033
57.92406514,68.50748617,6.299,HIP 18067
57.97382807,34.3591176,5.772,HIP 18081
58.00095488,6.534898094,6.26,HIP 18089
58.01855396,31.16859136,6.212,HIP 18094
58.17353643,-5.361227184,5.475,HIP 18141
58.29185913,17.32708535,5.946,HIP 18170
58.30386882,-18.43443789,6.216,HIP 18173
58.38892975,-46.89368494,5.921,HIP 18199
58.39366468,25.68287684,6.349,HIP 18201
58.41123878,48.65049684,5.76,HIP 18212
58.41228081,-34.73229731,5.092,HIP 18213
58.42792648,-24.61222817,4.623,HIP 18216
58.43035937,57.97514619,5.786,HIP 18217
58.53301031,31.88363368,2.85,HIP 18246
58.57252866,-2.952865682,6.09,HIP 18255
58.57292417,-2.9547343,4.45,HIP 18255
58.57292419,-2.954733257,4.7,HIP 18255
58.59652911,-40.35700558,5.705,HIP 18262
58.64150364,-52.69042653,6.461,HIP 18275
58.81721388,-12.09909103,6,HIP 18339
58.99239099,47.87142306,5.379,HIP 18396
59.01665084,-63.46371496,6.137,HIP 18401
59.11526696,-13.59753471,6.38,HIP 18428
59.11954913,35.08089318,5.488,HIP 18434
59.12597336,71.82162736,6.3,HIP 18438
59.15805471,-9.75083639,6.177,HIP 18455
59.21698796,22.47797357,5.617,HIP 18471
59.25715831,6.039970244,6.072,HIP 18481
59.26586327,23.17554197,6.038,HIP 18485
59.28453972,61.10888504,5.05,HIP 18488
59.35601916,63.07226382,5.04,HIP 18505
59.35992364,24.46193671,6.165,HIP 18508
59.46349742,40.01019978,2.89,HIP 18532
59.50735759,-13.50851481,2.94,HIP 18543
59.62152083,38.84025672,6.313,HIP 18565
59.67875659,-57.10236116,6.043,HIP 18592
59.68645393,-61.40018563,4.57,HIP 18597
59.71830798,-5.469947541,5.833,HIP 18606
59.74126013,35.79103042,4.06,HIP 18614
59.87555202,-12.57442468,5.589,HIP 18647
59.91873338,10.33037776,6.34,HIP 18658
59.98118237,-24.01621589,4.66,HIP 18673
60.15369851,17.29665899,6.305,HIP 18717
60.16940217,-30.49070837,5.919,HIP 18723
60.17006989,12.49034444,3.41,HIP 18724
60.20319248,18.19400141,5.865,HIP 18735
60.22419835,-62.15928285,4.5,HIP 18744
60.31179464,36.98947815,6.389,HIP 18769
60.3256292,-61.07882292,4.956,HIP 18772
60.38352959,-1.549658645,5.28,HIP 18788
60.44222756,9.998016647,5.691,HIP 18805
60.65310113,-0.2689222,5.38,HIP 18859
60.78907978,5.989300702,3.883,HIP 18907
60.85311353,-20.14379606,6.45,HIP 18926
60.93585189,5.435618279,5.33,HIP 18957
61.03628154,-16.58872806,6.364,HIP 18990
61.09028579,24.10601796,5.512,HIP 19009
61.09464841,-12.7922968,5.611,HIP 19011
61.11317892,59.15550907,5.12,HIP 19018
61.17042648,-20.38186206,6.111,HIP 19037
61.17380367,22.08192967,4.37,HIP 19038
61.33440852,22.00890483,5.9,HIP 19076
61.40598332,-27.65180715,5.59,HIP 19095
61.44462715,-20.51256206,6.334,HIP 19111
61.48545035,-8.856104408,6.261,HIP 19121
61.5132619,68.67997194,5.864,HIP 19129
61.64601079,50.35126151,4.29,HIP 19167
61.65171915,27.59990004,5.172,HIP 19171
61.65262372,54.00866765,6.302,HIP 19172
61.6618422,65.52079824,6.131,HIP 19177
61.75190397,29.00130813,5.2,HIP 19205
61.7949106,74.00035944,6.49,HIP 19222
61.84013098,-64.22235246,6.38,HIP 19233
61.92493284,15.16278919,6.07,HIP 19261
61.99757047,17.33989787,5.94,HIP 19284
62.16538987,47.71251056,4.03,HIP 19343
62.2565446,13.39828158,5.927,HIP 19376
62.29152508,19.60921713,5.504,HIP 19388
62.32431692,-16.38585563,5.435,HIP 19398
62.34263881,54.8288646,6.26,HIP 19400
62.36487954,59.90807021,6.295,HIP 19412
62.42919591,3.322698692,6.48,HIP 19434
62.51140554,80.69867232,5.62,HIP 19461
62.59383276,-6.923851933,5.442,HIP 19483
62.6911292,-35.27378804,6.44,HIP 19509
62.69901422,-8.819815449,5.689,HIP 19511
62.70775352,26.48095458,5.387,HIP 19513
62.71071136,-41.99364278,4.93,HIP 19515
62.74593413,33.58677857,5.74,HIP 19525
62.83450933,5.523052222,5.699,HIP 19554
62.90084881,-20.35615463,5.8,HIP 19571
62.9664127,-6.837579624,4.026,HIP 19587
62.9838848,-8.837464377,6.44,HIP 19590
63.00113219,-17.27473285,6.4,HIP 19601
63.13064466,17.27746009,6.087,HIP 19641
63.21354502,22.41346728,6.12,HIP 19672
63.21593557,68.50115401,6.326,HIP 19673
63.38787686,7.716115963,5.29,HIP 19719
63.39404433,10.2124773,6.249,HIP 19720
63.39883661,-40.35776203,6.344,HIP 19721
63.40894447,-1.149737977,6.423,HIP 19725
63.43676695,72.12614855,6.037,HIP 19730
63.45765872,12.75370715,6.25,HIP 19736
63.48493935,9.263824264,4.95,HIP 19740
63.49872069,37.96714946,6.45,HIP 19746
63.50047593,-42.29436854,3.86,HIP 19747
63.59869958,-10.25628346,4.9,HIP 19777
63.60612502,-62.47380349,3.36,HIP 19780
63.6509692,10.0114072,5.218,HIP 19799
63.70227199,-62.19181128,5.46,HIP 19805
63.71694763,37.54267193,6.308,HIP 19810
63.72221834,40.48364038,4.691,HIP 19811
63.72443131,48.40933065,4.16,HIP 19812
63.75748074,57.46036449,6.08,HIP 19823
63.81799841,-7.652869661,4.43,HIP 19849
63.88357029,8.892358769,4.279,HIP 19860
63.94285197,15.40069607,6.3,HIP 19877
64.00661093,-51.48664798,4.2,HIP 19893
64.08739027,-60.94847805,6.366,HIP 19917
64.12095061,-59.30215441,4.44,HIP 19921
64.17954879,53.61180022,5.187,HIP 19949
64.22315037,61.84999087,5.7,HIP 19968
64.28372302,57.8603198,5.721,HIP 19983
64.31525469,20.57859738,4.914,HIP 19990
64.33009093,-6.472173861,5.932,HIP 19996
64.41779779,-63.25541306,6.05,HIP 20020
64.46585304,80.53578696,6.38,HIP 20039
64.47359334,-33.79834789,3.56,HIP 20042
64.49695747,-80.2140319,5.68,HIP 20049
64.53378729,42.14116511,6.205,HIP 20063
64.56092275,50.29549307,4.594,HIP 20070
64.56698668,-20.71525902,6.052,HIP 20075
64.59671248,21.57921916,5.631,HIP 20087
64.65621519,-22.96972092,6.06,HIP 20106
64.66677388,-52.86009219,6.17,HIP 20109
64.80505539,50.04870839,5.4,HIP 20156
64.81956857,-44.2679178,5.332,HIP 20161
64.85873996,21.14230527,5.482,HIP 20171
64.90293704,21.77349079,5.346,HIP 20186
64.90590288,10.12143727,6.3,HIP 20188
64.94834968,15.62764205,3.65,HIP 20205
64.99043571,14.03520339,5.568,HIP 20219
65.04144738,31.9531757,6.167,HIP 20231
65.04796906,50.92093473,5.545,HIP 20234
65.06010696,41.8081189,5.958,HIP 20241
65.08840041,27.35075231,4.951,HIP 20250
65.10265795,34.56672594,4.929,HIP 20252
65.1045913,18.74268117,6.094,HIP 20255
65.15129318,15.09545282,5.242,HIP 20261
65.16100755,-6.245993826,6.154,HIP 20263
65.16255445,-20.63962253,5.38,HIP 20264
65.16802348,65.14044148,5.27,HIP 20266
65.17186819,6.130791776,5.751,HIP 20268
65.17847543,-7.592496031,5.838,HIP 20271
65.21966842,13.86442595,6.141,HIP 20284
65.24196711,-81.5799219,5.764,HIP 20297
65.36265762,-0.09817371,5.854,HIP 20341
65.38819268,46.49887912,4.812,HIP 20354
65.40627156,-6.28416275,6.429,HIP 20360
65.44853821,60.73562391,5.398,HIP 20376
65.46585931,56.5063153,5.92,HIP 20380
65.47219058,-63.38639076,5.24,HIP 20384
65.51465892,14.07719803,5.71,HIP 20400
65.59470725,20.82141317,5.95,HIP 20417
65.64559882,25.62931599,5.378,HIP 20430
65.73372983,17.54251383,3.76,HIP 20455
65.74145379,59.61618226,6.18,HIP 20456
65.77359517,-24.8921395,5.796,HIP 20465
65.78231736,-35.54481228,6.37,HIP 20467
65.85443363,16.77726412,5.625,HIP 20484
65.88485952,20.98204502,5.986,HIP 20493
65.92021681,-3.745468067,5.165,HIP 20507
65.9659397,9.46097053,5.098,HIP 20522
65.99901145,24.30097974,6.337,HIP 20533
66.00919306,-34.01684951,3.96,HIP 20535
66.02400605,17.44413092,4.8,HIP 20542
66.06033135,12.1579879,6.39,HIP 20558
66.12148061,34.13075774,5.718,HIP 20579
66.15607614,33.95980293,5.795,HIP 20591
66.23803151,19.0420091,5.965,HIP 20614
66.27223724,-61.23819206,5.922,HIP 20619
66.32966525,-44.16089511,6.383,HIP 20630
66.34235197,22.29387109,4.201,HIP 20635
66.3542302,22.19999875,5.264,HIP 20641
66.37243633,17.92790651,4.298,HIP 20648
66.40551052,15.94102321,6.439,HIP 20661
66.5056217,4.373454714,6.32,HIP 20698
66.52629625,31.43890819,5.284,HIP 20704
66.57692968,22.8135804,4.282,HIP 20711
66.58654509,15.61830114,4.48,HIP 20713
66.58792604,8.590264462,6.055,HIP 20715
66.65154769,14.71378186,4.69,HIP 20732
66.75295367,2.079410633,6.221,HIP 20771
66.75363225,57.58530713,6.29,HIP 20772
66.76223021,80.82416,5.43,HIP 20776
66.77485264,-46.94749157,6.1,HIP 20781
66.82271179,22.99632728,5.514,HIP 20789
66.86987283,11.21228039,5.87,HIP 20804
66.94178689,-62.52120313,5.735,HIP 20825
67.00326165,21.61990296,5.711,HIP 20842
67.0151498,1.858584859,6.139,HIP 20848
67.039432,-41.95983368,6.399,HIP 20856
67.05528185,83.80778723,5.507,HIP 20860
67.09753243,14.74095888,5.892,HIP 20873
67.10987462,16.35967495,4.969,HIP 20877
67.13383773,1.380825294,5.532,HIP 20884
67.14374134,15.96228366,3.84,HIP 20885
67.15416773,19.18043421,3.53,HIP 20889
67.1626553,-19.45887314,5.933,HIP 20892
67.16559005,15.87087465,3.41,HIP 20894
67.20901509,13.047602,5.014,HIP 20901
67.21664376,30.36155001,6.383,HIP 20904
67.27885587,-13.04836882,5.41,HIP 20922
67.33369184,-46.5152705,6.117,HIP 20934
67.5014798,83.34037679,5.472,HIP 20982
67.50954276,10.26221522,6.46,HIP 20985
67.53582394,15.63783872,5.552,HIP 20995
67.53582486,15.63783307,5.666,HIP 20995
67.54168202,-13.59237113,6.219,HIP 20997
67.64013589,16.1940138,4.764,HIP 21029
67.65567885,13.72440231,5.395,HIP 21036
67.66003087,32.45776871,6.169,HIP 21038
67.662038,15.6918779,5.454,HIP 21039
67.66804007,-35.65351036,5.95,HIP 21042
67.69499198,16.14868097,6.491,HIP 21053
67.70874891,-44.9537499,5.059,HIP 21060
67.77996007,15.10503771,6.303,HIP 21082
67.85771077,-13.64422304,6.25,HIP 21110
67.96566186,15.85162393,5.998,HIP 21137
67.96945262,-0.044011066,4.896,HIP 21139
67.98727404,36.7426887,6.34,HIP 21144
68.00766961,53.91083771,5.77,HIP 21148
68.00767612,53.91084583,5.772,HIP 21148
68.02003579,5.410041157,6.352,HIP 21152
68.15647389,-3.209540231,5.81,HIP 21192
68.34202859,-10.78533719,6.052,HIP 21239
68.35376265,43.06389316,6.078,HIP 21242
68.37730105,-29.76649185,4.51,HIP 21248
68.37783372,72.52860564,5.928,HIP 21247
68.3867946,-63.02916529,6.5,HIP 21252
68.39145558,-62.82367692,5.78,HIP 21253
68.45072933,9.413561159,6.011,HIP 21269
68.46215763,14.84442824,4.65,HIP 21273
68.47803183,-6.738911792,5.72,HIP 21278
68.49907161,-55.04497896,3.28,HIP 21281
68.53444801,5.568620996,5.678,HIP 21295
68.5484519,-8.231351554,5.188,HIP 21296
68.54904121,-8.97025547,5.229,HIP 21297
68.55913285,-6.837810871,6.063,HIP 21298
68.6583033,28.96115054,5.9,HIP 21323
68.65892586,-24.04050228,6.38,HIP 21324
68.75296085,-19.92138283,6.111,HIP 21363
68.80881653,-9.736369329,6.37,HIP 21377
68.88765817,-30.56234204,3.82,HIP 21393
68.91360921,10.16075323,4.25,HIP 21402
68.92735096,19.8817894,6.35,HIP 21408
68.98016279,16.50930235,0.86,HIP 21421
69.00695929,-3.611633627,6.34,HIP 21428
69.07975799,-3.352460485,3.928,HIP 21444
69.10082506,64.26160024,5.91,HIP 21452
69.12145766,23.34083932,6.019,HIP 21459
69.17263542,41.26483482,4.26,HIP 21476
69.18996364,-62.07716594,5.4,HIP 21479
69.2122116,-30.71677782,6.271,HIP 21486
69.30698198,0.99832781,5.315,HIP 21515
69.31157357,18.54303526,6.37,HIP 21517
69.33028384,-41.87294345,6.4,HIP 21525
69.40055254,-2.473548813,5.209,HIP 21547
69.53933589,16.03325629,5.776,HIP 21588
69.53942456,12.51083696,4.27,HIP 21589
69.5450984,-14.3040279,3.87,HIP 21594
69.54510425,-14.30398315,3.89,HIP 21594
69.56595901,20.68472486,5.842,HIP 21604
69.59052272,-77.65600513,6.038,HIP 21611
69.72312562,-12.12307448,5.002,HIP 21644
69.76792354,-51.6727541,6.44,HIP 21666
69.77566258,7.870987059,5.365,HIP 21670
69.78843011,15.79983646,5.076,HIP 21673
69.81875915,15.91797531,4.665,HIP 21683
69.83212767,-14.35918947,5.463,HIP 21685
69.84645496,25.21827663,6.2,HIP 21689
69.94675483,-1.05246133,6.099,HIP 21718
69.97783769,53.0795354,5.073,HIP 21727
69.9918214,53.4732275,5.56,HIP 21730
70.01424971,12.19761297,5.445,HIP 21735
70.02833872,-24.48236824,5.563,HIP 21743
70.11046426,-19.67149187,4.3,HIP 21763
70.14046881,-41.86375126,4.45,HIP 21770
70.33233933,28.61498841,5.729,HIP 21819
70.35053546,48.30087925,5.652,HIP 21823
70.51450958,-37.14433024,5.05,HIP 21861
70.56124685,22.95690281,4.258,HIP 21881
70.69343169,-50.48133486,5.298,HIP 21914
70.72640179,43.36512021,5.298,HIP 21928
70.76651768,-70.93102624,5.511,HIP 21949
70.78872073,-30.76556017,5.663,HIP 21958
70.80731837,24.08891734,6.151,HIP 21961
70.83997718,49.9737879,5.856,HIP 21972
70.93446687,-41.06478658,6.218,HIP 21998
70.95105007,32.86547975,6.48,HIP 22003
71.0221697,-8.50357019,5.81,HIP 22024
71.03325623,-18.66658548,5.522,HIP 22028
71.05425207,40.78644927,6.08,HIP 22034
71.08824306,-59.73273786,5.282,HIP 22040
71.1076188,11.14613429,5.379,HIP 22044
71.24125002,-63.22971498,6.466,HIP 22081
71.26733764,-21.28338182,5.692,HIP 22086
71.37563095,-3.254659811,4,HIP 22109
71.42694584,23.62799314,6.329,HIP 22128
71.48104801,-39.35661373,6.045,HIP 22144
71.50725171,11.70558676,5.346,HIP 22157
71.53977632,-49.2458504,6.35,HIP 22170
71.57011226,18.73469213,5.981,HIP 22176
71.60067652,-2.954527846,6.316,HIP 22189
71.60728964,-28.08744588,6.173,HIP 22192
71.68532,40.31259025,6,HIP 22220
71.90121543,-16.93445569,5.5,HIP 22263
71.95657122,-30.02037218,6.346,HIP 22280
72.00113718,56.75717693,5.275,HIP 22287
72.02926743,55.60261178,6.32,HIP 22300
72.13555679,-16.32948647,5.755,HIP 22325
72.15160452,-5.674043816,5.77,HIP 22336
72.18593485,3.588530737,6.028,HIP 22354
72.20980486,75.94121989,5.952,HIP 22361
72.30353001,31.43737438,5.578,HIP 22393
72.3295004,32.58819221,5.824,HIP 22407
72.42601714,-13.76966884,6.26,HIP 22439
72.43367447,15.90421891,6.11,HIP 22441
72.46004669,6.961277951,3.19,HIP 22449
72.47765909,37.48827964,4.867,HIP 22453
72.54840065,-16.21715991,5.028,HIP 22479
72.56741801,-41.3208488,6.055,HIP 22488
72.65162656,70.94152621,6.341,HIP 22508
72.65301037,8.900181169,4.35,HIP 22509
72.7279,-53.4561,5.23,HIP 22531
72.73054023,-53.46153587,5.57,HIP 22531
72.73540492,-53.4596996,6.19,HIP 22534
72.78883945,48.74066511,5.643,HIP 22545
72.80152405,5.60510385,3.68,HIP 22549
72.84359805,18.83985719,5.085,HIP 22565
72.86756851,-34.90628724,5.833,HIP 22573
72.93075518,9.97508073,6.122,HIP 22597
72.95830461,13.65513514,6.25,HIP 22607
73.02174808,63.50542148,5.467,HIP 22626
73.13317667,14.25064209,4.721,HIP 22667
73.15825144,36.70318809,4.779,HIP 22678
73.19632078,27.89748983,5.961,HIP 22697
73.19898893,42.58662749,5.675,HIP 22699
73.22362244,-5.452696321,4.4,HIP 22701
73.2735191,-72.40767915,6.28,HIP 22717
73.2907581,52.84115492,6.4,HIP 22720
73.34489101,2.508224485,5.324,HIP 22730
73.37706999,-66.67541507,6.416,HIP 22737
73.51254745,66.34267601,4.29,HIP 22783
73.56290435,2.440671658,3.73,HIP 22797
73.69539655,11.42598306,5.184,HIP 22833
73.6990918,7.779096309,5.324,HIP 22834
73.71128754,0.467166426,5.965,HIP 22840
73.71351218,44.06086201,6.058,HIP 22842
73.72098548,-58.54765369,6.107,HIP 22844
73.72386708,10.15083429,4.648,HIP 22845
73.72838828,-39.62860794,6.089,HIP 22847
73.74317365,19.48538692,6.347,HIP 22850
73.76304502,55.25912706,5.52,HIP 22854
73.77843433,-16.74066632,5.688,HIP 22860
73.79667526,-74.93685317,5.449,HIP 22871
73.82774097,-16.41777066,5.715,HIP 22881
73.95896468,15.04026178,5.776,HIP 22913
73.99313373,5.399023755,6.485,HIP 22923
74.02946825,52.86973734,5.74,HIP 22936
74.03739574,7.904670525,6.42,HIP 22938
74.0649067,24.5922183,6.324,HIP 22949
74.08369987,36.16853154,6.089,HIP 22955
74.09281653,13.51446878,4.06,HIP 22957
74.10077804,-5.171356793,5.482,HIP 22958
74.24841676,33.16609377,2.69,HIP 23015
74.32162938,-1.067256607,6.241,HIP 23041
74.32165746,53.75210201,4.433,HIP 23040
74.34310357,17.15366618,5.49,HIP 23043
74.43618579,-14.23191721,6.139,HIP 23060
74.4526902,23.94856852,5.806,HIP 23068
74.53913355,25.05040692,5.785,HIP 23088
74.54546618,-2.212735629,6.338,HIP 23092
74.63709287,1.714013537,4.459,HIP 23123
74.71236284,-82.47051586,5.828,HIP 23148
74.74754659,14.54324972,6.058,HIP 23161
74.81420568,37.89024477,5,HIP 23179
74.94303419,53.15545205,6.083,HIP 23216
74.96022283,-10.26331016,5.39,HIP 23221
74.98223663,-12.53741679,4.77,HIP 23231
75.05515435,-78.30002741,6.279,HIP 23251
75.0764152,39.39470533,5.97,HIP 23261
75.08634367,81.19409099,5.09,HIP 23265
75.09672787,39.65465417,6.48,HIP 23268
75.16586618,-2.066030359,6.32,HIP 23296
75.20416394,-5.753673424,6.21,HIP 23311
75.35658564,-20.05191897,4.885,HIP 23362
75.35977409,-7.173964786,4.81,HIP 23364
75.39384322,-39.71804634,6.007,HIP 23377
75.45980285,0.722109329,5.908,HIP 23408
75.49222654,43.82331031,2.99,HIP 23416
75.54092305,-26.27502794,5.002,HIP 23430
75.58255862,74.26936716,6.04,HIP 23442
75.59501858,-31.77133411,5.903,HIP 23446
75.61951435,41.07583199,3.75,HIP 23453
75.67915862,-71.31429917,5.294,HIP 23467
75.68741198,-22.7950526,5.738,HIP 23474
75.68914512,-4.210121139,5.853,HIP 23475
75.70285864,-49.15140635,5.372,HIP 23482
75.77394385,21.5899612,4.615,HIP 23497
75.82765538,41.44164875,6.111,HIP 23511
75.85454611,60.44224554,4.02,HIP 23522
75.9671862,-14.37022989,6.406,HIP 23551
75.97196603,-24.38814751,5.582,HIP 23554
75.97480149,-41.74495165,6.303,HIP 23555
76.05331579,73.76388739,6.22,HIP 23582
76.06070238,30.49458283,6.16,HIP 23583
76.08995347,21.27792997,6.188,HIP 23589
76.10167558,-35.48297537,4.574,HIP 23595
76.10898791,-35.70510624,6.31,HIP 23596
76.14228829,15.40410214,4.661,HIP 23607
76.16528137,74.06695557,6.12,HIP 23617
76.22718956,-3.039676071,6.031,HIP 23643
76.24172584,-49.57783409,5.01,HIP 23649
76.2525239,-54.40740097,6.261,HIP 23653
76.31748142,-26.15239035,5.695,HIP 23668
76.34882946,1.177626289,6.1,HIP 23680
76.36526836,-22.37103449,3.18,HIP 23685
76.37773198,-57.47270469,4.708,HIP 23693
76.50383009,35.93635115,6.5,HIP 23724
76.53521972,58.97237312,5.08,HIP 23734
76.5387305,-73.03767108,6.257,HIP 23737
76.55057363,59.02133876,6.13,HIP 23743
76.62379161,61.16974987,5.994,HIP 23766
76.62872559,41.23447574,3.18,HIP 23767
76.65309527,-13.12262128,6.039,HIP 23777
76.69021995,-4.655166951,5.12,HIP 23794
76.70648052,43.17470581,6.207,HIP 23799
76.79060394,-19.39190344,6.44,HIP 23818
76.85401324,-12.49127042,5.956,HIP 23831
76.89177859,-63.39967982,5.205,HIP 23840
76.95166514,20.41837645,5.28,HIP 23871
76.95753321,-12.59265863,6.33,HIP 23874
76.96239535,-5.086496984,2.79,HIP 23875
76.97035639,8.498434239,5.72,HIP 23879
76.98097899,21.70481927,5.92,HIP 23883
77.02759315,24.26517461,5.5,HIP 23900
77.05525402,-15.09534162,6.39,HIP 23908
77.08412798,-8.665325424,5.78,HIP 23916
77.18207797,-4.456208286,5.119,HIP 23941
77.21013814,19.85985933,6.5,HIP 23949
77.28660023,-8.754083776,4.27,HIP 23972
77.33184697,9.829584076,5.43,HIP 23983
77.40300153,69.63940411,6.42,HIP 24003
77.42482144,15.59721305,4.82,HIP 24010
77.43789055,28.03046848,5.997,HIP 24019
77.51359008,-0.565321933,6.102,HIP 24041
77.68579447,-25.91045819,6.395,HIP 24114
77.73852162,-48.50707053,6.5,HIP 24126
77.74176794,-2.254114514,6.236,HIP 24130
77.82990136,-2.490782458,5.892,HIP 24162
77.84529847,-11.8490871,5.68,HIP 24169
77.90963048,29.90356369,6.423,HIP 24193
77.92318366,16.04567497,5.163,HIP 24197
77.93896563,1.03702886,5.89,HIP 24203
78.07462744,-11.86910091,4.45,HIP 24244
78.09356048,73.94667789,5.45,HIP 24254
78.20053727,-6.057189405,5.892,HIP 24294
78.23292902,-16.2054635,3.29,HIP 24305
78.26172863,61.85004063,6.167,HIP 24313
78.30782096,-12.94129246,4.44,HIP 24327
78.32269904,37.33731133,6.47,HIP 24332
78.32283087,2.861239207,4.48,HIP 24331
78.3571751,38.48449878,4.821,HIP 24340
78.38018749,62.69113273,6.477,HIP 24348
78.38148027,1.96767996,6.09,HIP 24349
78.38864409,-8.147764756,6.372,-
78.43939878,-67.18525827,4.801,HIP 24372
78.44690173,0.560414346,6.323,HIP 24377
78.47222408,-52.03075456,6.023,HIP 24384
78.49978892,-14.6068697,6.21,HIP 24394
78.62019075,-35.97699734,5.731,HIP 24426
78.63446707,-8.20163836,0.13,HIP 24436
78.64800639,76.47275647,6.42,HIP 24440
78.68353794,5.156146754,5.494,HIP 24450
78.6844695,53.21394679,6.16,HIP 24451
78.79750859,59.40568815,6.135,HIP 24479
78.8270723,-1.409155766,6.154,HIP 24493
78.85155091,-26.94350813,5.04,HIP 24505
78.85164249,32.68759991,5,HIP 24504
78.85348908,-73.58847565,6.5,HIP 24507
78.86522773,22.28485633,6.27,HIP 24512
78.91172602,-52.18217784,6.45,HIP 24520
79.01722776,11.34135505,5.515,HIP 24555
79.04398538,-11.35255954,6.46,HIP 24560
79.07562221,34.31231789,5.96,HIP 24575
79.17099785,1.947327344,6.408,HIP 24607
79.17232794,45.99799147,0.08,HIP 24608
79.32371492,53.58611998,6.5,HIP 24645
79.37120308,-34.89520077,4.83,HIP 24659
79.4016264,-6.84440744,3.59,HIP 24674
79.41767463,-13.51982672,5.488,HIP 24679
79.55517553,73.26809746,5.83,HIP 24732
79.56540514,42.7921102,5.65,HIP 24738
79.57873355,33.76736581,6.144,HIP 24740
79.66803015,40.46512309,6.199,HIP 24771
79.71030372,-18.13005152,5.96,HIP 24786
79.75011857,33.74839467,5.371,HIP 24799
79.78531437,40.09905141,4.71,HIP 24813
79.7967504,2.595799972,5.325,HIP 24817
79.81121035,20.13459133,6.107,HIP 24820
79.8191924,22.09650595,4.948,HIP 24822
79.82265494,-18.51991828,6.39,HIP 24825
79.84222921,-50.60596717,5.45,HIP 24829
79.84868759,-27.3688845,5.972,HIP 24831
79.84897371,33.98538756,6.489,HIP 24832
79.8660808,58.11736543,6.125,HIP 24836
79.89384295,-13.1767694,4.29,HIP 24845
79.89702682,-1.411911269,6.35,HIP 24847
79.99592997,-12.31558626,5.284,HIP 24873
80.00383791,33.95805413,5.03,HIP 24879
80.00966112,44.42538364,6.48,HIP 24881
80.06114342,41.08623772,5.456,HIP 24902
80.08628953,-34.69884958,6.336,HIP 24909
80.09421107,62.65371135,5.598,HIP 24914
80.11003065,-5.36752595,6.42,HIP 24925
80.11214492,-21.2397635,4.729,HIP 24927
80.16951518,66.74687936,6.38,HIP 24955
80.18234281,2.544779482,6.43,HIP 24960
80.23589454,19.81434443,6.205,HIP 24977
80.24720168,27.95726892,6.33,HIP 24984
80.30286428,29.56988687,5.67,HIP 25001
80.32025137,-34.34504821,6.09,HIP 25007
80.38268332,-0.416492867,5.68,HIP 25028
80.43150992,8.428555355,5.8,HIP 25041
80.44061399,-0.382466871,4.74,HIP 25044
80.442683,-24.772978,5.34,HIP 25045
80.44272716,-24.77298379,5.06,HIP 25045
80.4517356,41.80457204,5.207,HIP 25048
80.48045876,-17.60363191,6.47,HIP 25059
80.59227869,-56.13439889,6.086,HIP 25098
80.70834994,3.544458738,5,HIP 25142
80.7096426,41.02925968,5.542,HIP 25143
80.79997067,-26.70543166,6.49,HIP 25180
80.82712552,-8.415594549,6.15,HIP 25187
80.84530238,28.93676088,6.46,HIP 25192
80.85010226,-39.67841932,5.77,HIP 25194
80.86601114,57.54439921,5.25,HIP 25197
80.87565019,-13.92735292,5.229,HIP 25202
80.87943996,5.323086497,6.334,HIP 25205
80.90712015,16.69926562,6.096,HIP 25216
80.92628593,-0.159818618,5.7,HIP 25223
80.98678244,-7.808062597,4.12,HIP 25247
81.11869583,-16.97577656,5.636,HIP 25280
81.11923634,-2.39714754,3.35,HIP 25281
81.1192392,-2.397146951,3.59,HIP 25281
81.11971258,-2.397030959,4.89,HIP 25281
81.12040408,-0.891334819,5.072,HIP 25282
81.15042537,2.353164728,6.297,HIP 25288
81.16009699,31.22391311,6.29,HIP 25290
81.16049893,31.14314834,5.925,HIP 25291
81.1630895,37.3853491,4.996,HIP 25292
81.18666779,36.19994546,6.46,HIP 25301
81.18678077,1.846444977,4.96,HIP 25302
81.19286747,-52.31624543,6.23,HIP 25303
81.23156891,-44.22568814,6.084,HIP 25317
81.24756916,73.70719592,6.47,HIP 25322
81.25726601,-10.32888584,5.586,HIP 25329
81.28276356,6.34970326,1.64,HIP 25336
81.40207657,-1.491293463,6.42,HIP 25368
81.44591137,0.520241938,6.144,HIP 25378
81.49927159,-19.69540303,5.817,HIP 25397
81.50984647,-5.518505689,6.233,HIP 25401
81.52384222,16.70015969,6.23,HIP 25410
81.52580663,-86.38826627,6.4,HIP 25412
81.57297133,28.60745172,1.65,HIP 25428
81.58027406,-58.91251778,5.129,HIP 25429
81.66178998,6.868658151,6.399,HIP 25453
81.70334837,34.39180685,5.905,HIP 25471
81.70928885,3.095672821,4.611,HIP 25473
81.71367869,33.26225911,6.158,HIP 25475
81.72632296,35.45727376,6.151,HIP 25476
81.74918226,-68.62254112,6.12,HIP 25482
81.7698472,-11.90096278,6.295,HIP 25486
81.77213162,-40.94352418,5.847,HIP 25488
81.78446816,30.20860273,5.72,HIP 25492
81.79206162,17.96221126,5.404,HIP 25499
81.8078919,15.25762808,6.182,HIP 25502
81.81417596,2.341202408,6.35,HIP 25505
81.90208535,-21.37571293,6.065,HIP 25532
81.90868401,21.93696808,4.868,HIP 25539
81.91201592,34.47587971,5.059,HIP 25541
81.94003373,15.8740505,5.515,HIP 25555
82.00612562,1.298250052,6.38,HIP 25582
82.00670855,17.23912988,5.758,HIP 25583
82.06134537,-20.75944389,2.84,HIP 25606
82.06389586,-37.23076324,5.552,HIP 25608
82.1448897,13.67897886,6.34,HIP 25638
82.23712286,-3.307429003,6.38,HIP 25667
82.31874511,25.15021277,5.84,HIP 25695
82.31875034,25.15021613,5.48,HIP 25695
82.34868594,-3.446393166,5.78,HIP 25708
82.41939092,29.18646402,6.19,HIP 25730
82.4233691,-0.802546764,6.5,HIP 25732
82.43325837,-1.092238426,4.71,HIP 25737
82.47822588,1.789259247,5.745,HIP 25751
82.53949562,-47.07765449,5.453,HIP 25768
82.54251353,63.06721919,5.407,HIP 25769
82.55784478,-84.7851016,6.186,HIP 25776
82.56613625,-63.92768428,6.19,HIP 25781
82.58301377,4.204794749,6.202,HIP 25785
82.5864738,-7.434816144,6.313,HIP 25786
82.60901566,15.36044716,5.934,HIP 25790
82.68061648,22.46225492,6.291,HIP 25806
82.68784994,39.82591335,6.377,HIP 25810
82.69604545,5.94813679,4.2,HIP 25813
82.69604602,5.948145281,4.46,HIP 25813
82.696285,5.948367715,5.76,HIP 25813
82.70271312,41.46199221,5.991,HIP 25816
82.78178289,-20.86365768,5.525,HIP 25853
82.8031145,-35.4705066,3.87,HIP 25859
82.81054929,3.29213136,5.46,HIP 25861
82.81055292,3.292133333,5.74,HIP 25861
82.83705546,-6.708380046,6.208,HIP 25869
82.90000942,-45.92531806,5.844,HIP 25887
82.97021911,-76.34090168,5.2,HIP 25918
82.98274983,-7.301537746,4.63,HIP 25923
83.00166706,-0.29909511,2.41,HIP 25930
83.0531318,18.5942366,4.33,HIP 25945
83.05892228,17.05813286,6.09,HIP 25950
83.1582648,0.011924835,6.16,HIP 25976
83.17229587,-1.591832069,5.34,HIP 25980
83.18197657,32.19202237,4.79,HIP 25984
83.18256716,-17.82228927,2.57,HIP 25985
83.21422089,-38.51336962,5.456,HIP 25993
83.24819048,-64.22751492,5.341,HIP 26001
83.28060658,-1.71735977,6.46,HIP 26020
83.28078088,-35.13937422,5.758,HIP 26019
83.36418331,32.80118106,6.474,HIP 26054
83.38102706,-1.15607207,5.34,HIP 26063
83.38179343,18.54022984,5.69,HIP 26064
83.40631655,-62.48982679,3.76,HIP 26069
83.40922954,34.72557111,6.261,HIP 26071
83.41182067,20.47421966,6.189,HIP 26072
83.43484994,-54.90229079,6.418,HIP 26079
83.47617712,14.30556772,5.593,HIP 26093
83.51030086,-7.023750955,6.45,HIP 26104
83.51621148,-1.035726707,6.22,HIP 26106
83.51686473,-1.470242381,5.895,HIP 26108
83.56988934,3.766906267,5.326,HIP 26126
83.62202425,-0.012346444,6.251,HIP 26149
83.68659149,-73.74127806,5.85,HIP 26169
83.70515678,9.489586217,4.41,HIP 26176
83.73930316,-61.17604871,6.311,HIP 26190
83.75419588,-6.009268531,5.53,HIP 26197
83.76117629,-6.002030097,4.72,HIP 26199
83.78448367,9.934164257,3.47,HIP 26207
83.78449002,9.93415587,3.66,HIP 26207
83.80519447,10.24007744,5.638,HIP 26215
83.81448025,-33.07972695,5.755,HIP 26219
83.81860957,-5.389700503,5.13,HIP 26221
83.84542183,-5.41606462,6.39,HIP 26235
83.84651939,-4.83834994,4.59,HIP 26237
83.85827581,-5.909888524,2.77,HIP 26241
83.86000314,-5.416887158,6.38,HIP 26235
83.86304858,24.03959602,5.38,HIP 26248
83.8794965,-4.364049272,6.38,HIP 26257
83.89960126,-3.252838729,6.41,HIP 26263
83.90074458,-78.82086913,6.033,HIP 26264
83.91451732,-4.856066549,5.234,HIP 26268
83.98125111,27.66234713,6.247,HIP 26291
84.01185797,-47.31374625,6.1,HIP 26300
84.0428974,-28.7080135,6.256,HIP 26309
84.05338894,-1.20191914,1.69,HIP 26311
84.06649495,47.71528705,6.095,HIP 26315
84.14674258,54.4286586,5.716,HIP 26344
84.14872228,-6.064750682,5.75,HIP 26345
84.21840015,40.18238071,6.082,HIP 26363
84.22661905,9.290671253,4.09,HIP 26366
84.22907733,-66.56028548,6.274,HIP 26368
84.26556488,17.04032716,5.525,HIP 26382
84.26826017,11.03499586,5.9,HIP 26386
84.28655119,-11.77551595,6.089,HIP 26395
84.29119519,-80.46912071,5.67,HIP 26394
84.31277863,64.15468824,6.179,HIP 26408
84.31676725,66.69669171,6.29,HIP 26410
84.31876251,-27.87145429,6.14,HIP 26412
84.33046301,8.951874592,6.095,HIP 26414
84.36398972,-5.938390139,6.024,HIP 26427
84.41118926,21.14254411,3.03,HIP 26451
84.43590679,-28.68969025,5.31,HIP 26460
84.4408576,33.55916757,6.355,HIP 26463
84.4724382,-4.814034805,6.18,HIP 26477
84.50466188,7.541416687,5.852,HIP 26487
84.57258528,-50.64099558,6.42,HIP 26515
84.6582232,-6.57395749,5.96,HIP 26535
84.6586879,30.49241816,5.406,HIP 26536
84.6813653,-40.70731026,5.804,HIP 26545
84.68652243,-2.600078661,3.79,HIP 26549
84.69668752,-2.594589285,6.46,-
84.72117994,-7.212829772,4.8,HIP 26563
84.73905594,26.61807026,6.43,HIP 26571
84.7862328,41.35856334,6.44,HIP 26592
84.79644083,4.12146897,4.59,HIP 26594
84.82630647,29.21521913,5.984,HIP 26606
84.86297978,21.76295206,6.43,HIP 26616
84.87850573,-9.706628648,6.481,HIP 26623
84.87979411,-3.56470419,5.974,HIP 26624
84.9122543,-34.07410972,2.65,HIP 26634
84.9321116,75.04387396,6.17,HIP 26638
84.93416998,25.89709445,5.166,HIP 26640
84.95766557,-32.6292159,5.437,HIP 26649
85.14961392,31.35819952,6.04,HIP 26712
85.15540354,-2.825236733,6.22,HIP 26713
85.1752074,31.92061043,6.21,HIP 26718
85.18969443,-1.94257359,1.77,HIP 26727
85.18969643,-1.942572322,1.9,HIP 26727
85.18988003,-1.943218622,3.73,HIP 26727
85.21131486,-1.128787524,4.95,HIP 26736
85.27331598,0.337754406,5.912,HIP 26762
85.32382365,16.53414592,4.836,HIP 26777
85.334732,53.48105801,6.23,HIP 26779
85.3374031,29.48741576,6.392,HIP 26781
85.36219011,-33.40074207,6.342,HIP 26796
85.4229613,-16.72582892,6.2,HIP 26821
85.51660498,22.66032841,6.35,HIP 26853
85.54824062,-30.53543243,6.172,HIP 26862
85.55816158,-22.37371403,5.89,HIP 26865
85.56031819,-17.53037418,6.144,HIP 26866
85.56331029,-34.66781664,5.283,HIP 26868
85.61020222,65.69764927,5.609,HIP 26882
85.61930096,1.474629399,4.9,HIP 26885
85.72464226,-6.796168401,5.965,HIP 26926
85.75697511,56.58152324,6.045,HIP 26942
85.78882874,-1.613251992,6.311,HIP 26953
85.83126013,23.2043745,6.21,HIP 26964
85.84029552,-18.55747545,5.727,HIP 26966
85.87577184,-39.40690891,6.243,HIP 26981
85.92141531,-45.83286645,6.364,HIP 27001
86.03519326,61.47653489,6.161,HIP 27046
86.11579424,-22.44838549,3.6,HIP 27072
86.11831418,-20.12657273,6.341,HIP 27075
86.19320832,-65.7354981,4.36,HIP 27100
86.25536924,12.88833269,6.46,HIP 27116
86.25751849,4.008232594,6.089,HIP 27118
86.47517483,49.82627104,5.46,HIP 27196
86.4995626,-32.30643396,5.18,HIP 27204
86.51195069,-4.268484919,6.31,HIP 27212
86.61405183,-46.59718292,5.302,HIP 27243
86.6266244,56.11557568,5.927,HIP 27249
86.68957012,15.82249513,5.994,HIP 27265
86.71722598,9.522339828,5.768,HIP 27280
86.73892235,-14.82195016,3.525,HIP 27288
86.75018159,51.52087375,6.46,HIP 27293
86.76906989,-28.63891298,6.23,HIP 27303
86.78251838,-16.23807949,6.157,HIP 27308
86.8048068,14.48832428,5.721,HIP 27316
86.80554146,-54.36072052,6.171,HIP 27317
86.81118769,42.52674622,6.292,HIP 27319
86.82119871,-51.06651143,3.86,HIP 27321
86.82785977,-35.67407409,6.282,HIP 27325
86.85914823,17.72914224,5.455,HIP 27338
86.86205431,-10.53296964,6.09,HIP 27341
86.88433343,63.59884774,6.49,HIP 27346
86.89443954,25.56862047,6.473,HIP 27353
86.928781,13.89959609,5.29,HIP 27364
86.93912017,-9.669604919,2.06,HIP 27366
87.00078119,6.453896297,6.01,HIP 27386
87.00097119,6.454154231,5.95,HIP 27386
87.09317753,20.86948521,6.021,HIP 27421
87.1455844,-4.094644941,5.97,HIP 27435
87.25404562,24.56746075,4.873,HIP 27468
87.26937712,62.8081902,6.21,HIP 27472
87.29348991,39.18107232,4.5,HIP 27483
87.38720972,12.65132241,4.875,HIP 27511
87.39219266,-44.87539338,6.373,HIP 27512
87.40226063,-14.48366636,5.49,HIP 27517
87.45691694,-56.16666602,4.494,HIP 27530
87.47293427,-22.97188125,5.861,HIP 27533
87.47303947,-66.9011982,5.11,HIP 27534
87.5544392,4.423405639,5.936,HIP 27560
87.56994058,-79.36136109,5.451,HIP 27566
87.62007236,-52.76789666,6.339,HIP 27583
87.62045167,14.30560711,5.52,HIP 27581
87.6251143,2.024702909,5.976,HIP 27588
87.72175618,-52.10887423,5.166,HIP 27621
87.73996785,-35.76830962,3.12,HIP 27628
87.74212582,27.96786198,5.582,HIP 27629
87.76015537,37.30556969,4.74,HIP 27639
87.83040012,-20.87909185,3.85,HIP 27654
87.84159848,-7.518003031,5.341,HIP 27658
87.84618956,-64.03356323,6.359,HIP 27660
87.85729353,32.12469198,6.26,HIP 27661
87.8692255,-22.92694842,6.156,HIP 27670
87.87237274,39.14852391,3.95,HIP 27673
87.99828037,-29.44942497,6.444,HIP 27705
88.03220444,-9.041901359,5.96,HIP 27713
88.07189343,58.96408859,6.132,HIP 27731
88.08417258,-57.15618929,5.948,HIP 27737
88.09288097,14.17178566,5.586,HIP 27743
88.09752655,19.86784727,5.985,HIP 27747
88.11016074,1.855137864,4.75,HIP 27750
88.138271,-37.63106187,5.615,HIP 27766
88.16526814,39.57470461,6.39,HIP 27777
88.16705423,33.91746285,6.07,HIP 27778
88.23122565,68.47154348,6.213,HIP 27795
88.27867344,-33.80136322,4.87,HIP 27810
88.33185938,27.61226194,4.552,HIP 27830
88.52522744,-63.08978029,4.66,HIP 27890
88.55562224,10.58640579,6.115,HIP 27900
88.55838039,-29.14727139,6.334,HIP 27901
88.56566368,3.225641407,6.302,HIP 27902
88.59576246,20.27617279,4.4,HIP 27913
88.67133358,-49.62701051,6.098,HIP 27937
88.68179404,-11.77419391,5.613,HIP 27938
88.68348585,0.968615647,5.975,HIP 27939
88.70871382,-52.63548061,5.29,HIP 27947
88.71152891,55.70696671,4.96,HIP 27949
88.71867915,-39.95785962,5.543,HIP 27955
88.73619536,19.74961792,5.894,HIP 27965
88.74094237,59.88836865,5.2,HIP 27971
88.79293899,7.407064,0.42,HIP 27989
88.87464509,-37.12068316,4.961,HIP 28010
88.87571479,-4.616544484,5.857,HIP 28011
88.8973705,-4.788585565,6.264,HIP 28019
88.95487818,20.17518831,5.4,HIP 28041
89.05946514,-22.83997616,5.945,HIP 28085
89.08726344,-31.38243892,5.51,HIP 28098
89.10122288,-14.16769954,3.72,HIP 28103
89.11680846,9.509393087,5.964,HIP 28110
89.14069926,28.94226559,6.336,HIP 28117
89.14349485,-23.21531151,6.361,HIP 28118
89.20419,-31.97624466,6.419,HIP 28138
89.20604058,11.52105891,5.884,HIP 28139
89.23382726,24.24968876,6.029,HIP 28154
89.30988936,-53.42569466,6.451,HIP 28180
89.38420857,-35.28328099,4.36,HIP 28199
89.39591577,66.09609931,6.26,HIP 28205
89.47705248,1.224311999,6.202,HIP 28232
89.49857058,25.95391217,4.82,HIP 28237
89.54879053,-0.994018582,6.198,HIP 28252
89.60184591,1.837108382,5.886,HIP 28271
89.65644605,-44.03456032,5.802,HIP 28287
89.70656135,0.552982337,5.2,HIP 28296
89.75450083,-9.382224,6.16,HIP 28321
89.7679722,-9.558252779,5.029,HIP 28325
89.78668787,-42.81513231,3.96,HIP 28328
89.84074699,49.92453881,5.907,HIP 28343
89.88174341,54.28473796,3.72,HIP 28358
89.88217887,44.94743257,1.9,HIP 28360
89.93029218,37.21258463,2.62,HIP 28380
89.94093372,55.32085413,6.41,HIP 28385
89.94978171,54.54700781,6.129,HIP 28390
89.98374136,45.93673492,4.25,HIP 28404
90.01395681,-3.074258471,4.52,HIP 28413
90.07358521,-12.90003368,6.195,HIP 28434
90.07874114,44.59201295,6.2,HIP 28438
90.20487472,-51.21632068,5.647,HIP 28484
90.24400905,47.90192487,5.706,HIP 28499
90.25188992,27.57236162,6.04,HIP 28500
90.29183784,31.03451723,6.19,HIP 28517
90.30457345,-25.41776094,6.037,HIP 28520
90.31790687,-33.91183556,5.524,HIP 28524
90.33447313,85.18211518,6.115,HIP 28532
90.42345606,22.40099536,6.355,HIP 28561
90.4294161,48.95944564,5.959,HIP 28562
90.46009134,-10.59793087,5.01,HIP 28574
90.53889617,-60.09683056,6.49,HIP 28596
90.5958197,9.647288306,4.3,HIP 28614A
90.5958688,9.647366606,6.27,HIP 28614B
90.64088474,-14.49715605,6.186,HIP 28622
90.68808875,47.80952962,6.49,HIP 28634
90.70251252,49.90567878,6.04,HIP 28637
90.7229038,43.37833244,6.35,HIP 28642
90.76798738,57.01831313,6.48,HIP 28656
90.81501528,-26.2845428,5.04,HIP 28675
90.85320294,11.68106579,6.075,HIP 28686
90.86401642,19.69056282,5.13,HIP 28691
90.97993488,20.13845226,4.63,HIP 28716
91.03006433,23.26334447,4.15,HIP 28734
91.05625141,-6.708951498,5.21,HIP 28744
91.08443858,-32.17242915,5.631,HIP 28756
91.11849707,-45.03660354,6.35,HIP 28764
91.12133567,51.57339686,6.392,HIP 28765
91.16708851,-45.07891539,5.966,HIP 28790
91.24242883,5.419966963,5.658,HIP 28812
91.24316214,4.158662462,5.621,HIP 28814
91.24637272,-16.4844359,4.93,HIP 28816
91.26075461,37.96427762,6.32,HIP 28820
91.28429285,59.39321372,6.321,HIP 28829
91.28894209,75.58591901,6.29,HIP 28831
91.36263399,-10.24259519,5.874,HIP 28854
91.36324411,-35.51364695,5.795,HIP 28855
91.39124612,33.59904977,6.213,HIP 28861
91.52308022,-29.75862406,5.784,HIP 28899
91.53884947,-14.93525539,4.663,HIP 28910
91.5390907,-66.0396209,5.69,HIP 28909
91.59352206,29.51241201,6.033,HIP 28930
91.63373493,-23.11084837,5.46,HIP 28943
91.64623968,38.48264679,5.345,HIP 28946
91.6614016,-4.19383566,5.362,HIP 28949
91.66314572,63.45383746,6.45,HIP 28951
91.67101629,-42.29880017,6.154,HIP 28957
91.73963673,-21.81229821,5.78,HIP 28984
91.75788187,-45.09150922,6.475,HIP 28988
91.76419462,-62.15456934,5.041,HIP 28991
91.76528953,-34.31202218,5.836,HIP 28992
91.86148698,41.85428233,6.144,HIP 29025
91.88180343,-37.25291923,4.994,HIP 29034
91.89302135,14.76847521,4.397,HIP 29038
91.92349227,-19.16586655,5.279,HIP 29048
91.97024801,-42.15404119,5.492,HIP 29064
92.0964004,41.05572818,6.339,HIP 29114
92.14428825,-44.35621271,6.246,HIP 29129
92.1844241,-68.84341177,5.038,HIP 29134
92.19875777,-6.821371853,6.46,HIP 29140
92.24112241,-22.42739337,5.48,HIP 29150
92.24126553,2.499690333,5.73,HIP 29151
92.33415933,-18.12638665,6.359,HIP 29178
92.34760343,-49.5628311,6.484,HIP 29185
92.38515414,22.19026501,5.904,HIP 29196
92.3938498,-14.58461809,5.555,HIP 29205
92.40105037,-5.711428994,6.148,HIP 29210
92.43327206,23.11346451,5.75,HIP 29225
92.44643758,-26.70108516,6.277,HIP 29233
92.44981218,-22.7743398,5.717,HIP 29234
92.49588965,58.93569291,5.355,HIP 29246
92.54334975,-40.35379068,5.58,HIP 29263
92.56030243,-74.75304398,5.069,HIP 29271
92.57461868,-54.96864291,4.72,HIP 29276
92.64450111,-27.15434267,5.698,HIP 29294
92.6663661,-45.28198885,6.272,HIP 29304
92.75505625,-6.754215933,6.15,HIP 29323
92.75737731,18.13046205,6.335,HIP 29326
92.80670176,60.45348913,6.5,HIP 29348
92.80690163,-26.48209853,6.068,HIP 29347
92.81242354,-65.58941802,5.01,HIP 29353
92.86629513,13.63856153,6.036,HIP 29371
92.88460631,24.42025309,5.825,HIP 29379
92.90246542,48.71098809,6.15,HIP 29388
92.93215481,-4.665445274,6.18,HIP 29401
92.94130458,52.6471836,6.268,HIP 29404
92.96589307,-6.550283421,5.04,HIP 29417
92.9849877,14.20876726,4.48,HIP 29426
93.00558915,19.79054153,5.749,HIP 29433
93.0136664,16.13040378,4.92,HIP 29434
93.07957848,22.90851475,6.39,HIP 29450
93.08385449,32.69338156,5.769,HIP 29451
93.21276061,65.7184211,5.344,HIP 29490
93.24821975,6.01625794,6.459,HIP 29509
93.43873073,-23.86193654,6.366,HIP 29568
93.43892419,51.17246937,6.068,HIP 29569
93.47597481,-3.741371081,5.833,HIP 29575
93.65292793,-4.568455896,5.819,HIP 29629
93.71388839,-6.274776779,3.96,HIP 29651
93.7190378,22.5067525,6.03,HIP 29655
93.71935536,22.50678733,3.28,HIP 29655
93.78501011,-20.27218456,5.868,HIP 29679
93.78530313,13.8510998,5.894,HIP 29678
93.82386232,-18.47724073,5.984,HIP 29692
93.84453491,29.49807648,4.35,HIP 29696
93.85470151,16.14316528,5.327,HIP 29704
93.85895285,-9.035761353,6.081,HIP 29705
93.8736379,-4.914717968,6,HIP 29711
93.89277138,-0.512189104,5.65,HIP 29716
93.91740291,6.066168504,6.07,HIP 29728
93.91890303,59.99896469,5.351,HIP 29730
93.93702619,-13.71841407,5.001,HIP 29735
93.93735211,12.55107027,5.467,HIP 29736
93.97490735,1.169120328,6.36,HIP 29746
94.03204763,-16.61800652,5.91,HIP 29771
94.0782734,-59.21350269,6.43,HIP 29788
94.07936156,23.97002992,6.075,HIP 29789
94.09913531,17.18160679,6.37,HIP 29798
94.13806452,-35.1405151,4.37,HIP 29807
94.14828345,-39.26439312,5.983,HIP 29808
94.24460776,23.74091224,6.25,HIP 29840
94.2551308,-37.73744599,5.534,HIP 29842
94.26499115,-22.71523102,6.04,HIP 29843
94.27758283,9.942393053,5.386,HIP 29850
94.28984611,-37.25355263,5.872,HIP 29852
94.3172071,5.09997354,5.7,HIP 29860
94.42385015,-16.81590868,5.148,HIP 29895
94.46560251,-52.73303111,6.387,HIP 29913
94.47842353,61.5152866,5.05,HIP 29919
94.52336849,14.38285977,6.125,HIP 29931
94.557202,-19.96697358,5.501,HIP 29941
94.57027158,46.36044285,6.323,HIP 29949
94.6681641,9.047170174,6.225,HIP 29982
94.70329718,-15.02496076,6.06,HIP 29993
94.71076045,-9.39001823,5.352,HIP 29996
94.71157297,69.31981424,4.757,HIP 29997
94.74573091,-20.92560975,5.8,HIP 30011
94.75767788,17.32526216,6.32,HIP 30019
94.78304926,-8.586012797,6.22,HIP 30028
94.9057193,59.010981,4.434,HIP 30060
94.90904025,-22.10312008,6.27,HIP 30062
94.92065313,-34.39659085,5.749,HIP 30069
94.92833349,-7.822905918,5.252,HIP 30073
94.99831544,-2.944493558,4.899,HIP 30093
95.01759991,14.65112955,5.658,HIP 30099
95.07830017,-30.06336673,2.99,HIP 30122
95.14649001,-23.63796502,6.48,HIP 30141
95.15099913,-34.14414357,5.521,HIP 30143
95.27262118,-11.81733151,6.32,HIP 30190
95.29965356,29.54082814,6.404,HIP 30200
95.35298558,-11.7732406,5.55,HIP 30214
95.35742101,2.268521218,6.28,HIP 30217
95.35799745,17.76346439,6.28,HIP 30218
95.4422096,53.4521774,5.333,HIP 30247
95.51463113,59.37216092,6.31,HIP 30272
95.51479771,59.37209798,6.07,HIP 30272
95.52843729,-33.43639895,3.85,HIP 30277
95.65163511,12.57023699,6,HIP 30318
95.65948232,-69.98404458,5.542,HIP 30321
95.67493897,-17.95591871,1.97,HIP 30324
95.73262592,-56.36996684,5.598,HIP 30342
95.74011193,22.51358275,2.87,HIP 30343
95.7560593,-63.68313495,6.278,HIP 30352
95.77653942,56.97634924,6.47,HIP 30357
95.81030765,-31.79031492,6.319,HIP 30376
95.82704928,3.764489768,6.385,HIP 30382
95.89965847,-9.874729804,6.134,HIP 30407
95.94202257,4.592882361,4.398,HIP 30419
95.94226777,-15.07125364,6.221,HIP 30420
95.9425,4.5956,4.31,HIP 30419
95.9455301,-58.54387217,6.467,HIP 30423
95.98297427,-25.57763161,5.6,HIP 30436
95.98795783,-52.69566138,-0.74,HIP 30438
96.00420787,-36.70776321,5.619,HIP 30444
96.00951294,8.885012899,6.219,HIP 30448
96.04299755,-11.53008763,5.207,HIP 30457
96.05767657,-60.28132294,5.766,HIP 30463
96.08573954,-12.96193434,6.12,HIP 30468
96.1108345,-63.42901095,6.46,HIP 30480
96.18228145,25.048719,6.345,HIP 30501
96.18283162,-28.78011548,6.39,HIP 30503
96.18540199,-40.28397917,6.292,HIP 30505
96.21987779,16.05712959,6.35,HIP 30517
96.22458979,49.28789201,4.75,HIP 30520
96.23249006,-63.82814291,6.249,HIP 30524
96.30416532,7.085710717,5.98,HIP 30541
96.31894282,-0.945882901,5.9,HIP 30545
96.36739265,14.72199226,6,HIP 30564
96.36929453,-69.6903,5.38,HIP 30565
96.37502303,-35.06415006,6.243,HIP 30566
96.38724539,23.32716775,6.05,HIP 30570
96.43188594,-48.17689921,5.87,HIP 30591
96.43188785,-48.17689908,5.76,HIP 30591
96.44638972,-3.88901497,6.309,HIP 30595
96.46802296,11.12588229,6.38,HIP 30602
96.49511469,-7.894983794,6.404,HIP 30608
96.53969382,-3.515721081,6.43,HIP 30627
96.60765263,56.28509618,5.54,HIP 30651
96.64351556,-4.597397445,6.133,HIP 30660
96.66495771,-1.507333086,5.854,HIP 30666
96.67774009,-14.60342984,6.3,HIP 30669
96.68688254,-7.511940346,6.33,HIP 30675
96.7036346,58.41740802,5.197,HIP 30679
96.75365909,-4.355646375,6.472,HIP 30700
96.76723653,-58.00211859,5.816,HIP 30703
96.7816011,-37.89550423,6.487,HIP 30706
96.79735276,-25.85649792,6.07,HIP 30711
96.80733782,0.299244199,5.186,HIP 30717
96.8149635,-0.276001422,5.538,HIP 30720
96.83521067,2.908287855,5.543,HIP 30728
96.89800749,32.56294614,6.46,HIP 30741
96.98613073,20.4963209,6.22,HIP 30769
96.9898668,-4.762147611,5.041,HIP 30772
97.04253342,-32.58006834,4.48,HIP 30788
97.06035274,70.53531894,6.04,HIP 30794
97.06986479,1.912678364,6.45,HIP 30798
97.07838604,10.30389551,6.155,HIP 30804
97.11689111,16.23838478,6.233,HIP 30815
97.1420341,30.493036,5.55,HIP 30827
97.15591494,-17.46601048,5.761,HIP 30836
97.16351048,-32.37127735,5.74,HIP 30840
97.1635147,-32.37127776,5.89,HIP 30840
97.17671258,-41.07485826,6.316,HIP 30849
97.20445711,-7.03305837,3.74,HIP 30867
97.20446001,-7.033059396,4.6,HIP 30867
97.20592752,-7.034400224,5,HIP 30867
97.2067207,-7.034653347,5.32,HIP 30867
97.24077556,20.2121349,4.14,HIP 30883
97.31171482,2.646195275,6.2,HIP 30906
97.36874223,-56.85276686,5.197,HIP 30932
97.51239078,46.6855547,5.866,HIP 30972
97.51254265,-65.56824107,6.262,HIP 30973
97.54698446,-10.08151264,5.909,HIP 30986
97.5492401,-19.21488911,6.44,HIP 30988
97.64535872,-13.14817367,6.14,HIP 31024
97.69285297,-27.76957997,5.903,HIP 31037
97.69628163,58.16263328,5.855,HIP 31039
97.74956085,-40.916253,6.179,HIP 31056
97.78984223,11.2513759,6.14,HIP 31066
97.79163643,16.9386318,6.17,HIP 31067
97.79433111,-61.87954259,6.144,HIP 31068
97.80455602,-35.25885727,5.82,HIP 31072
97.82637888,-51.82596005,5.573,HIP 31079
97.8460234,-12.39197491,5.153,HIP 31084
97.84997846,-32.86854629,6.34,HIP 31086
97.89561565,-36.9400237,6.278,HIP 31099
97.9059796,15.90350403,6.38,HIP 31105
97.95124473,11.54441177,5.21,HIP 31119
97.95860089,-8.158221985,5.411,HIP 31121
97.96402618,-23.4184222,4.33,HIP 31125
97.9929588,-58.75383649,5.64,HIP 31137
98.07727338,17.78435062,6.242,HIP 31158
98.08001623,4.855998274,5.83,HIP 31159
98.08907308,-37.6967237,5.253,HIP 31165
98.09637191,-5.868818891,5.598,HIP 31167
98.09698015,11.67351702,6.05,HIP 31168
98.11326986,32.4548979,5.829,HIP 31173
98.16240684,-32.03044264,5.706,HIP 31190
98.19530467,-11.16638539,6.24,HIP 31205
98.22594959,7.332969698,4.5,HIP 31216
98.29266461,-38.62518721,6.434,HIP 31241
98.35950743,-52.32923189,6.172,HIP 31265
98.36110783,-20.92396961,6.402,HIP 31266
98.40068513,14.1551647,5.553,HIP 31277
98.40800582,-1.220153677,5.079,HIP 31278
98.45616692,-36.23202641,5.405,HIP 31299
98.63666727,55.35304329,6.46,HIP 31359
98.64721201,-32.71625298,5.61,HIP 31362
98.69299183,7.572482182,6.46,HIP 31385
98.74408325,-52.97560928,4.4,HIP 31407
98.7641148,-22.96479542,4.5,HIP 31416
98.80025902,28.0223108,5.26,HIP 31434
98.81595221,0.890218102,5.86,HIP 31446
98.82331911,9.988336831,5.887,HIP 31448
98.87840996,-22.10905195,6.32,HIP 31469
98.9751225,-36.08863289,6.35,HIP 31509
99.09521768,-18.65990399,5.695,HIP 31564
99.13682127,38.44550528,5.25,HIP 31579
99.14720688,-5.211139731,5.52,HIP 31583
99.17099033,-19.2558804,3.91,HIP 31592
99.17110043,-22.61473195,6.41,HIP 31593
99.19415856,-13.32102125,5.939,HIP 31599
99.21363784,-41.55713861,6.338,HIP 31603
99.2578687,-38.14650374,6.052,HIP 31617
99.35017536,6.135380307,6.06,HIP 31646
99.36369967,24.59085436,6.48,HIP 31650
99.40372602,10.85329501,6.37,HIP 31662
99.4099464,56.85753032,5.89,HIP 31665
99.41802613,2.704159667,6.172,HIP 31672
99.4199729,-12.98511745,6.106,HIP 31674
99.42796043,16.39928043,1.92,HIP 31681
99.44030261,-43.19593569,3.17,HIP 31685
99.44840878,-32.33973347,5.258,HIP 31688
99.46959955,4.956667537,6.2,HIP 31697
99.47258909,-18.23748069,4.43,HIP 31700
99.58523082,-2.543895729,6.116,HIP 31733
99.59545015,-23.58031906,6.5,HIP 31736
99.59587722,28.98433754,5.744,HIP 31737
99.64760764,-16.87354656,6.03,HIP 31758
99.65681556,-48.22018367,5.03,HIP 31765
99.6591137,1.613520891,6.31,HIP 31766
99.66473662,39.39085112,5.69,HIP 31771
99.70491833,39.90255953,5.331,HIP 31789
99.77208699,22.03088272,6.08,HIP 31813
99.8196643,-14.14576188,4.812,HIP 31827
99.83261348,42.48887658,4.82,HIP 31832
99.88118071,24.60016348,6.38,HIP 31850
99.8880001,28.26313235,6.22,HIP 31852
99.90093996,-23.69568979,6.05,HIP 31859
99.92775221,-30.47049053,5.71,HIP 31870
99.94882153,12.98276979,5.978,HIP 31876
99.99119137,44.01411374,6.34,HIP 31889
100.0120453,-80.81359402,5.606,HIP 31897
100.1203209,77.99578275,5.72,HIP 31940
100.1331101,6.371251749,6.498,HIP 31945
100.1343856,71.74878599,5.86,HIP 31946
100.2400102,-71.7751909,6.492,HIP 31977
100.2444151,9.89575637,4.68,HIP 31978
100.2726707,0.49532234,5.765,HIP 31992
100.3090397,-40.34984692,6.14,HIP 32007
100.321747,11.00320089,6.21,HIP 32012
100.3370731,28.19664014,6.427,HIP 32019
100.3414228,16.39765274,6.272,HIP 32020
100.4073307,35.93192026,6.481,HIP 32040
100.4849386,-9.167534781,5.194,HIP 32064
100.4967953,6.345425714,6.37,HIP 32067
100.6013635,17.6453018,5.21,HIP 32104
100.6918496,-22.44859336,6.23,HIP 32144
100.770717,44.52444947,5.02,HIP 32173
100.7775585,3.033800584,6.17,HIP 32177
100.8072607,37.14737713,6.206,HIP 32190
100.8473083,-39.19311216,6.273,HIP 32208
100.9110236,3.932530341,5.9,HIP 32226
100.9830298,25.13112719,2.98,HIP 32246
100.9970298,13.2279999,4.49,HIP 32249
101.0521784,36.1092584,6.369,HIP 32268
101.0532939,-54.69551488,6.46,HIP 32269
101.1186129,-31.07052565,5.17,HIP 32292
101.1894158,28.97093898,5.44,HIP 32311
101.2164673,-27.34166703,6.43,HIP 32322
101.2318568,-70.43375755,6.091,HIP 32332
101.2871553,-16.71611586,-1.46,HIP 32349
101.322352,12.89559496,3.36,HIP 32362
101.345585,-31.79364811,5.916,HIP 32366
101.3473496,-23.46243168,6.033,HIP 32368
101.3799532,-30.94898047,5.68,HIP 32385
101.4738235,-52.40969089,5.761,HIP 32402
101.4758297,12.69356338,6.47,HIP 32404
101.4974755,-14.79612902,5.298,HIP 32411
101.5432074,23.37122346,6.49,HIP 32431
101.5506227,-37.77532403,6.192,HIP 32434
101.5588796,59.44166893,5.44,HIP 32438
101.5598466,59.44182007,5.99,HIP 32438
101.6350605,8.587157607,5.92,HIP 32463
101.6625671,-10.10735974,5.646,HIP 32474
101.7062928,57.16917581,5.335,HIP 32489
101.7128847,-14.42597548,5.272,HIP 32492
101.719472,-51.26566786,5.379,HIP 32494
101.7440655,-87.02496351,6.462,HIP 32500
101.7561814,-21.01540325,6.08,HIP 32504
101.8279513,-55.53999,5.61,HIP 32531
101.8326257,8.037256353,4.77,HIP 32533
101.8391637,-37.92969723,5.26,HIP 32537
101.9050874,-8.99850272,5.062,HIP 32558
101.9148995,48.78948438,5.216,HIP 32562
101.9651995,2.412176392,4.47,HIP 32578
102.0477297,-61.94138912,3.23,HIP 32607
102.0534242,55.70448408,6.29,HIP 32609
102.0794429,-1.318923398,5.731,HIP 32617
102.2652337,1.002067414,6.15,HIP 32682
102.3183574,-2.272047332,5.75,HIP 32698
102.4221394,32.60675971,5.708,HIP 32740
102.4345059,37.51274833,6.48,HIP 32746
102.457651,16.20288409,5.87,HIP 32753
102.4602463,-32.50847884,3.89,HIP 32759
102.4638072,-53.62245041,4.408,HIP 32761
102.4775681,-46.61456159,5.14,HIP 32765
102.4840381,-50.6145387,2.93,HIP 32768
102.5042297,-60.24914479,6.098,HIP 32775
102.5907017,-17.08455232,5.771,HIP 32809
102.5972844,-31.70605786,5.747,HIP 32810
102.6062444,13.41317872,5.672,HIP 32814
102.6539972,-25.77839432,6.314,HIP 32827
102.6762626,-8.040996612,6.29,HIP 32838
102.6914303,41.78123055,4.975,HIP 32844
102.7076291,-0.54087986,5.771,HIP 32851
102.7181318,-34.36731835,4.989,HIP 32855
102.7378712,67.57193422,5.122,HIP 32864
102.8624382,-70.9634104,5.395,HIP 32912
102.8857468,-48.29275365,6.404,HIP 32918
102.8876933,21.76114529,5.259,HIP 32921
102.9140697,3.041991679,6.369,HIP 32931
102.9267531,-36.23027219,5.94,HIP 32938
102.9999424,23.60172199,5.671,HIP 32968
103.095259,-5.316276911,6.282,HIP 32990
103.1892878,-59.34117079,6.415,HIP 33012
103.1964039,-43.97558681,6.46,HIP 33015
103.1972453,33.96125676,3.6,HIP 33018
103.2061285,8.380397091,5.742,HIP 33024
103.2512481,-26.95763275,6.44,HIP 33040
103.255879,38.86914785,6.099,HIP 33041
103.2647526,35.78799875,6.016,HIP 33044
103.2710352,59.44854219,5.38,HIP 33048
103.2815772,44.83993841,6.236,HIP 33056
103.3057994,38.43802369,6.41,HIP 33064
103.3283841,-19.03269422,5.648,HIP 33077
103.3410047,-18.93284194,6.123,HIP 33079
103.3433277,10.99665374,6.281,HIP 33082
103.3871122,-20.22425261,4.83,HIP 33092
103.3914272,-28.5397944,6.04,HIP 33094
103.4260345,68.88831101,5.096,HIP 33104
103.4810533,-24.53875576,6.22,HIP 33126
103.4878043,38.50501911,6.443,HIP 33133
103.5094078,-50.61159966,6.26,HIP 33139
103.5331345,-24.18421097,3.87,HIP 33152
103.5357981,-5.85218921,6.46,HIP 33154
103.5474953,-12.0386281,4.08,HIP 33160
103.6027145,-1.126946996,5.435,HIP 33184
103.6111815,-42.36557181,6.27,HIP 33189
103.6609923,13.17784532,4.715,HIP 33202
103.6751771,-1.756482966,6.21,HIP 33210
103.7454881,-2.803589687,6.017,HIP 33243
103.7614084,-20.40487718,5.792,HIP 33248
103.8110755,43.91002923,6.151,HIP 33269
103.8132771,45.82640947,6.311,HIP 33271
103.8277765,25.37569543,5.748,HIP 33277
103.8942562,8.324290933,6.258,HIP 33297
103.9059602,-20.1364969,4.664,HIP 33302
103.9455336,-22.9414426,5.3,HIP 33316
103.9782174,-31.7901795,6.34,HIP 33330
104.0276913,-14.0434309,5.09,HIP 33345
104.0342691,-17.05423863,4.385,HIP 33347
104.0666245,-48.72114336,4.95,HIP 33357
104.1076368,9.956573691,5.897,HIP 33372
104.1335749,46.27399881,5.87,HIP 33377
104.1436431,-79.42019216,5.449,HIP 33384
104.1904225,-35.34133453,6.262,HIP 33394
104.2335408,46.70535191,5.877,HIP 33415
104.2503928,-8.179299938,6.337,HIP 33420
104.2521743,33.68103977,5.927,HIP 33421
104.3047389,57.56328631,6.013,HIP 33444
104.3191886,58.42276123,4.35,HIP 33449
104.3232678,-35.50715499,6.224,HIP 33451
104.3270967,37.3947219,6.5,HIP 33453
104.3566122,11.90755495,6.27,HIP 33465
104.3913174,-24.63082475,5.47,HIP 33478
104.4046134,45.09409392,4.893,HIP 33485
104.4276483,-27.53751086,6.23,HIP 33492
104.5314723,-27.16438375,6.361,HIP 33532
104.604537,-34.11169012,5.068,HIP 33558
104.6495785,-25.41415371,5.583,HIP 33575
104.6515373,-56.3948468,6.443,HIP 33577
104.6564532,-28.97208616,1.5,HIP 33579
104.6621364,7.622296696,6.241,HIP 33584
104.6655965,-55.72912346,6.26,HIP 33588
104.673877,-45.76761422,6.22,HIP 33590
104.682071,-30.99803597,6.395,HIP 33591
104.7376016,3.602355719,5.947,HIP 33603
104.7618639,38.05231842,6.021,HIP 33614
104.8340614,7.316966863,6.33,HIP 33644
104.8663861,25.91416308,6.397,HIP 33650
104.9135662,-21.60289372,6.26,HIP 33666
104.9605628,-67.91644453,5.17,HIP 33682
105.0168216,76.97740862,4.54,HIP 33694
105.028652,-27.9348306,3.49,HIP 33856
105.0345032,-20.15842469,6.305,HIP 33703
105.0659307,16.07899589,5.69,HIP 33715
105.0751488,-5.367161369,6.282,HIP 33719
105.0989854,-8.406818507,5.939,HIP 33729
105.1771345,-28.48957402,6.279,HIP 33760
105.2072857,-33.46552732,6.399,HIP 33774
105.2145218,-51.40258597,5.151,HIP 33779
105.2713073,-58.93993733,6.005,HIP 33800
105.2747761,-25.21563381,5.635,HIP 33804
105.3392458,70.80829542,5.69,HIP 33827
105.4297835,-27.93483034,3.47,HIP 33856
105.4704863,-1.345883166,6.189,HIP 33873
105.4849317,-5.722063131,5.192,HIP 33878
105.5644911,-43.40387906,6.431,HIP 33909
105.5728917,15.33600982,5.75,HIP 33914
105.60325,24.21544625,5.181,HIP 33927
105.6063911,17.75551959,5.94,HIP 33929
105.638697,16.67444524,5.848,HIP 33937
105.7282386,-4.239232115,5,HIP 33971
105.7561306,-23.83329397,3.02,HIP 33977
105.8246426,9.138357838,5.953,HIP 34002
105.9086328,10.95181765,5.117,HIP 34033
105.9395561,-15.633287,4.12,HIP 34045
105.9649947,12.59424254,5.985,HIP 34055
105.9733422,-49.58393872,4.925,HIP 34059
105.9888134,-43.60803496,5.28,HIP 34065
105.9894007,-10.12376472,6.428,HIP 34066
106.011636,-42.33728669,5.19,HIP 34081
106.0218639,-5.323975146,5.602,HIP 34086
106.0272135,20.57029847,3.79,HIP 34088
106.0762892,-56.74970225,5.17,HIP 34105
106.1960473,-22.0316877,6.072,HIP 34142
106.2874534,47.77504172,6.359,HIP 34168
106.3182069,-50.36003885,6.449,HIP 34177
106.3265371,22.63745825,6.01,HIP 34182
106.4126061,9.185790691,5.78,HIP 34215
106.4652974,70.73192521,6.48,HIP 34238
106.5020295,-30.65571078,6.325,HIP 34248
106.5051517,59.80185096,6.39,HIP 34250
106.5094495,-38.38286472,6.083,HIP 34253
106.548299,34.47396785,5.551,HIP 34267
106.5596376,-68.83758138,6.474,HIP 34270
106.649855,-12.39395018,6.5,HIP 34297
106.6698613,-11.29401101,5.39,HIP 34301
106.7186366,-24.96057977,6.088,HIP 34318
106.7769635,4.910580944,6.088,HIP 34338
106.7794907,-40.89326951,5.783,HIP 34339
106.8053386,-51.96827369,5.952,HIP 34349
106.8178139,-59.71641615,6.47,HIP 34350
106.8433275,34.00928883,5.93,HIP 34358
106.8441142,-23.84071495,5.83,HIP 34360
106.8536595,28.17669822,6.464,HIP 34367
106.9562041,7.471214725,5.739,HIP 34387
107.0553012,33.83238946,6.3,HIP 34428
107.0918313,15.93067662,5.476,HIP 34440
107.0978502,-26.39319958,1.84,HIP 34444
107.151009,37.44509715,6.185,HIP 34462
107.1765428,-70.49709075,5.623,HIP 34473
107.1869404,-70.4989304,3.746,HIP 34481
107.2127839,-39.6556553,4.83,HIP 34495
107.3343721,-10.3465653,6.21,HIP 34536
107.3890136,-16.23450917,6.08,HIP 34561
107.4292652,-25.2310336,5.69,HIP 34579
107.5278264,21.24698391,6.42,HIP 34608
107.5390322,-18.68564059,6.23,HIP 34617
107.5570063,-4.23710696,4.92,HIP 34622
107.5805032,-27.49151916,5.448,HIP 34624
107.6978449,-48.93209712,5.09,HIP 34670
107.7627172,-3.898014582,6.5,HIP 34688
107.7848763,30.24516377,4.42,HIP 34693
107.8461138,26.85658899,5.75,HIP 34722
107.8483994,-0.301929205,5.428,HIP 34724
107.9138605,39.32055034,4.886,HIP 34752
107.9233532,-20.88306099,5.825,HIP 34758
107.9451968,16.97632199,6.5,HIP 34763
107.9640959,5.654703025,6.059,HIP 34768
107.9660853,-0.49276717,4.15,HIP 34769
108.0170385,-30.82136703,6.076,HIP 34782
108.0312163,5.474346303,6.152,HIP 34789
108.0508946,-25.9425878,5.897,HIP 34798
108.0658625,-40.49882094,5.31,HIP 34802
108.1099009,24.12859389,5.85,HIP 34819
108.1401047,-46.75930461,4.49,HIP 34834
108.2799757,-11.25134221,5.752,HIP 34888
108.3056275,-45.1827376,4.874,HIP 34899
108.342816,16.15896422,5,HIP 34909
108.3474986,51.42874481,5.5,HIP 34912
108.3501043,-22.67424163,5.96,HIP 34914
108.3846606,-44.63970886,5.1,HIP 34922
108.4018727,-27.35635889,6.101,HIP 34924
108.4516044,-22.905778,6.27,HIP 34940
108.4889071,-30.33979222,6.306,HIP 34954
108.4918204,71.81658523,6.359,HIP 34956
108.5452087,-3.901778118,5.94,HIP 34975
108.5633822,-26.35250805,4.65,HIP 34981
108.5646639,-9.947532915,5.882,HIP 34982
108.5835947,3.111417264,5.343,HIP 34987
108.6177206,-10.31624551,6.03,HIP 34999
108.6359203,12.11582403,5.702,HIP 35005
108.6589192,-48.27192834,4.76,HIP 35020
108.6749094,24.88498429,5.82,HIP 35025
108.6917398,-46.84967132,5.715,HIP 35029
108.7027251,-26.77266756,3.82,HIP 35037
108.7131717,-27.03799518,5.582,HIP 35044
108.7381379,-41.42639477,5.942,HIP 35054
108.8308633,-0.161284547,6.42,HIP 35080
108.8377839,-30.6864494,5.337,HIP 35083
108.8384422,-52.49922417,5.947,HIP 35084
108.9073395,45.4094874,6.5,HIP 35113
108.9142894,7.977743713,5.82,HIP 35120
108.9301736,-10.58360286,5.94,HIP 35127
108.9470691,-23.74027674,6.34,HIP 35132
108.9881964,27.89742098,5.71,HIP 35152
109.0606361,-15.5856906,5.447,HIP 35180
109.0644716,-46.77453323,5.622,HIP 35181
109.1327076,-38.3189224,5.797,HIP 35202
109.1458034,-27.88117905,4.64,HIP 35205
109.1534773,-23.31559396,4.79,HIP 35210
109.159817,-23.31095212,5.79,HIP 35213
109.2058676,-36.59263291,5.009,HIP 35226
109.2075915,-67.95715268,3.99,HIP 35228
109.2384006,-30.8970102,6.32,HIP 35241
109.2641779,26.68949249,6.389,HIP 35253
109.2856533,-37.09747115,2.7,HIP 35264
109.2857602,-37.09763321,6.49,HIP 35264
109.3819274,-6.679994885,6.274,HIP 35301
109.3904936,52.13106736,5.918,HIP 35304
109.4276851,38.87626282,6.485,HIP 35317
109.4500488,-26.79755785,6.434,HIP 35326
109.5092271,40.88339366,5.87,HIP 35341
109.517048,30.9558723,6.196,HIP 35345
109.5177055,-43.98678579,5.839,HIP 35347
109.5232455,16.54038599,3.559,HIP 35350
109.5766399,-36.73395237,4.67,HIP 35363
109.6332387,49.46475579,5.05,HIP 35384
109.6396355,-39.2102842,5.243,HIP 35393
109.6591058,-36.74273748,5.11,HIP 35406
109.6682456,-24.55869951,4.95,HIP 35412
109.6770208,-24.95436132,4.4,HIP 35415
109.7136406,-26.58585586,5.288,HIP 35427
109.7580024,-19.2803061,6.094,HIP 35442
109.8070187,-33.72716376,6.3,HIP 35463
109.8432267,2.74067607,5.887,HIP 35476
109.8674105,-16.39524869,5.7,HIP 35487
109.9485223,7.14294775,5.91,HIP 35509
110.028508,15.14292858,6.442,HIP 35548
110.0307274,21.98230405,3.53,HIP 35550
110.0892616,-52.31152522,5.953,HIP 35564
110.1616907,-52.08592245,5.367,HIP 35589
110.2288141,-26.9638368,5.986,HIP 35611
110.2428542,-14.3604902,5.584,HIP 35615
110.2629109,42.65591255,6.32,HIP 35623
110.2680503,-25.89164492,5.886,HIP 35626
110.3229153,45.22817703,5.739,HIP 35643
110.4869241,20.44365813,5.08,HIP 35699
110.5085609,-8.979379534,6.43,HIP 35707
110.5109067,36.7605836,5.12,HIP 35710
110.5144945,0.177121666,5.971,HIP 35712
110.5558658,38.99592227,6.4,HIP 35725
110.5563722,-19.01660122,4.95,HIP 35727
110.5716033,59.90199665,6.35,HIP 35735
110.5774605,-2.979128679,6.238,HIP 35737
110.6057914,-5.982828914,5.816,HIP 35749
110.6179979,0.700831693,6.43,HIP 35751
110.7169097,55.28139368,5.78,HIP 35785
110.7529057,-31.92377845,5.43,HIP 35795
110.8672374,22.94534813,6.17,HIP 35842
110.8687971,25.05053128,5.022,HIP 35846
110.8708026,-27.83429483,5.356,HIP 35848
110.8828962,-32.20206558,5.39,HIP 35855
110.9930718,-35.83783694,6.297,HIP 35893
111.0237595,-29.30310551,2.45,HIP 35904
111.0352815,40.67238886,5.188,HIP 35907
111.0718081,-22.91275692,6.2,HIP 35920
111.1152031,15.51719675,6.41,HIP 35933
111.139388,27.63785597,5.759,HIP 35941
111.1546888,-71.47065878,6.48,HIP 35946
111.1674472,-16.20147285,5.19,HIP 35951
111.1827257,-31.80890474,5.28,HIP 35957
111.2120112,-19.01228311,6.272,HIP 35975
111.2378547,51.88725864,5.783,HIP 35984
111.2424168,11.66952291,5.361,HIP 35987
111.2846474,-13.75197699,5.78,HIP 35998
111.3332265,-21.98258944,6.038,HIP 36017
111.3414032,81.25746992,6.29,HIP 36019
111.3552823,-25.21776509,5.782,HIP 36024
111.4087448,-79.09419106,5.522,HIP 36039
111.412082,9.276090422,4.986,HIP 36041
111.4290838,-31.73872161,6.297,HIP 36045
111.4316485,27.79807971,3.79,HIP 36046
111.4633331,-5.774961933,5.962,HIP 36055
111.5910412,-51.0184807,5.081,HIP 36114
111.615777,10.6080677,6.377,HIP 36123
111.6717204,11.00884367,6.375,HIP 36141
111.6769402,-34.14069429,5.884,HIP 36143
111.6785509,49.21152707,4.61,HIP 36145
111.7347018,20.25755477,5.935,HIP 36156
111.7478445,-23.08602491,5.56,HIP 36168
111.7832913,-17.86486368,5.62,HIP 36186
111.7876739,8.289315763,2.89,HIP 36188
111.8576554,66.33157118,6.462,HIP 36211
111.9289031,-22.85919055,5.97,HIP 36236
111.9348222,21.44527903,5.24,HIP 36238
111.9964995,-29.15589871,5.542,HIP 36258
112.0080342,-26.83897609,6.26,HIP 36264
112.0086452,6.941970608,5.22,HIP 36265
112.0408095,8.92552448,4.3,HIP 36284
112.1662596,27.55293997,6.36,HIP 36325
112.1968994,15.10982364,6.22,HIP 36340
112.2131385,-31.84839592,6.37,HIP 36345
112.2141992,-64.50980574,6.39,HIP 36346
112.2145294,48.18393893,5.71,HIP 36348
112.2192788,46.31461962,6.41,HIP 36351
112.2704781,-31.45621792,5.768,HIP 36362
112.27373,-38.81206732,5.395,HIP 36363
112.2779953,31.78454925,4.18,HIP 36366
112.307636,-43.30143539,3.25,HIP 36377
112.3277836,-1.905325412,5.572,HIP 36388
112.3351702,28.1182763,5.064,HIP 36393
112.3421147,-10.32666673,5.706,HIP 36396
112.3569208,-7.551236129,5.853,HIP 36399
112.4490897,12.00656332,4.531,HIP 36425
112.4531746,27.91612036,5.01,HIP 36429
112.4642179,-23.02429021,4.86,HIP 36431
112.4831549,49.6724594,5.357,HIP 36439
112.4988442,-52.65115682,5.863,HIP 36444
112.6288277,-54.39936488,5.941,HIP 36496
112.6775082,-30.96228054,4.65,HIP 36514
112.6977965,-9.776877077,5.82,HIP 36521
112.7130585,-5.226493363,6.236,HIP 36526
112.7194361,68.46564639,5.643,HIP 36528
112.7686155,82.41146709,4.96,HIP 36547
112.7865941,11.20298012,6.36,HIP 36553
112.9516855,17.08604576,5.442,HIP 36616
113.0240122,-8.881326459,5.916,HIP 36640
113.0247868,1.914479676,5.233,HIP 36641
113.0927989,-35.96118818,6.346,HIP 36657
113.290733,-24.71073425,5.83,HIP 36721
113.2986073,3.290379184,5.571,HIP 36723
113.3048267,-40.05852156,6.247,HIP 36728
113.3315192,-19.41252566,5.63,HIP 36732
113.342439,-14.33830612,6.21,HIP 36736
113.353456,37.18789562,6.39,HIP 36740
113.4020119,15.82666451,5.263,HIP 36760
113.4498616,-14.52390399,4.97,HIP 36773
113.4626731,-36.33839243,5.44,HIP 36778
113.4646508,51.31414385,6.49,HIP 36779
113.5132523,-22.29606755,4.39,HIP 36795
113.5206817,10.56807519,6.265,HIP 36796
113.5534421,-33.46342926,6.095,HIP 36807
113.5662192,3.371724321,5.817,HIP 36812
113.5775694,-23.47366501,5.09,HIP 36817
113.5775736,-23.47366466,5.77,HIP 36817
113.5802381,-23.47489735,5.795,HIP 36817
113.6449781,-27.01227517,5.77,HIP 36848
113.6494285,31.88827619,1.9,HIP 36850A
113.6494716,31.88828222,1.58,HIP 36850
113.6504186,31.88849199,3,HIP 36850B
113.664915,-51.47451688,6.28,HIP 36856
113.7866801,30.96091796,5.347,HIP 36896
113.8402374,-74.27495727,6.34,HIP 36914
113.8453818,-28.36933479,4.63,HIP 36917
113.9155096,-52.53383587,4.92,HIP 36942
113.9806251,26.8957445,4.06,HIP 36962
113.9832254,43.03095836,6.41,HIP 36965
114.0066852,-55.88770846,6.399,HIP 36977
114.0162213,-14.49277192,5.7,HIP 36981
114.0308829,-22.16050435,6.34,HIP 36986
114.0695679,-8.31130169,6.284,HIP 37000
114.1318103,46.18028663,5.65,HIP 37023
114.1446076,5.862171937,5.888,HIP 37031
114.1709802,-19.70234028,5.699,HIP 37036
114.1830003,-48.83016602,5.68,HIP 37043
114.1959794,55.75506255,5.931,HIP 37046
114.3195459,-4.110981631,5.131,HIP 37088
114.3205437,-23.77539776,6.361,HIP 37089
114.3241309,40.02537432,6.34,HIP 37091
114.34211,-34.96853762,4.83,HIP 37096
114.3421241,-34.9685308,4.53,HIP 37096
114.342167,-34.96844822,6.07,HIP 37096
114.4375887,-38.01042531,6.362,HIP 37128
114.4743699,48.77384326,5.906,HIP 37140
114.5598722,24.36044327,6.37,HIP 37165
114.5751911,-25.36480577,4.67,HIP 37173
114.5758685,-48.6014346,5.658,HIP 37174
114.6355773,-38.78148864,6.191,HIP 37202
114.636933,35.04854985,5.572,HIP 37204
114.682911,-36.49683282,5.8,HIP 37223
114.7057298,-26.80175682,4.5,HIP 37229
114.7077947,-26.80384716,4.429,HIP 37229
114.7513246,-53.27335682,6.044,HIP 37248
114.7913944,34.58430633,4.9,HIP 37265
114.8000212,24.22253066,6.18,HIP 37269
114.8254979,5.22498756,0.37,HIP 37279
114.8508198,-16.84729035,6.38,HIP 37289
114.8624197,-26.86311251,6.485,HIP 37293
114.863911,-38.30802345,4.84,HIP 37297
114.869139,17.67452184,5.05,HIP 37300
114.9325649,-38.1392981,5.77,HIP 37322
114.9494788,-38.26065233,5.747,HIP 37329
114.9753954,32.00973171,6.165,HIP 37339
114.9916296,-37.57942428,5.996,HIP 37345
115.0563692,-19.66086011,5.921,HIP 37364
115.0612212,38.34454087,5.73,HIP 37369
115.0875837,-11.75254932,6.42,HIP 37375
115.0967102,-15.26391964,4.951,HIP 37379
115.1270431,87.02010502,5.07,HIP 37391
115.1480145,-8.185429859,6.013,HIP 37394
115.1966013,13.77125272,6.21,HIP 37404
115.2042365,4.071816905,6.5,HIP 37405
115.2064534,57.08282785,6.076,HIP 37406
115.2438274,23.01852863,5.906,HIP 37428
115.301662,48.1315327,5.581,HIP 37441
115.3117999,-9.551132713,3.93,HIP 37447
115.3158857,-38.53353313,5.393,HIP 37450
115.3405155,-44.63216657,6.406,HIP 37461
115.3480342,-22.33671821,6.16,HIP 37465
115.3964793,3.624779129,5.942,HIP 37478
115.455246,-72.60609911,3.944,HIP 37504
115.4660263,13.48045606,5.8,HIP 37508
115.5134087,14.2085062,5.56,HIP 37521
115.5425708,-58.63091939,6.389,HIP 37530
115.6814575,34.00022074,6.06,HIP 37580
115.7006349,-26.35132651,5.628,HIP 37590
115.7222071,-58.23006617,6.205,HIP 37599
115.7378983,-45.17311541,5.04,HIP 37606
115.7517326,58.71035918,4.947,HIP 37609
115.7725756,0.18933284,6.31,HIP 37614
115.7725811,0.1893342,6.31,HIP 37614
115.79993,-36.05008997,5.585,HIP 37623
115.828032,28.88350884,4.29,HIP 37629
115.8382927,4.945756727,6.48,HIP 37634
115.8424122,22.39944361,6.229,HIP 37636
115.8849445,-28.41088575,4.59,HIP 37648
115.9247043,-40.93374645,5.17,HIP 37664
115.9288168,-38.20187983,6.4,HIP 37666
115.9519567,-28.95482621,3.93,HIP 37677
116.0174083,50.43379384,5.36,HIP 37701
116.0288124,25.78416012,5.289,HIP 37704
116.0318041,2.405422685,6.47,HIP 37705
116.0403596,-36.0625053,5.784,HIP 37710
116.0542212,-69.82161522,6.154,HIP 37720
116.0585755,12.86007096,6.4,HIP 37723
116.1118492,24.39799647,3.57,HIP 37740
116.1423736,-24.67407959,5.6,HIP 37751
116.1424293,-37.94291958,5.87,HIP 37752
116.1827231,-66.07193156,6.382,HIP 37773
116.3137339,-37.96858526,3.61,HIP 37819
116.3251783,-43.75256594,6.012,HIP 37823
116.3289578,28.02619889,1.14,HIP 37826
116.371397,-14.69053472,5.997,HIP 37843
116.3955052,-34.17255156,5.362,HIP 37853
116.3979868,-56.72256862,6.101,HIP 37854
116.4869565,-14.5638052,5.026,HIP 37891
116.5091271,-6.77251422,5.496,HIP 37901
116.5310351,18.5099981,4.87,HIP 37908
116.5439342,-37.93367765,5.869,HIP 37915
116.5675051,10.7682517,5.237,HIP 37921
116.6142278,62.83052303,6.458,HIP 37934
116.6392196,-37.77256863,6.315,HIP 37939
116.6636683,37.51739522,5.18,HIP 37946
116.6669922,65.45567406,5.925,HIP 37949
116.6863045,-12.67531515,6.386,HIP 37951
116.7739856,-39.33099603,6.322,HIP 37982
116.8023095,-22.51950972,5.87,HIP 37995
116.8108084,-36.07360053,6.45,HIP 37996
116.8541357,-38.5111418,5.068,HIP 38010
116.8763493,33.41569686,5.14,HIP 38016
116.8812731,-46.60848992,5.208,HIP 38020
116.910526,-15.99068922,6.309,HIP 38031
116.9383638,-16.01448296,6.43,HIP 38037
116.9863034,-12.19275683,5.73,HIP 38048
117.021536,-25.93716961,4.49,HIP 38070
117.035615,-40.65237924,6.14,HIP 38074
117.0812437,-56.47107584,6.38,HIP 38087
117.0839989,-47.07772423,4.71,HIP 38089
117.1401627,23.14097899,6.21,HIP 38106
117.2569739,-24.91224714,5.313,HIP 38146
117.2576527,13.37186953,6.066,HIP 38147
117.2780062,-56.41036376,5.57,HIP 38152
117.3035938,-46.85771875,5.805,HIP 38159
117.3039181,-60.2837136,5.771,HIP 38160
117.3095733,-46.37319965,4.11,HIP 38164
117.3110395,-35.24328625,5.936,HIP 38167
117.3235565,-24.85978388,3.3,HIP 38170
117.3678343,-44.75115651,6.313,HIP 38183
117.3700293,-13.35294971,6.234,HIP 38184
117.3846355,12.81425122,6.41,HIP 38196
117.3975065,-33.28895038,5.585,HIP 38200
117.4165656,-14.08535999,6.35,HIP 38206
117.4198377,-19.50551788,6.48,HIP 38209
117.4207962,-66.19597347,5.762,HIP 38210
117.4216726,-17.22840847,5.162,HIP 38211
117.5236186,-19.52354705,6.091,HIP 38246
117.5440685,-9.183441936,5.598,HIP 38253
117.5992619,-50.50946704,5.907,HIP 38267
117.6771231,-44.57994572,6.457,HIP 38292
117.6974802,3.277252157,6.19,HIP 38300
117.7129105,4.459515131,6.5,HIP 38303
117.7225982,0.079556335,6.37,HIP 38306
117.7301702,-11.12859165,6.158,HIP 38307
117.7503316,-24.52855516,6.48,HIP 38316
117.759822,33.2336531,6.041,HIP 38319
117.7737965,54.12924123,6.02,HIP 38325
117.8139198,37.08208833,6.5,HIP 38349
117.8347456,-43.09523363,6.33,HIP 38355
117.9181584,-42.88820384,6.032,HIP 38370
117.9203457,-12.81940284,6.361,HIP 38372
117.924953,1.766868461,5.16,HIP 38373
117.9292704,-21.1736601,5.607,HIP 38375
117.94281,-13.89795157,6.49,HIP 38382
117.9429482,-13.89800983,5.61,HIP 38382
117.9865519,19.32508495,6.032,HIP 38394
118.0161044,45.93298761,6.5,HIP 38403
118.0299574,3.277343592,6.39,HIP 38406
118.0542994,-40.57578173,3.696,HIP 38414
118.0652624,-34.70543992,5.12,HIP 38423
118.0786621,-14.84617793,5.689,HIP 38427
118.1239235,-54.36716358,5.68,HIP 38438
118.1517783,55.209438,6.37,HIP 38449
118.1610287,-38.86281461,4.474,HIP 38455
118.1994021,-5.428136049,5.765,HIP 38474
118.264611,-36.36376821,5.418,HIP 38497
118.2651437,-49.61304341,4.63,HIP 38500
118.3256562,-48.10293513,4.24,HIP 38518
118.3742007,26.76578141,4.963,HIP 38538
118.5458742,-35.87728564,5.463,HIP 38593
118.6219312,47.38597737,6.253,HIP 38623
118.666319,-34.8467112,6.12,HIP 38635
118.6779093,47.56459331,5.446,HIP 38639
118.7221556,-57.30280785,5.613,HIP 38656
118.7517721,-52.58332875,6.356,HIP 38667
118.8077046,-30.91764625,6.43,HIP 38686
118.8809719,8.862839244,5.8,HIP 38712
118.9162269,19.88396701,5.365,HIP 38722
118.9201139,35.41268152,6.221,HIP 38723
119.0777014,-60.52643508,5.717,HIP 38783
119.0946758,-30.28457072,6.4,HIP 38792
119.0996127,4.485563828,6.162,HIP 38794
119.1946671,-52.98234546,3.431,HIP 38827
119.2122781,-59.12576635,6.25,HIP 38834
119.2147597,-22.88011163,4.184,HIP 38835
119.2408356,-43.50040227,5.346,HIP 38846
119.2409545,-42.40647645,6.075,HIP 38845
119.2477193,15.7902783,5.78,HIP 38848
119.3031569,-63.29683293,6.124,HIP 38863
119.3161715,8.641217761,6.023,HIP 38868
119.3267542,-44.10985983,5.064,HIP 38872
119.3335911,-47.89074476,6.215,HIP 38879
119.4171094,-30.33457124,4.79,HIP 38901
119.4454762,-60.30307193,5.6,HIP 38908
119.4654965,-45.57766906,5.123,HIP 38917
119.4783692,-40.78435264,6.46,HIP 38925
119.5245724,7.213527654,6.42,HIP 38945
119.5601607,-49.24491521,4.41,HIP 38957
119.5690226,43.97737639,6.36,HIP 38959
119.5892981,-51.44847335,6.432,HIP 38963
119.6311289,16.51868096,6.002,HIP 38975
119.7106289,-60.82446124,5.81,HIP 38994
119.7575058,-45.21583945,5.963,HIP 39014
119.7738126,-23.31039653,5.11,HIP 39023
119.8012704,-49.97684986,6.25,HIP 39035
119.8065047,-49.97377071,6.26,HIP 39038
119.8156867,-73.24417097,6.327,HIP 39041
119.8682216,-39.29691742,5.224,HIP 39061
119.8960645,13.24216635,6.07,HIP 39067
119.9064263,-60.58706218,5.18,HIP 39070
119.9170289,-60.20735075,6.294,HIP 39073
119.9339711,-3.67958567,4.934,HIP 39079
119.9640546,36.08207421,6.5,HIP 39094
119.9668648,-18.39921691,4.61,HIP 39095
120.0489103,73.91791768,5.347,HIP 39117
120.0612051,-48.98151152,5.996,HIP 39122
120.0831908,-63.56745483,4.806,HIP 39138
120.1206701,-48.87176524,6.107,HIP 39153
120.1971148,17.30870055,5.588,HIP 39177
120.2004286,19.81621501,6.29,HIP 39180
120.203536,17.6477778,4.67,HIP 40167
120.2080766,-54.15127404,5.846,HIP 39184
120.2328039,25.39283739,5.853,HIP 39191
120.2532562,23.58308232,6.31,HIP 39194
120.2641902,-6.419211513,6.45,HIP 39198
120.3055623,-1.392606904,4.68,HIP 39211
120.3079095,4.87986726,5.64,HIP 39213
120.3365744,59.04740239,5.772,HIP 39221
120.3460104,-54.51552912,6.111,HIP 39225
120.3762014,16.45531103,5.99,HIP 39236
120.3815314,-55.45465618,6.265,HIP 39238
120.4063592,-37.28372104,5.893,HIP 39251
120.4268349,60.32439079,6.008,HIP 39261
120.4323201,25.0894663,6.297,HIP 39263
120.4613731,8.913991435,6.209,HIP 39271
120.4799179,35.41306631,6.324,HIP 39279
120.5255589,-37.05004523,6.335,HIP 39299
120.5664038,2.334571902,4.38,HIP 39311
120.6082062,-6.337136872,6.325,HIP 39326
120.628349,63.09033895,6.07,HIP 39340
120.6490972,57.27362641,6.49,HIP 39348
120.6865969,-41.30982529,5.497,HIP 39360
120.745063,-54.7088194,1.93,HIP 42913
120.7673364,-32.46354912,5.808,HIP 39380
120.873356,-42.94832844,6.271,HIP 39420
120.876614,28.3308208,5.96,HIP 43587
120.8795821,27.79435081,4.937,HIP 39424
120.8960314,-40.0031478,2.25,HIP 39429
121.0674563,-32.67483043,5.12,HIP 39487
121.1359975,-25.69973572,6.4,HIP 39514
121.172574,-19.72815112,6.105,HIP 39524
121.1766651,-50.59039637,5.943,HIP 39527
121.1788821,-62.83634534,6.241,HIP 39530
121.188766,18.84201969,6.21,HIP 39535
121.1960786,79.47961384,5.387,HIP 39538
121.2654552,-53.10792097,5.509,HIP 39566
121.2687043,13.11821651,5.136,HIP 39567
121.3345958,-46.97841198,6.159,HIP 39584
121.4043991,27.52973387,6.21,HIP 39607
121.4370194,-33.56943247,6.141,HIP 39617
121.4568203,-0.573303503,6.399,HIP 39625
121.5766481,22.63548765,5.99,HIP 39659
121.614221,-9.244458505,6.226,HIP 39675
121.6680806,-45.26601491,5.021,HIP 39690
121.6733652,-48.4973889,6.317,HIP 39691
121.7914547,43.26035927,6.35,HIP 39722
121.8166873,-17.36874252,6.5,HIP 39730
121.8251667,-20.55434315,5.338,HIP 39734
121.8860368,-24.30432443,2.81,HIP 39757
121.9410677,21.581813,5.3,HIP 39780
121.982477,-68.61706464,4.398,HIP 39794
122.1026665,-63.80082083,6.314,HIP 39843
122.1143789,51.50666499,4.797,HIP 39847
122.1485337,-2.983787661,4.33,HIP 39863
122.156843,-37.68122315,6.339,HIP 39866
122.176857,13.64091872,6.242,HIP 39874
122.1815826,-20.36317158,6.365,HIP 39876
122.2368577,-11.33965247,6.305,HIP 39898
122.2526538,-61.30237386,4.742,HIP 39903
122.2568183,-19.24503397,4.393,HIP 39906
122.2896026,-48.68441048,5.654,HIP 39919
122.2924534,-35.45501668,6.209,HIP 39920
122.3460528,42.43060941,6.255,HIP 39938
122.3688951,-16.24891827,5.65,HIP 39943
122.3831256,-47.33658633,1.83,HIP 39953
122.3901055,-56.08535228,5.648,HIP 39957
122.3965945,29.09307595,6.465,HIP 39958
122.3996405,-44.12276742,5.183,HIP 39961
122.4298092,-47.93719179,5.217,HIP 39970
122.5157372,58.24824514,5.89,HIP 39995
122.5546106,25.84447953,6.413,HIP 40007
122.5857018,-49.23735946,6.447,HIP 40016
122.66594,-13.79920609,5.54,HIP 40035
122.7453522,14.62947364,6.207,HIP 40058
122.7570135,-37.2923748,6.44,HIP 40063
122.7949575,-48.46199261,5.806,HIP 40077
122.8179388,-12.92699869,4.72,HIP 40084
122.8191622,9.821235268,6.072,HIP 40085
122.8253317,54.5402414,6.48,HIP 40086
122.839556,-39.61854411,4.42,HIP 40091
122.8578874,-42.98727792,4.75,HIP 40096
122.8875184,-7.772539025,5.354,HIP 40107
122.9998614,-46.64434951,5.76,HIP 40155
123.0252406,-43.40043938,6.47,HIP 40160
123.0530017,17.64764148,5.31,HIP 40167A
123.0533844,17.64781815,6.17,HIP 40167B
123.0549983,17.64849074,5.79,HIP 40167C
123.2032841,68.47407325,5.329,HIP 40215
123.2148104,-37.92447518,6.39,HIP 40220
123.2488784,16.51432594,6.047,HIP 40231
123.2869503,29.65653799,5.605,HIP 40240
123.3331965,-15.78822467,4.99,HIP 40259
123.3407297,-1.165887349,6.47,HIP 40263
123.3729886,-35.89951824,4.77,HIP 40274
123.3926946,-50.1960752,5.514,HIP 40282
123.400637,-46.99162834,5.127,HIP 40285
123.4211463,-33.56952739,6.377,HIP 40291
123.4402142,-46.57868529,6.476,HIP 40299
123.4591054,56.45225111,5.85,HIP 40305
123.4929676,-36.32227962,5.064,HIP 40321
123.4945843,-36.34077627,6.014,HIP 40324
123.5122057,-40.34786714,4.44,HIP 40326
123.5459767,-32.14071224,6.06,HIP 40341
123.5464166,17.67595441,6.47,HIP 40342
123.5552343,-35.49001879,5.765,HIP 40344
123.5874783,13.04829603,6.35,HIP 40354
123.5994778,-45.83451404,5.836,HIP 40357
123.7134996,-46.48589189,6.437,HIP 40397
123.8163445,-62.91564109,5.259,HIP 40429
123.8468952,-50.44922215,6.418,HIP 40433
123.9604222,60.3806003,6.48,HIP 40474
123.9950926,-35.90319187,6.132,HIP 40485
124.1288375,9.185543957,3.52,HIP 40526
124.224624,84.05764426,6.46,HIP 40559
124.3463816,-16.28511311,6.308,HIP 40604
124.3818807,8.866305437,6.257,HIP 40617
124.4600584,59.57113418,5.63,HIP 40646
124.482235,-59.16682682,6.453,HIP 40655
124.4928381,-30.00369771,6.422,HIP 40656
124.5601086,15.67791237,6.41,HIP 40675
124.5657819,54.14369692,6.243,HIP 40677
124.57248,-35.45170456,5.578,HIP 40678
124.578362,-65.61319221,5.056,HIP 40680
124.599779,-12.63217144,5.95,HIP 40693
124.6314686,-76.91972406,4.047,HIP 40702
124.6388044,-36.65928922,4.4,HIP 40706
124.7732695,-48.19785272,6.44,HIP 40749
124.8128457,-10.16575127,6.3,HIP 40766
124.8215002,62.50715623,5.723,HIP 40772
124.8729651,-34.59013446,6.437,HIP 40787
124.8845377,75.75690733,5.541,HIP 40793
124.9540179,-71.5149087,5.318,HIP 40817
124.9577614,3.948028109,6.05,HIP 40818
125.002198,-71.50537824,5.608,HIP 40834
125.0541648,-0.909313779,6.177,HIP 40858
125.0709048,-5.329954288,6.094,HIP 40859
125.087383,20.74772121,5.798,HIP 40866
125.1085828,57.74327956,5.877,HIP 40875
125.1139513,-22.92467998,6.12,HIP 40876
125.1339015,24.02231115,5.93,HIP 40881
125.1605795,-77.4844792,4.337,HIP 40888
125.1680072,72.4072315,5.98,HIP 40889
125.2818277,-64.10600227,6.108,HIP 40926
125.3004132,-57.97322001,5.954,HIP 40932
125.337685,-36.48417686,5.176,HIP 40943
125.3384329,-20.07906287,5.572,HIP 40944
125.3459418,-33.05436508,4.8,HIP 40945
125.350777,-39.62071549,6.143,HIP 40947
125.4775258,-17.5863371,5.711,HIP 40990
125.5185481,-73.39997939,5.279,HIP 41003
125.5401048,74.820407,6.384,HIP 41011
125.625682,-6.179156784,6.14,HIP 41036
125.6284741,-59.5094807,2.01,HIP 41037
125.6284802,-59.50948419,1.86,HIP 41037
125.6286496,-59.5095554,3.85,HIP 41037
125.6320541,-48.4903859,5.17,HIP 41039
125.6320588,-48.49037864,4.82,HIP 41039
125.6322638,-48.4905409,6.1,HIP 41039
125.6836242,60.63123628,6.39,HIP 41060
125.6951971,-13.05479284,6.109,HIP 41067
125.7080694,-26.34822297,5.883,HIP 41074
125.7087893,43.1881306,4.25,HIP 41075
125.725394,-7.54312191,5.918,HIP 41080
125.7298258,-52.12372895,5.887,HIP 41081
125.820555,-38.28607923,6.32,HIP 41107
125.841012,18.33216179,5.94,HIP 41117
125.9520888,53.21971259,5.54,HIP 41152
125.9800345,10.63206024,6.08,HIP 41163
126.0828612,-80.9142271,5.69,HIP 41191
126.1374974,82.43075832,6.28,HIP 41208
126.1458924,-3.751242492,5.61,HIP 41211
126.1518139,-4.716999246,6.022,HIP 41214
126.1782341,42.00523933,6.001,HIP 41224
126.2299149,-23.15374524,5.669,HIP 41242
126.2383614,-42.7698353,6.02,HIP 41250
126.2655915,-24.04621938,5.301,HIP 41260
126.2703608,35.0114071,6.059,HIP 41262
126.3291739,-21.04595627,5.987,HIP 41282
126.3805208,-51.72741354,5.17,HIP 41296
126.3980688,2.102218049,5.708,HIP 41299
126.4140086,-17.43940734,6.417,HIP 41306
126.4151328,-3.906427219,3.9,HIP 41307
126.4341461,-66.1368879,3.759,HIP 41312
126.4649826,-64.60061947,5.94,HIP 41321
126.4662937,-42.15307512,5.42,HIP 41323
126.4781961,7.564504048,5.122,HIP 41325
126.4816252,-14.92966121,5.951,HIP 41328
126.5738753,-39.05896065,6.49,HIP 41361
126.6050232,-52.80749733,6.041,HIP 41373
126.613358,-3.987430318,5.59,HIP 41375
126.6154418,27.89358064,5.57,HIP 41377
126.674803,-12.53460415,5.52,HIP 41395
126.6830799,12.65460913,5.5,HIP 41400
126.6951387,26.93435153,6.19,HIP 41404
126.696129,26.93548855,6.13,HIP 41404
126.7406056,-52.70494835,6.49,HIP 41426
126.8184088,-31.67273589,6.331,HIP 41449
126.8198147,-70.09348349,5.507,HIP 41451
126.9024415,-53.08847876,5.073,HIP 41483
126.9975895,-35.11374922,5.73,HIP 41515
127.0824509,-8.816281909,6.43,HIP 41547
127.1214696,-2.51712577,6.41,HIP 41564
127.1501624,-23.07097981,6.494,HIP 41572
127.1532721,24.14492164,6.05,HIP 41574
127.1555813,14.21082424,5.948,HIP 41578
127.2125109,-9.748586787,5.989,HIP 41597
127.2697967,-47.92892255,5.535,HIP 41616
127.2815296,-44.16041428,5.84,HIP 41621
127.3645144,-44.72481212,5.15,HIP 41639
127.3741771,-54.21173177,6.44,HIP 41644
127.4016215,-55.19091146,6.346,HIP 41653
127.4401448,-46.33169874,5.969,HIP 41674
127.4424812,67.29743967,5.884,HIP 41676
127.5661257,60.71816822,3.42,HIP 41704
127.6192122,-32.15928298,5.588,HIP 41723
127.6634536,-44.73731844,6.29,HIP 41737
127.7942724,-47.86661997,6.373,HIP 41781
127.8331927,37.26494348,6.174,HIP 41798
127.8529034,-39.06410463,6.48,HIP 41806
127.8732767,-54.39401012,6.333,HIP 41813
127.8771645,24.0811077,5.694,HIP 41816
127.8788496,-19.57746247,5.43,HIP 41817
127.8988748,18.09441817,5.337,HIP 41822
127.9220811,18.98772115,6.45,HIP 41833
128.0206546,-53.21191657,6.021,HIP 41861
128.1390285,-15.03015917,6.38,HIP 41893
128.1393643,53.11484693,6.226,HIP 41894
128.1661267,10.06600813,6.474,HIP 41904
128.168751,-47.04210653,6.481,HIP 41905
128.1740172,-73.35678788,6.1,HIP 41907
128.1770675,20.44116224,5.325,HIP 41909
128.2145653,-31.50085138,6.38,HIP 41926
128.2221316,69.31990269,6.297,HIP 41927
128.2437506,-34.63403905,6.366,HIP 41939
128.2504336,24.08479432,6.34,HIP 41940
128.2577473,-45.75290462,6.354,HIP 41941
128.3327509,-38.37067455,6.461,HIP 41970
128.3405396,36.4364324,6.186,HIP 41975
128.3761399,-46.97066127,6.221,HIP 41986
128.4101294,-38.84881276,5.908,HIP 42001
128.4311593,4.756999657,5.867,HIP 42008
128.4376921,13.25731185,6.247,HIP 42010
128.5067258,-2.151555565,5.792,HIP 42028
128.5556088,8.452306678,6.029,HIP 42049
128.6218892,-37.61116986,6.38,HIP 42070
128.6237643,-27.09816239,6.41,HIP 42071
128.6331504,-32.59876492,6.42,HIP 42075
128.6507496,65.14511307,5.453,HIP 42080
128.6816521,-49.94420213,5.01,HIP 42088
128.6828527,36.41962006,5.751,HIP 42090
128.8022384,-39.97045053,6.431,HIP 42123
128.8148137,-58.22473899,5.234,HIP 42129
128.8321047,-58.00923686,4.847,HIP 42134
128.8539806,2.743452713,6.332,HIP 42142
128.867495,-7.982293839,5.72,HIP 42146
128.8695876,-26.84348781,5.944,HIP 42147
128.9624066,6.620213751,5.92,HIP 42172
128.9667808,-50.96964684,5.782,HIP 42177
129.0321415,15.31363214,6.33,HIP 42187
129.2031044,74.72367602,6.27,HIP 42249
129.2740369,9.65557809,5.91,HIP 42265
129.3284717,-62.85346472,5.456,HIP 42286
129.3632244,-4.93400207,6.171,HIP 42299
129.373478,-33.74568333,6.499,HIP 42302
129.4109707,-42.98908063,4.14,HIP 42312
129.4140311,5.703787762,4.131,HIP 42313
129.4673033,-26.25500013,5.27,HIP 42334
129.5790881,32.80201683,5.95,HIP 42365
129.5924385,53.40154048,5.645,HIP 42372
129.6678781,-19.73689665,6.39,HIP 42394
129.6866972,-53.09038155,6.431,HIP 42400
129.6893227,3.341435188,4.43,HIP 42402
129.7495356,52.92507863,6.32,HIP 42415
129.7715061,-70.38674388,5.2,HIP 42425
129.7829111,-22.66189676,5.17,HIP 42430
129.7919912,59.93910618,6.47,HIP 42434
129.7987692,65.02090642,5.64,HIP 42438
129.8049872,-60.31728845,6.48,HIP 42440
129.8234295,52.71162365,5.891,HIP 42452
129.842118,-36.60666996,6.114,HIP 42455
129.8493521,-53.43976878,5.439,HIP 42459
129.8523148,8.017601273,6.45,HIP 42462
129.9269751,-29.56108459,4.872,HIP 42483
129.9275319,73.62967652,6.154,HIP 42484
129.9899937,-53.05472684,5.19,HIP 42504
130.006131,-12.47537473,4.969,HIP 42509
130.025597,-35.30835511,3.954,HIP 42515
130.0267429,20.00778749,6.39,HIP 42516
130.0534049,64.32793618,4.61,HIP 42527
130.0727707,-53.01539739,5.61,HIP 42535
130.0733306,-52.9219099,3.63,HIP 42536
130.0761953,31.9418934,6.22,HIP 42538
130.0798989,-40.26387124,5.22,HIP 42540
130.0920269,19.66993647,6.39,HIP 42549
130.1125421,19.54481231,6.29,HIP 42556
130.1469112,-45.19110298,5.648,HIP 42564
130.1542834,-59.76100475,4.313,HIP 42568
130.1565467,-46.64874011,3.81,HIP 42570
130.254458,45.83400587,5.359,HIP 42604
130.2721661,-48.92268115,5.879,HIP 42614
130.3047042,-47.31713043,4.77,HIP 42624
130.3313024,-78.96336275,5.453,HIP 42637
130.4305674,-15.94338535,4.866,HIP 42662
130.4871239,-45.41071178,5.227,HIP 42679
130.5408843,-11.96600635,6.449,HIP 42701
130.5674688,-48.0990967,5.468,HIP 42712
130.5791319,-53.10005688,5.474,HIP 42715
130.5867601,-55.77455764,6.243,HIP 42717
130.6057775,-53.11398427,4.815,HIP 42726
130.7374963,-35.94330172,6.411,HIP 42775
130.7506311,46.90083961,6.205,HIP 42777
130.8008267,-79.07010236,6.07,HIP 42794
130.8013728,12.68087363,5.65,HIP 42795
130.806149,3.398661889,4.3,HIP 42799
130.8214464,21.4684988,4.652,HIP 42806
130.8980726,-33.18638328,3.68,HIP 42828
130.9178042,-49.82280083,5.16,HIP 42834
130.918227,-7.233728475,4.625,HIP 42835
130.9763696,-68.21158386,6.31,HIP 42850
130.9990736,4.334558387,6.362,HIP 42854
131.0997795,-42.64927746,4.046,HIP 42884
131.1248261,-65.82543056,6.021,HIP 42895
131.1712466,18.15430807,3.94,HIP 42911
131.1876488,10.08166869,5.66,HIP 42917
131.2163612,-37.14725112,5.722,HIP 42923
131.2297849,-21.16782614,6.12,HIP 42928
131.2553391,5.68058484,6.127,HIP 42931
131.3392664,30.69775012,6.119,HIP 42954
131.3952697,4.664373869,6.43,HIP 42981
131.4553091,-25.38809519,6.057,HIP 43002
131.4797859,-79.50437378,5.77,HIP 43012
131.5068514,-46.04152817,3.91,HIP 43023
131.510316,-2.048655804,5.685,HIP 43026
131.5286353,-11.00676431,6.219,HIP 43035
131.593935,-13.54772365,4.32,HIP 43067
131.5990087,-41.12538457,6.194,HIP 43073
131.6272788,-45.91250532,5.459,HIP 43082
131.6742518,28.75989314,4.018,HIP 43103
131.6772844,-56.76977625,4.49,HIP 43105
131.693801,6.41880152,3.38,HIP 43109
131.7051665,-34.62294546,6.324,HIP 43114
131.7334125,12.1099528,5.885,HIP 43121
131.812441,-1.897036898,5.279,HIP 43142
131.8285183,-46.15541627,5.748,HIP 43148
131.8394616,-17.05288234,6.5,HIP 43152
131.9182891,-41.73679314,6.36,HIP 43177
132.0008992,-52.85015343,6.266,HIP 43195
132.0203195,-6.55883927,6.073,HIP 43204
132.0365695,-42.46344788,6.42,HIP 43209
132.060933,-28.63879269,6.49,HIP 43215
132.1082112,5.837812491,4.337,HIP 43234
132.1560504,-1.04483866,6.424,HIP 43246
132.2052145,66.7080798,6.187,HIP 43266
132.3405243,-3.4430254,5.31,HIP 43305
132.4131621,-40.32015777,5.465,HIP 43325
132.4372686,-21.0484394,6.5,HIP 43338
132.4484928,-45.30787395,4.935,HIP 43347
132.4588585,-72.55123893,6.098,HIP 43351
132.4645566,-32.78053701,5.194,HIP 43352
132.4681342,-39.14160318,6.368,HIP 43354
132.5092985,-29.46299924,5.867,HIP 43370
132.5875698,-42.08979084,6,HIP 43392
132.590154,-28.61761901,6.168,HIP 43394
132.6330108,-27.70984159,4.01,HIP 43409
132.6342617,33.28505442,6.21,HIP 43410
132.6394193,-46.52918759,5.11,HIP 43413
132.6450672,-66.79298306,5.329,HIP 43414
132.6880086,18.83218548,6.42,HIP 43427
132.7561017,15.3506567,6.361,HIP 43454
132.8933742,-7.17722415,5.73,HIP 43496
132.9021497,-57.6335756,5.59,HIP 43499
132.9584801,-44.15093155,6.35,HIP 43520
132.9816323,-40.98658478,6.478,HIP 43528
132.9867943,43.726604,5.148,HIP 43531
133.0417707,42.00273295,5.984,HIP 43550
133.0490347,45.31282032,5.956,HIP 43553
133.1007571,5.340308597,6.35,HIP 43570
133.1088998,-32.50932264,6.463,HIP 43573
133.1191246,28.25915786,6.23,HIP 43575
133.1281768,-13.23294445,6.109,HIP 43580
133.1442583,32.47415912,5.664,HIP 43584
133.1608612,-48.35908812,5.889,HIP 43589
133.1612333,-36.54534524,6.409,HIP 43590
133.2000725,-38.72408817,5.806,HIP 43603
133.2657458,-56.64948543,5.998,HIP 43620
133.2721422,-16.95247062,6.43,HIP 43623
133.2747771,59.05613922,6.35,HIP 43624
133.3439907,61.96226615,5.74,HIP 43644
133.4527375,-60.35390851,5.768,HIP 43669
133.4608518,-47.52069976,5.302,HIP 43671
133.4614938,-40.44754393,6.447,HIP 43673
133.4820064,35.53829369,6.129,HIP 43685
133.5610211,30.57940135,6.25,HIP 43721
133.5613834,30.57912067,5.97,HIP 43721 
133.5747796,-5.434459527,6,HIP 43726
133.7251234,-58.23965662,6.353,HIP 43763
133.7618671,-60.64460951,3.8,HIP 43783
133.7990913,-54.96576889,5.698,HIP 43797
133.8017911,-18.24119139,5.741,HIP 43798
133.830009,-45.04167336,6.26,HIP 43807
133.8453414,17.23127306,6.4,HIP 43811
133.8484425,5.94556521,3.1,HIP 43813
133.8815301,-27.68184821,4.89,HIP 43825
133.9153354,27.92748218,5.225,HIP 43834
133.9770302,-15.43953406,6.46,HIP 43850
133.981446,11.62602472,5.44,HIP 43851
133.9829304,-23.81829293,6.375,HIP 43853
134.0802626,-52.72347412,4.723,HIP 43878
134.1271481,40.20147311,5.88,HIP 43894
134.1421942,-16.70874914,5.929,HIP 43899
134.1543227,4.236580569,6.131,HIP 43902
134.1560223,64.60382733,5.56,HIP 43903
134.1707322,-85.66315212,5.419,HIP 43908
134.2081359,45.63164605,5.711,HIP 43923
134.2358237,32.91042794,5.436,HIP 43932
134.2434049,-59.22933762,4.895,HIP 43937
134.2845074,17.14375053,6.146,HIP 43957
134.3122904,15.3227666,5.22,HIP 43970
134.3966653,15.58128493,5.677,HIP 44001
134.4250969,9.387759394,6.178,HIP 44010
134.481495,-48.5729094,5.876,HIP 44024
134.4944474,30.23382519,6.239,HIP 44031
134.6216842,11.8576804,4.249,HIP 44066
134.6830532,-16.13272712,5.86,HIP 44075
134.7181322,-47.23468313,5.146,HIP 44093
134.7947128,18.13486146,6.38,HIP 44126
134.8018881,48.04182286,3.13,HIP 44127
134.8018901,48.04182614,3.14,HIP 44127
134.8158935,-28.80604023,6.241,HIP 44130
134.850757,-59.08371177,5.16,HIP 44143
134.8620111,13.07438786,6.46,HIP 44148
134.8860607,32.41855931,5.22,HIP 44154
134.9163031,-19.20804222,6.191,HIP 44162
135.0225406,-41.25360734,4.446,HIP 44191
135.0927304,-43.17399357,6.08,HIP 44213
135.1283404,37.60435298,6.2,HIP 44231
135.1603059,41.78302456,3.96,HIP 44248
135.1905904,-60.96382859,5.78,HIP 44256
135.285475,-68.68391932,5.87,HIP 44283
135.2975815,-26.66371592,6.187,HIP 44290
135.336938,-41.86425954,5.541,HIP 44299
135.3505408,32.2522961,5.87,HIP 44307
135.3807781,5.640985107,6.052,HIP 44315
135.4198334,39.71351226,6.386,HIP 44331
135.4534636,27.90260144,6.07,HIP 44342
135.491614,-0.482674331,5.627,HIP 44356
135.5266193,-39.4021425,6.238,HIP 44367
135.6116502,-66.39607456,3.99,HIP 44382
135.6362145,67.62961745,4.76,HIP 44390
135.6844488,24.45288673,5.447,HIP 44405
135.6867358,7.298267673,5.831,HIP 44406
135.7722164,-53.55037251,6.377,HIP 44423
135.9063651,47.15652473,3.55,HIP 44471
136.0016656,54.2838829,5.74,HIP 44504
136.0240817,-47.44144847,6.438,HIP 44509
136.0386652,-47.09773508,3.75,HIP 44511
136.1998673,-57.85257659,6.44,HIP 44565
136.2295025,32.37683656,6.47,HIP 44574
136.2867213,-72.60270256,4.467,HIP 44599
136.3503952,48.53031557,5.95,HIP 44613
136.4098973,-70.53849836,4.652,HIP 44626
136.4932074,5.09232603,4.981,HIP 44659
136.5318332,-64.49984911,6.355,HIP 44665
136.632366,38.45221394,4.539,HIP 44700
136.6417743,-55.80240899,6.081,HIP 44708
136.6797442,59.34452502,6.435,HIP 44717
136.7497473,1.462692998,6.17,HIP 44738
136.9367065,10.66819989,5.24,HIP 44798
136.9989911,-43.43259091,2.21,HIP 44816
137.0002089,29.65423213,5.42,HIP 44818
137.0119994,-25.85853788,4.56,HIP 44824
137.0173163,32.54040276,6.46,HIP 44825
137.0979153,66.87323394,5.136,HIP 44857
137.1757544,-8.589533343,5.609,HIP 44883
137.1813808,-26.76759865,6.144,HIP 44887
137.1855105,-16.27732323,6.48,HIP 44888
137.1972127,26.6291159,5.95,HIP 44892
137.2177374,51.60464775,4.48,HIP 44901
137.2675444,-18.32855157,5.722,HIP 44923
137.2979768,-12.35770562,5.769,HIP 44936
137.3397548,22.04543837,5.149,HIP 44946
137.3982072,-8.787648471,5.46,HIP 44961
137.4374863,-49.42438469,6.476,HIP 44979
137.4434335,11.5643765,6.48,HIP 44984
137.4850401,-30.36540013,5.593,HIP 45001
137.4877715,-52.08286015,6.22,HIP 45002
137.5869096,21.9964165,6.011,HIP 45033
137.5981082,67.13401784,4.8,HIP 45038
137.5981111,67.13401716,4.813,HIP 45038
137.6616542,30.96313642,5.95,HIP 45058
137.7293416,63.51367121,4.64,HIP 45075
137.7420221,-58.96690056,3.4,HIP 45080
137.7683254,-44.86790237,5,HIP 45085
137.8027121,80.82890839,6.35,HIP 45097
137.8196751,-62.31697773,3.943,HIP 45101
137.8890924,-46.58391048,5.769,HIP 45122
137.9205479,-39.25884358,6.002,HIP 45127
137.9818065,5.468626929,6.342,HIP 45150
137.9947324,-19.7476303,5.717,HIP 45158
138.0515296,-76.66302798,6.12,HIP 45166
138.05367,3.866978131,6.131,HIP 45167
138.1085437,-7.109805389,6.098,HIP 45184
138.127183,-43.61325489,5.98,HIP 45189
138.2108606,-60.91676937,6.358,HIP 45214
138.2317955,-59.41392901,5.532,HIP 45219
138.2999061,-69.7172076,1.69,HIP 45238
138.3277698,-42.27329008,6.267,HIP 45242
138.3397948,-29.66436797,6.38,HIP 45249
138.3575905,-38.61647442,6.296,HIP 45259
138.3935556,-47.33840622,5.92,HIP 45270
138.4052593,21.28320637,6.465,HIP 45272
138.4508882,43.21783165,5.282,HIP 45290
138.5128773,-14.69484214,6.46,HIP 45305
138.5133023,71.65583292,6.5,HIP 45306
138.5342087,-44.14582015,5.85,HIP 45314
138.5749604,-55.56962984,5.254,HIP 45328
138.5855918,61.42331696,5.18,HIP 45333
138.6020244,-43.22748944,5.25,HIP 45344
138.7382131,-37.60242936,5.85,HIP 45386
138.8077171,14.94150888,5.348,HIP 45410
138.8234952,-58.38837776,5.993,HIP 45418
138.8392788,84.18101403,6.28,HIP 45421
138.8539481,-15.02491142,6.318,HIP 45424
138.8946376,-57.57774087,6.311,HIP 45437
138.9029506,-38.56994296,4.94,HIP 45439
138.9378324,-37.41314386,4.62,HIP 45448
138.9574235,56.74140711,5.266,HIP 45455
138.9690791,72.94632448,5.93,HIP 45461
139.0167911,-44.8987215,6.04,HIP 45481
139.0471959,54.02185733,4.805,HIP 45493
139.0503024,-57.54147114,4.318,HIP 45496
139.0959803,-44.2657321,5.094,HIP 45505
139.1723615,-8.74475835,5.468,HIP 45526
139.173912,-6.353144418,5.23,HIP 45527
139.2377009,-11.10311056,6.45,HIP 45543
139.2378175,-39.40153801,5.304,HIP 45544
139.2725286,-59.27523203,2.26,HIP 45556
139.2821736,-14.57407016,5.831,HIP 45559
139.3218436,-68.68959313,5.39,HIP 45571
139.3550411,-74.89427946,5.32,HIP 45581
139.3648733,-74.73459028,5.857,HIP 45585
139.3799115,46.81722851,5.938,HIP 45590
139.426186,-54.49482834,6.319,HIP 45603
139.4639815,11.50114515,6.39,HIP 45614
139.4652068,-67.05086069,6.136,HIP 45615
139.5244634,-51.05085664,5.254,HIP 45631
139.6079542,35.36407574,5.94,HIP 45661
139.676483,-51.5606496,5.93,HIP 45675
139.7103603,36.80207218,6.09,HIP 45688B
139.7110149,36.80259586,3.92,HIP 45688
139.8853143,-55.18647062,6.268,HIP 45742
139.8880607,-15.8346644,5.792,HIP 45743
139.9432569,-11.97485275,4.77,HIP 45751
139.9497146,-34.103341,6.384,HIP 45754
139.982079,74.01660059,6.4,HIP 45764
140.1208956,-9.555703357,4.811,HIP 45811
140.1236245,-37.58168941,6.027,HIP 45814
140.1823377,51.26606394,6.11,HIP 45836
140.2312408,-15.61782623,6.308,HIP 45854
140.2367211,-62.40463363,4.8,HIP 45856
140.2637509,34.39255929,3.14,HIP 45860
140.3483535,45.37010083,6.39,HIP 45888
140.363258,32.90215306,6.18,HIP 45896
140.373293,-25.96544063,4.72,HIP 45902
140.4303658,56.69922043,5.47,HIP 45915
140.4585096,-55.51468859,5.608,HIP 45920
140.4624452,-42.19486023,5.572,HIP 45924
140.5284067,-55.01066713,2.473,HIP 45941
140.5999685,-46.04744412,5.729,HIP 45962
140.8010429,-28.83386135,4.68,HIP 46026
140.8557016,-48.2869427,6.264,HIP 46045
140.8638403,-60.30231531,6.265,HIP 46049
140.8823969,25.18283967,6.4,HIP 46058
140.9156449,-46.90875298,6.188,HIP 46067
140.9369258,-37.75690131,6.469,HIP 46075
140.9972246,-51.7370814,6.086,HIP 46093
141.0228969,-61.64890466,5.988,HIP 46101
141.0384348,-80.78687709,5.36,HIP 46107
141.0678569,-39.42550111,6.049,HIP 46114
141.1545182,-70.07578176,6.45,HIP 46143
141.1635778,26.18232429,4.46,HIP 46146
141.2319957,51.57389599,6.368,HIP 46168
141.2827292,-43.97660187,6.371,HIP 46194
141.3501462,-5.117395178,5.579,HIP 46221
141.3634759,-61.95047812,5.77,HIP 46225
141.3854189,16.58558723,6.292,HIP 46232
141.4340448,63.94094059,6.227,HIP 46247
141.5748217,-53.37890825,5.089,HIP 46283
141.5929603,-1.464074946,5.985,HIP 46288
141.6185826,-40.50170594,6.19,HIP 46297
141.683727,-64.92970064,6.039,HIP 46328
141.776292,-71.60189425,5.47,HIP 46358
141.8267188,-22.34372709,4.69,HIP 46371
141.8968446,-8.65859953,1.97,HIP 46390
141.9543466,-71.78110153,6.31,HIP 46407
141.9649069,75.09832208,6.2,HIP 46410
142.1142105,9.056775011,5.62,HIP 46454
142.1215586,8.188305567,5.713,HIP 46457
142.1272204,-66.70187828,5.886,HIP 46460
142.1666195,45.60148087,5.393,HIP 46471
142.1962724,-62.27313532,5.904,HIP 46482
142.259577,-1.256911953,6.27,HIP 46504
142.287214,-2.768939454,4.6,HIP 46509
142.3026764,-20.74912727,5.636,HIP 46511
142.3113317,-35.95133744,4.51,HIP 46515
142.3173896,-38.40354172,6.145,HIP 46517
142.3518343,-2.2051907,6.126,HIP 46529
142.3850651,-4.246635995,6.257,HIP 46543
142.4578054,-23.34534417,6.24,HIP 46569
142.4771036,-26.58961539,5.479,HIP 46578
142.5212914,-51.51716458,5.46,HIP 46594
142.5936787,-15.5773533,5.849,HIP 46618
142.5976107,-58.3618358,5.888,HIP 46620
142.6746907,-40.46683083,3.91,HIP 46651
142.6749982,-40.46673935,3.6,HIP 46651
142.6751575,-40.46675767,5.12,HIP 46651
142.6801127,33.65571385,5.857,HIP 46652
142.6920823,-31.88920013,6.15,HIP 46657
142.8054923,-57.03437645,3.139,HIP 46701
142.882117,63.06185995,3.67,HIP 46733
142.883979,-31.87180986,5.899,HIP 46734
142.8850435,35.10327204,5.37,HIP 46735
142.887593,-66.7190284,6.255,HIP 46737
142.8876906,-35.71474927,5.87,HIP 46736
142.9011296,-73.08091308,5.454,HIP 46741
142.9124456,-10.55203187,6.123,HIP 46744
142.9301239,22.96798129,4.31,HIP 46750
142.9821218,-10.37034293,6.124,HIP 46768
142.9864207,11.2998218,4.963,HIP 46771
142.9899042,9.715765315,5.07,HIP 46774
142.9955248,-1.184671352,4.548,HIP 46776
143.0608171,-62.78888961,6.1,HIP 46806
143.0766104,-28.62776903,6.45,HIP 46810
143.0803226,-40.64933706,5.4,HIP 46811
143.0850361,-19.40030459,5.74,HIP 46813
143.1724756,1.864126265,6.12,HIP 46840
143.2142956,51.67731481,3.18,HIP 46853
143.2323936,-13.51680425,5.937,HIP 46859
143.25822,-8.505373961,6.113,HIP 46869
143.2820009,-39.12907267,6.41,HIP 46874
143.2968637,45.5137597,6.47,HIP 46879
143.3019161,-21.11572333,5.003,HIP 46880
143.3329487,-7.190202084,6.25,HIP 46893
143.3585462,-22.86388573,5.904,HIP 46897
143.3765111,36.48694845,6.181,HIP 46904
143.4355786,-49.00507613,5.12,HIP 46914
143.4723974,-80.94125797,5.059,HIP 46928
143.4964176,23.45392168,6.25,HIP 46938
143.5366395,-51.25526614,5.03,HIP 46950
143.5557577,36.39755806,4.6,HIP 46952
143.6110451,-59.22975195,4.09,HIP 46974
143.6202478,69.83034071,4.57,HIP 46977
143.6360317,-5.914950119,5.548,HIP 46982
143.7059617,52.05147922,4.463,HIP 47006
143.7230311,72.20567979,5.768,HIP 47013
143.7659573,39.62149264,4.8,HIP 47029
143.7992656,-35.82374957,6.47,HIP 47039
143.8908341,-19.5833964,6.31,HIP 47070
143.9145925,35.81013251,5.34,HIP 47080
143.9703486,14.37959393,6.303,HIP 47096
144.0282261,74.3188076,6.444,HIP 47119
144.1059396,-48.75117789,6.23,HIP 47145
144.178553,31.16175962,5.56,HIP 47168
144.1928725,-52.94366774,6.177,HIP 47172
144.2064132,-49.3550255,4.35,HIP 47175
144.2508638,-25.29675972,5.68,HIP 47187
144.2607565,16.43795182,5.732,HIP 47189
144.2720324,81.32638087,4.255,HIP 47193
144.2912212,-32.17867707,5.63,HIP 47199
144.3027164,-53.66850944,5.467,HIP 47204
144.3028306,6.835822454,5.009,HIP 47205
144.368336,-36.09599414,5.95,HIP 47224
144.4062902,60.21368269,6.41,HIP 47231
144.4413972,-3.170639595,6.46,HIP 47242
144.4646107,-9.424448472,6.39,HIP 47249
144.4841772,73.08039399,6.38,HIP 47260
144.5060476,-43.19094007,5.5,HIP 47267
144.5907349,40.23979333,5.276,HIP 47300
144.6137022,4.649292768,4.68,HIP 47310
144.837547,-61.32804977,4.498,HIP 47391
144.8661441,67.27222912,5.947,HIP 47401
144.9380309,-62.94292365,6.403,HIP 47422
144.9475448,-10.57027158,6.32,HIP 47427
144.9640061,-1.142810732,3.91,HIP 47431
145.0765133,-14.33228878,5.052,HIP 47452
145.0836416,-10.76918442,6.356,HIP 47454
145.1773427,-57.98350925,5.307,HIP 47479
145.2592012,-57.25951727,5.794,HIP 47498
145.2876341,9.892307896,3.52,HIP 47508
145.3197121,55.86649035,6.49,HIP 47521
145.3208613,-23.59151431,4.76,HIP 47522
145.3963185,31.2778135,5.84,HIP 47544
145.4103521,25.91287743,6.249,HIP 47550
145.4496949,-55.2137615,5.98,HIP 47559
145.5014267,39.75785287,5.61,HIP 47570
145.554026,-66.91481853,6.32,HIP 47591
145.5600675,-23.91556723,4.94,HIP 47592
145.5617552,69.23753367,5.717,HIP 47594
145.6723005,-35.50170945,6.383,HIP 47627
145.6780782,35.09337204,6.14,HIP 47631
145.6795588,48.43100336,6.37,HIP 47633
145.7382869,72.25261763,5.142,HIP 47654
145.7789376,54.36370089,6.477,HIP 47664
145.8649506,-51.22813747,6.168,HIP 47694
145.8885832,29.97447664,5.621,HIP 47701
145.9259771,-53.8912818,5.544,HIP 47717
145.9329451,14.02170308,5.35,HIP 47723
146.0503963,-27.76947252,4.79,HIP 47758
146.1250189,18.86349082,6.47,HIP 47779
146.152286,64.98410803,6.21,HIP 47791
146.3117154,-62.50790286,3.75,HIP 47854
146.3416971,-30.20274901,6.45,HIP 47868
146.3791106,78.13470828,6.236,HIP 47884
146.4192302,-57.18604227,6.471,HIP 47893
146.4628067,23.77425378,2.98,HIP 47908
146.4821131,-58.79382866,6.211,HIP 47913
146.5418466,6.708556391,5.79,HIP 47943
146.5859637,-76.77611877,5.44,HIP 47956
146.5971971,11.81004324,5.644,HIP 47959
146.598377,1.785587788,5.64,HIP 47960
146.6265435,-44.75505998,5.55,HIP 47963
146.6319357,57.12806888,5.2,HIP 47965
146.7755071,-65.07200742,2.99,HIP 48002
146.8250201,79.13663211,6.09,HIP 48017
146.8424759,23.64768645,6.49,HIP 48023
146.8581864,11.56816593,6.445,HIP 48029
147.1473806,46.02100739,5.1,HIP 48113
147.1666597,-56.41189059,6.047,HIP 48119
147.3670153,-37.18676426,5.946,HIP 48191
147.4587261,21.179422,6.077,HIP 48218
147.4639475,-36.26846225,6.362,HIP 48219
147.4880858,-45.73273691,5.084,HIP 48224
147.5982712,65.59322655,6.262,HIP 48266
147.6747193,-46.93391902,5.711,HIP 48287
147.7315932,-62.74511707,5.56,HIP 48310
147.7473252,59.03873362,3.81,HIP 48319
147.7533941,-80.06104761,6.49,HIP 48320
147.7582668,13.0662391,6.45,HIP 48324
147.8003142,-59.4257768,5.778,HIP 48339
147.8084654,-4.243350092,6.016,HIP 48341
147.8321871,-46.19382121,5.617,HIP 48348
147.8400665,-6.181925694,6.42,HIP 48351
147.8694791,-14.84662871,4.11,HIP 48356
147.9194513,-46.54762225,4.58,HIP 48374
147.998065,-16.5347935,6.074,HIP 48396
148.0264766,54.06433229,4.557,HIP 48402
148.0499254,0.075602462,6.329,HIP 48413
148.126839,-8.105009967,5.43,HIP 48437
148.1269977,-8.104960883,6.4,HIP 48437
148.1909042,26.00695119,3.88,HIP 48455
148.2417818,-27.33217277,6.29,HIP 48468
148.2503867,-55.37320729,6.491,HIP 48469
148.428851,5.958576172,5.95,HIP 48519
148.4587455,-51.14670998,5.932,HIP 48527
148.55132,-25.93233004,4.88,HIP 48559
148.5735628,-45.28351318,5.81,HIP 48561
148.6325649,-22.48745731,6.213,HIP 48584
148.7134613,-50.24396026,5.705,HIP 48613
148.7175187,-19.00933886,4.94,HIP 48615
148.7639886,61.11612371,6.286,HIP 48638
148.9291741,49.81984301,5.269,HIP 48682
149.0222183,-40.82454494,6.392,HIP 48706
149.0405548,-71.38929999,6.33,HIP 48715
149.0912299,-51.33615637,6.377,HIP 48730
149.1082299,8.933155865,5.848,HIP 48734
149.1478906,-33.41849651,5.818,HIP 48748
149.1951952,-26.54967238,6.28,HIP 48763
149.2155869,-54.56778819,3.45,HIP 48774
149.225384,-27.47515501,6.312,HIP 48776
149.2492036,-69.10180257,6.178,HIP 48782
149.2955831,-52.63878186,6.115,HIP 48799
149.3067152,57.41820503,5.959,HIP 48802
149.4210601,41.05563189,5.104,HIP 48833
149.4274936,-48.41408942,6.05,HIP 48835
149.4329326,-1.941752719,6.46,HIP 48839
149.4868657,45.41430313,6.324,HIP 48861
149.5317934,8.313977991,6.033,HIP 48876
149.5557307,12.44480573,5.26,HIP 48883
149.5947708,72.8794717,5.835,HIP 48893
149.6084955,27.75899915,6.46,HIP 48895
149.7178143,-35.8909729,5.222,HIP 48926
149.7762684,-23.95076863,6.25,HIP 48943
149.9008932,29.64523147,5.744,HIP 48982
149.965363,56.8118065,5.485,HIP 49005
150.0533584,8.044219646,4.7,HIP 49029
150.1824738,-82.21467013,5.52,HIP 49065
150.252737,31.92367028,5.37,HIP 49081
150.2999405,-56.09656697,6.412,HIP 49092
150.4196137,-53.36411285,6.181,HIP 49137
150.4918696,-57.34978859,6.191,HIP 49160
150.5004006,-60.4208909,5.928,HIP 49164
150.7039567,21.94925727,5.663,HIP 49220
150.7058784,-62.15666742,6.371,HIP 49223
150.7497599,-60.17867618,6.19,HIP 49233
150.8357548,-46.63618913,6.101,HIP 49259
150.9207772,-9.573790038,6.097,HIP 49293
150.991104,40.4302558,5.05,HIP 53721
151.0117322,-18.10140206,6.228,HIP 49321
151.0351333,3.201054797,6.429,HIP 49329
151.0872558,-24.28554031,5.701,HIP 49339
151.0973453,-39.97586035,6.409,HIP 49343
151.1513437,53.89171443,5.708,HIP 49363
151.2576404,-51.31361708,6.24,HIP 49394
151.2811234,-13.06462649,4.588,HIP 49402
151.2932529,52.37131312,6.35,HIP 49408
151.3136668,-36.38438429,6.268,HIP 49418
151.4205235,15.75750874,6.36,HIP 49445
151.5300434,-52.18793854,6.492,HIP 49477
151.697603,5.61149275,6.187,HIP 49530
151.7895807,-17.14173273,5.582,HIP 49569
151.833135,16.76266332,3.41,HIP 49583
151.8573432,35.24469587,4.49,HIP 49593
151.8988193,-48.26081996,6.384,HIP 49619
151.9761255,9.997506875,4.38,HIP 49637
151.9845157,-0.371670368,4.49,HIP 49641
151.9859519,-62.22141658,6.44,HIP 49642
152.0068939,-37.33345721,6.327,HIP 49645
152.0661965,31.60405208,6.23,HIP 49658
152.0929624,11.96720878,1.4,HIP 49669
152.143011,83.91838685,6.31,HIP 49688
152.147599,-15.61193784,6.244,HIP 49689
152.1781305,-65.81547675,5.258,HIP 49698
152.2343317,-51.81126176,4.845,HIP 49712
152.3412199,-61.54900931,5.71,HIP 49751
152.3823669,-35.85677894,6.13,HIP 49769
152.4853606,-12.09530531,6.23,HIP 49802
152.5245263,-12.81592319,5.296,HIP 49809
152.5314165,-8.408169948,5.901,HIP 49812
152.6470358,-12.35412748,3.61,HIP 49841
152.6571605,-41.71524747,5.965,HIP 49844
152.7327531,-8.418459081,5.618,HIP 49865
152.7457112,40.66160709,6.335,HIP 49870
152.8032407,37.40189952,5.842,HIP 49893
152.8240172,-7.316621555,6.225,HIP 49900
152.8977452,-58.827765,6.4,HIP 49926
152.9092147,13.35511309,6.427,HIP 49929
152.9435817,-58.06054409,5.75,HIP 49934
153.0118824,-28.60595793,6.28,HIP 49967
153.0955125,-52.16324226,6.147,HIP 49994
153.1581738,-19.15304128,6.46,HIP 50013
153.2015192,4.614677155,5.781,HIP 50027
153.2547788,-59.91808683,6.087,HIP 50044
153.3310233,-27.0289143,6.21,HIP 50066
153.338248,-61.65883046,6.41,HIP 50067
153.3428691,-56.58669749,6.46,HIP 50069
153.3451839,-51.23296958,5.265,HIP 50070
153.3530379,-33.03172079,6.38,HIP 50075
153.3776346,-66.37281118,5.141,HIP 50083
153.4342525,-70.03790645,3.33,HIP 50099
153.4413448,-40.34602768,5.893,HIP 50103
153.4571025,27.1358236,6.05,HIP 50109
153.4856568,-40.31077395,6.325,HIP 50122
153.5373343,-23.8139465,6.357,HIP 50142
153.683982,-42.12194134,3.85,HIP 50191
153.7764116,31.46806815,6.46,HIP 50218
153.7819449,59.98554064,6.25,HIP 50222
153.8193318,-54.9742079,6.134,HIP 50232
153.8369649,-36.51771615,6.158,HIP 50234
153.8814955,-43.11236983,5.561,HIP 50241
154.0133759,-59.9034086,6.22,HIP 50287
154.0374903,-11.20341765,6.075,HIP 50292
154.0601255,29.31047432,5.488,HIP 50303
154.1170102,28.68248293,6.465,HIP 50316
154.1672264,-51.20463749,6.3,HIP 50332
154.1697399,13.72833442,5.41,HIP 50333
154.1725632,23.41731699,3.41,HIP 50335
154.173989,25.37071531,5.84,HIP 50336
154.2707314,-61.33230464,3.35,HIP 50371
154.2740802,42.91441381,3.45,HIP 50372
154.3105764,23.10621783,5.82,HIP 50384
154.3340893,-46.83493614,6.48,HIP 50391
154.4075106,-8.068913121,5.24,HIP 50414
154.5084445,65.10835174,5.76,HIP 50448
154.5316247,-28.99199866,5.53,HIP 50456
154.6176841,-41.66848935,5.957,HIP 50480
154.6577271,-36.8045653,6.306,HIP 50492
154.6579522,-56.11039361,5.8,HIP 50493
154.7446967,46.76077639,6.4,HIP 50509
154.7529424,24.71213737,6.4,HIP 50516
154.7699619,-64.67578227,6.46,HIP 50520
154.7711356,-64.67625765,5.67,HIP 50520
154.8202649,-12.52812262,6.027,HIP 50536
154.8847682,-5.106147799,6.361,HIP 50552
154.9031363,-55.02930533,4.543,HIP 50555
154.925126,-65.13723781,6.3,HIP 50562
154.9931273,19.84148522,2.37,HIP 50583
154.9931436,19.84148867,1.98,HIP 50583
154.9978379,-9.059003191,6.308,HIP 50584
155.0616929,53.7794134,6.453,HIP 50606
155.0696482,-47.6990905,5.614,HIP 50609
155.1297958,54.21683883,6.012,HIP 50635
155.2283155,-56.04323771,4.51,HIP 50676
155.2639202,68.74765342,5.9,HIP 50685
155.2831602,-17.98495644,6.499,HIP 50693
155.3694318,-23.71083436,6.469,HIP 50728
155.4595956,14.97577304,6.163,HIP 50755
155.5434198,-58.2655694,6.35,HIP 50785
155.5440079,41.22953047,5.72,HIP 50786
155.5539054,-19.86657175,6.13,HIP 50790
155.5816035,-41.64996198,4.83,HIP 50799
155.5821987,41.49953826,3.05,HIP 50801
155.7422774,-66.901496,4.99,HIP 50847
155.7518662,6.542643116,6.08,HIP 50851
155.7763708,33.9081424,5.9,HIP 50860
155.8047508,-30.16226145,6.25,HIP 50868
155.8603259,-4.074032839,5.97,HIP 50885
155.8682075,-0.902247945,6.441,HIP 50887
155.872067,-38.00984042,5.329,HIP 50888
155.8860693,-3.642853335,6.42,HIP 50893
155.9192678,-41.95319166,6.242,HIP 50903
155.9239995,29.6158542,6.367,HIP 50904
155.9609616,-57.95393185,6.325,HIP 50916
156.0326953,65.5664226,4.93,HIP 50933
156.0358496,33.71852969,5.503,HIP 50935
156.0549049,2.368017541,6.31,HIP 50939
156.098773,-74.03161108,4.01,HIP 50954
156.1854665,-73.97173194,6.174,HIP 50976
156.2475746,-58.57630226,5.93,HIP 50993
156.3133146,8.784843846,5.61,HIP 51008
156.3217258,-42.46740442,6.18,HIP 51014
156.4344621,-7.059826769,5.56,HIP 51046
156.4371811,35.42542781,6.47,HIP 51047
156.4783956,33.7961192,4.718,HIP 51056
156.5226089,-16.8362886,3.81,HIP 51069
156.5409647,-42.7384924,6.126,HIP 51077
156.6538108,-0.988056351,6.305,HIP 51117
156.7038395,-54.87730634,5.546,HIP 51140
156.752027,19.364535,6.132,HIP 51161
156.7879193,-31.06777914,4.25,HIP 51172
156.8519604,-57.63880511,4.7,HIP 51192
156.8553491,-65.70466188,5.991,HIP 51194
156.8668488,41.60099108,6.007,HIP 51200
156.9124538,9.762391668,6.04,HIP 51213
156.9697074,-58.73940618,3.81,HIP 51232
156.9708317,36.70721001,4.21,HIP 51233
157.0087302,-49.40580232,6.086,HIP 51245
157.0760798,-63.16456766,6.426,HIP 51265
157.1521651,45.21221188,6.357,HIP 51290
157.1831627,-3.74239103,6.032,HIP 51302
157.2190617,-64.17227996,5.27,HIP 51313
157.2656095,-65.17624546,6.418,HIP 51327
157.3695954,-2.739075781,5.18,HIP 51362
157.3707212,-29.66383322,5.565,HIP 51364
157.3974118,-30.60706511,5.56,HIP 51376
157.4234569,84.25193024,5.51,HIP 51384
157.4768202,65.62623118,6.309,HIP 51401
157.526865,38.92513217,5.784,HIP 51420
157.5366079,-66.98465453,6.191,HIP 51425
157.5728345,-0.637031816,5.1,HIP 51437
157.5838657,-71.99279386,4.71,HIP 51438
157.6107748,64.25768839,6.09,HIP 51448
157.6635194,-61.35647662,6.401,HIP 51461
157.7448486,-7.63754802,6.2,HIP 51490
157.7448526,-7.637549449,6.32,HIP 51490
157.7493213,-13.58847091,5.58,HIP 51491
157.7585855,-73.22149262,4.92,HIP 51495
157.7696164,82.55865174,5.252,HIP 51502
157.8409203,-53.71548361,4.89,HIP 51523
157.9528245,-28.23710146,6.03,HIP 51551
157.9640642,32.37955702,5.905,HIP 51556
157.9860039,-45.06965407,5.99,HIP 51560
157.9875,-45.0681,5.16,HIP 515610
157.9893189,-45.06671779,5.668,HIP 51561
158.0061045,-61.68533195,3.27,HIP 51576
158.049056,14.13726969,5.46,HIP 51585
158.1400398,-44.61850559,5.903,HIP 51610
158.1992053,-58.66674416,6.006,HIP 51623
158.2027933,9.306584817,3.87,HIP 51624
158.23692,-47.00335121,5.027,HIP 51635
158.3023743,-13.40424389,6.5,HIP 51656
158.3078747,40.42554634,4.715,HIP 51658
158.3557878,-58.19014901,6.26,HIP 51676
158.378796,34.98869462,5.58,HIP 51685
158.5036857,-23.74516917,5.06,HIP 51718
158.5529644,-60.98762937,6.238,HIP 51732
158.7000563,6.953750278,5.07,HIP 51775
158.7404145,-23.17624635,6.098,HIP 51795
158.7590017,8.650431245,5.79,HIP 51802
158.7728764,75.71290186,4.853,HIP 51808
158.7903906,57.08263537,5.148,HIP 51814
158.7933854,-43.66458675,6.1,HIP 51816
158.8035459,-39.56259001,5.38,HIP 51821
158.8531682,-76.30898238,6.293,HIP 51835
158.8671065,-78.60778854,4.12,HIP 51839
158.8970744,-57.5576336,4.43,HIP 51849
158.91193,-18.56897764,6.479,HIP 51852
158.9554893,-58.22428186,6.43,HIP 51866
159.0081524,80.49462952,6.46,HIP 51883
159.0694121,-16.34432678,6.012,HIP 51905
159.0854976,-59.56439384,5.088,HIP 51912
159.089254,36.3269278,6.287,HIP 51914
159.1349247,-12.23012223,5.71,HIP 51933
159.307186,-27.41263553,4.89,HIP 51979
159.3171367,-53.85525926,6.417,HIP 51984
159.3256268,-48.22566619,3.84,HIP 51986
159.3627839,-58.73333782,5.45,HIP 52004
159.3886373,-13.38454248,4.82,HIP 52009
159.4677753,34.0786307,6.4,HIP 52032
159.5110099,-57.25630271,5.876,HIP 52043
159.6456153,-16.87656519,4.903,HIP 52085
159.6800534,31.97623983,4.677,HIP 52098
159.6874844,-59.18299575,4.87,HIP 52102
159.689074,-59.2624147,6.48,HIP 52103
159.7096416,-42.75344345,6.114,HIP 52112
159.7100658,-12.44362411,6.045,HIP 52113
159.7484178,-58.816854,5.979,HIP 52127
159.773565,53.66829963,5.537,HIP 52136
159.8162297,-74.49338615,6.064,HIP 52150
159.8266356,-55.60326798,4.267,HIP 52154
159.8451307,-64.11178841,6.314,HIP 52160
160.0476977,-65.10020906,5.52,HIP 52221
160.2147464,-35.7417156,6.389,HIP 52273
160.3229827,-59.67691555,6.42,HIP 52308
160.3507748,-1.741491971,6.25,HIP 52316
160.4510771,68.4435008,5.729,HIP 52338
160.4646684,-79.78328811,5.969,HIP 52340
160.546954,31.69699594,6.02,HIP 52366
160.5588303,-64.46642611,4.82,HIP 52370
160.6307195,-13.9745157,6.228,HIP 52391
160.6690269,-59.21575842,5.51,HIP 52405
160.6799348,-32.71567028,5.624,HIP 52407
160.7391749,-64.39445022,2.76,HIP 52419
160.7578434,26.32556352,5.506,HIP 52422
160.7668363,69.07621383,4.992,HIP 52425
160.8371702,4.747670042,6.09,HIP 52452A
160.8371704,4.74766569,5.79,HIP 52452
160.8539875,23.18840327,5.07,HIP 52457
160.8845395,-60.56662077,4.545,HIP 52468
160.9305269,57.19919968,5.782,HIP 52478
160.9545517,18.31298715,6.5,HIP 52484
160.9633088,-64.24904189,5.748,HIP 52487
160.9677413,-60.11778324,6.48,HIP 52488
161.0287552,-63.96107482,4.789,HIP 52502
161.0606151,19.7588329,6.266,HIP 52513
161.083444,-70.85972536,6.233,HIP 52520
161.0954522,-59.99332514,6.24,HIP 52526
161.1123371,-72.44349787,6.261,HIP 52535
161.134734,-70.85525977,6.442,HIP 52537
161.2667939,67.41138307,5.95,HIP 52577
161.2894046,2.487973805,6.271,HIP 52584
161.3180613,-80.46959423,6.04,HIP 52595
161.3193701,-80.46957233,6.38,HIP 52595
161.4458597,-80.54018818,4.433,HIP 52633
161.4662278,30.68230763,5.352,HIP 52638
161.523667,6.373183003,6.368,HIP 52660
161.5689472,-64.51456179,5.34,HIP 52678
161.5711103,-60.60287236,6.268,HIP 52679
161.5936719,57.36591282,6.34,HIP 52685
161.6022754,18.8915223,5.492,HIP 52686
161.6053216,14.19464504,5.478,HIP 52689
161.6232839,-64.26323713,5.229,HIP 52701
161.6547591,-43.19267399,6.28,HIP 52709
161.6923962,-49.42025994,2.69,HIP 52727
161.6931046,-49.41989514,5.58,HIP 52727
161.700322,-69.20978659,6.35,HIP 52730
161.7134124,-64.38347349,4.83,HIP 52736
161.7168942,-17.29687492,5.44,HIP 52737
161.7394725,-56.75719192,5.23,HIP 52742
161.8775195,-69.43773301,6.35,HIP 52785
161.9099852,-57.46740981,6.248,HIP 52797
161.9346561,-59.87525588,6.47,HIP 52806
161.9730692,-64.26283469,6.452,HIP 52815
162.0225282,-59.91916251,6.015,HIP 52827
162.0587954,-31.68784691,5.858,HIP 52841
162.168981,-1.958895707,5.93,HIP 52863
162.1727891,-47.74989663,6.5,HIP 52865
162.2077936,65.13249,6.398,HIP 52877
162.2384505,29.41605573,6.149,HIP 52882
162.3142932,10.54519958,5.312,HIP 52911
162.3518129,-59.3237894,5.91,HIP 52922
162.3518619,-59.32378319,6.12,HIP 52922
162.369997,63.81002544,6.43,HIP 52929
162.4062011,-16.19364706,3.11,HIP 52943
162.4312154,-9.852690522,5.842,HIP 52948
162.47386,27.97394756,6.047,HIP 52959
162.4875737,-34.05818454,5.599,HIP 52965
162.5752349,-8.897764938,5.791,HIP 52980
162.7725339,-3.092666722,5.941,HIP 53035
162.7958682,56.58225736,5.661,HIP 53043
162.8488393,59.32011985,5.562,HIP 53064
162.9453282,-57.27230394,6.285,HIP 53100
163.0570528,1.024972626,6.37,HIP 53141
163.1192986,-79.55943793,6.338,HIP 53151
163.128525,-57.24040501,5.25,HIP 53154
163.1335769,52.50360482,6.43,HIP 53157
163.1503863,-0.201660661,6.294,HIP 53167
163.3278715,34.21489213,3.83,HIP 53229
163.3381929,-58.89345269,6.25,HIP 53231
163.3539945,-2.255169533,6.117,HIP 53240
163.3730509,-20.13872946,5.24,HIP 53252
163.3735671,-58.85317037,3.79,HIP 53253
163.3871015,-15.44583565,6.34,HIP 53259
163.3891832,-56.42049784,6.41,HIP 53260
163.3935503,54.5851274,5.111,HIP 53261
163.4253269,-70.72033754,5.99,HIP 53272
163.4321346,-2.129205552,5.449,HIP 53273
163.4947538,43.18995751,4.664,HIP 53295
163.574071,-13.75803752,5.651,HIP 53316
163.6233442,-61.82662162,5.9,HIP 53334
163.6756975,25.49072426,6.187,HIP 53355
163.7424124,34.03479856,5.725,HIP 53377
163.7542215,-42.25110069,6.11,HIP 53379
163.798229,-20.66496209,6.444,HIP 53387
163.8217575,-60.5170011,5.92,HIP 53394
163.863374,-43.02052578,6.4,HIP 53411
163.9033191,24.7497173,4.32,HIP 53417
163.903339,24.74972842,4.477,HIP 53417
163.9052018,24.74904162,6.29,HIP 53417
163.9266504,0.736919271,5.93,HIP 53423
163.9349345,33.50692896,5.034,HIP 53426
164.0061178,6.185372588,5.78,HIP 53449
164.0604944,42.00815475,6.034,HIP 53465
164.0702201,22.35168093,6.139,HIP 53472
164.1434462,25.50024392,6.354,HIP 53492
164.1793801,-37.13776741,4.6,HIP 53502
164.2826956,-50.76501689,5.898,HIP 53530
164.3157591,-75.0997613,6.122,HIP 53546
164.4507778,-59.73218986,6.11,HIP 53589
164.8072578,-33.73759318,5.73,HIP 53699
164.8073243,-84.59389381,6.185,HIP 53702
164.8083695,-61.32075935,6.18,HIP 53701
164.8244523,51.88237471,6.197,HIP 53706
164.878863,-16.35370432,5.879,HIP 53723
164.8866138,36.09310073,6,HIP 53726
164.9436048,-18.29878622,4.07,HIP 53740
164.9867808,77.77017349,6.184,HIP 53761
164.9974084,-43.80711039,5.799,HIP 53762
165.0344896,-51.81780185,6.143,HIP 53771
165.0386009,-42.22585844,4.39,HIP 53773
165.0487201,-14.08336917,5.857,HIP 53778
165.0612696,45.52627397,5.448,HIP 53781
165.1064799,51.502101,6.39,HIP 53798
165.1401964,3.617497885,4.838,HIP 53807
165.1510365,-53.11183288,6.44,HIP 53811
165.1699307,-31.83937007,6.051,HIP 53818
165.1866751,6.10144522,4.977,HIP 53824
165.2100716,39.21207634,5.062,HIP 53838
165.2391174,-15.79268225,6.36,HIP 53849
165.2735735,63.4210978,6.358,HIP 53860
165.4569845,-2.484590457,4.75,HIP 53907
165.4603323,56.38243365,2.37,HIP 53910
165.5823986,20.17984005,4.398,HIP 53954
165.601888,-26.83150562,6.202,HIP 53963
165.8105854,-0.752341695,6.117,HIP 54027
165.811997,-11.30346899,5.511,HIP 54029
165.8169021,-31.96085072,6.444,HIP 54030
165.8641092,70.03073772,6.43,HIP 54038
165.902217,-13.4349136,6.343,HIP 54048
165.9024662,-0.000830693,5.927,HIP 54049
165.9316619,61.75087309,4.86,HIP 54061
165.9319526,61.75103334,1.87,HIP 54061
165.9319647,61.75103469,1.79,HIP 54061
166.0009664,-57.95533821,6.13,HIP 54082
166.1300038,-47.67910434,5.668,HIP 54137
166.1301182,38.24136113,6.02,HIP 54136
166.225819,-35.8046713,5.414,HIP 54173
166.2542825,7.336006703,4.62,HIP 54182
166.2671245,-49.39229989,6.102,HIP 54185
166.3329273,-27.2936241,4.912,HIP 54204
166.391587,-11.08893418,6.086,HIP 54214
166.489875,-27.28785353,5.71,HIP 54255
166.523917,-51.21292022,6.281,HIP 54264
166.6010569,-64.83997197,6.381,HIP 54289
166.6146395,-50.95672611,6.294,HIP 54291
166.6220302,-58.67502407,6.03,HIP 54294
166.6351103,-62.42411406,4.606,HIP 54301
166.6834516,17.73736338,6.392,HIP 54319
166.7078144,-70.87794637,5.57,HIP 54327
166.8195413,-42.63867989,5.24,HIP 54360
166.8922138,-48.63998332,6.42,HIP 54380
166.9154417,23.3237633,6.468,HIP 54388
167.0657343,-29.97248862,6.453,HIP 54430
167.1416576,-61.9471757,5.19,HIP 54461
167.1474532,-58.97503863,3.83,HIP 54463
167.1832921,-28.08065386,5.421,HIP 54477
167.204533,24.65849378,5.698,HIP 54487
167.329498,36.30937955,5.74,HIP 54522
167.4104181,43.20773435,5.89,HIP 54537
167.415777,67.21021009,6.061,HIP 54540
167.4158679,44.49848775,3.01,HIP 54539
167.4724751,-32.36752912,5.766,HIP 54561
167.8730866,-71.4361908,6.335,HIP 54673
167.9144947,-22.82584805,4.449,HIP 54682
167.9323165,14.40015362,6.295,HIP 54688
167.9910005,-26.80611641,6.43,HIP 54703
168.0147489,-58.42335713,6.33,HIP 54708
168.0424573,-46.26675563,6.27,HIP 54718
168.0455864,68.2718704,6.43,HIP 54721
168.0616308,-32.43379783,6.38,HIP 54725
168.1265458,-18.49984868,6.25,HIP 54742
168.1265495,-18.49986098,6.105,HIP 54742
168.1347929,35.81408027,6.41,HIP 54745
168.1377682,-49.10099773,5.367,HIP 54746
168.1449958,-21.7493374,6.378,HIP 54749
168.1500551,-60.3176263,4.62,HIP 54751
168.1883625,-64.16976977,5.219,HIP 54767
168.2363148,-49.73609723,6.109,HIP 54783
168.3111885,-44.37221835,5.761,HIP 54811
168.3782605,-59.61931742,5.74,HIP 54829
168.4141384,-53.231815,5.74,HIP 54840
168.4170506,41.08883582,6.34,HIP 54842
168.4398046,-0.069502225,5.404,HIP 54849
168.5076406,8.060694979,5.793,HIP 54863
168.5270893,20.52371814,2.53,HIP 54872
168.5600236,15.42957109,3.35,HIP 54879
168.7255004,-43.73370482,6.196,HIP 54929
168.8009516,23.09550896,4.63,HIP 54951
168.9281199,-57.3558819,6.418,HIP 55003
168.9661671,13.30756527,5.32,HIP 55016
169.1654157,-3.651603208,4.45,HIP 55084
169.1743757,49.47624861,5.873,HIP 55086
169.2424053,-7.134686049,6.14,HIP 55106
169.3000303,-38.01436729,6.235,HIP 55130
169.3096817,-41.93432349,6.44,HIP 55133
169.322502,2.010555859,5.18,HIP 55137
169.3293483,-67.82351645,6.054,HIP 55140
169.4119112,-34.73737538,6.428,HIP 55164
169.54515,31.52911714,4.77,HIP 55203B
169.5454215,31.52916086,4.25,HIP 55203A
169.5455495,31.5292889,3.79,HIP 55203
169.6197384,33.09430607,3.49,HIP 55219
169.6433487,-79.66864917,6.352,HIP 55225
169.7289985,1.650395442,5.904,HIP 55249
169.7828588,38.18559332,4.8,HIP 55266
169.8184731,-64.58249009,5.99,HIP 55280
169.8351973,-14.77853984,3.56,HIP 55282
169.9022006,-75.14244672,6.258,HIP 55308
169.9614556,-72.95829014,6.46,HIP 55332
170.0171484,-71.99433866,6.412,HIP 55350
170.224157,67.10074989,6.201,HIP 55412
170.2516858,-54.49102356,4.08,HIP 55425
170.2518159,-54.49108447,5.65,HIP 55425
170.2841407,6.02932167,4.04,HIP 55434
170.4553703,57.07485608,6.44,HIP 55485
170.4870486,-77.60836873,6.423,HIP 55497
170.5962886,-44.64592388,6.108,HIP 55528
170.7065749,43.48269846,5.03,HIP 55560
170.7135152,64.33051148,6.03,HIP 55564
170.783881,-56.77935453,5.807,HIP 55581
170.8028653,-36.16477116,4.991,HIP 55588
170.8247948,0.132045477,6.029,HIP 55595
170.8391656,-64.95471455,5.39,HIP 55597
170.8411728,-18.78003559,5.09,HIP 55598
170.9810551,10.52950625,4.01,HIP 55642
170.9856962,-57.88043733,6.5,HIP 55645
171.0096981,1.407762526,5.386,HIP 55650
171.0463631,-72.25660808,5.583,HIP 55657
171.091891,-42.6690996,6.12,HIP 55667
171.1524634,-10.85932653,4.802,HIP 55687
171.2205151,-17.68401188,4.06,HIP 55705
171.2455192,11.43029149,5.788,HIP 55716
171.372723,-36.06306194,5.219,HIP 55756
171.3879066,-37.74757465,5.918,HIP 55763
171.4015533,16.45653684,5.572,HIP 55765
171.4297691,-63.97247704,5.17,HIP 55779
171.4585693,3.860063822,6.354,HIP 55791
171.4879574,55.85045779,5.7,HIP 55797
171.6064883,33.45061151,6.324,HIP 55821
171.6475742,-61.11516776,5.54,HIP 55831
171.6888405,3.013099066,6.46,HIP 55846
171.6908,3.0097,6.16,HIP 55846
171.6969396,-53.15991619,5.806,HIP 55849
171.7896487,-12.356749,5.923,HIP 55874
171.9599085,45.18520436,6.28,HIP 55936
171.9738106,-1.699937715,6.256,HIP 55941
171.9843313,2.85626503,4.943,HIP 55945
171.9944673,-35.32885077,6.42,HIP 55953
172.0767248,-72.47397959,6.115,HIP 55979
172.1461615,-42.67420556,5.136,HIP 56000
172.2671739,39.33697122,5.35,HIP 56034
172.2671748,39.33697553,5.354,HIP 56034
172.4109132,-24.46402112,5.813,HIP 56078
172.424349,15.41326571,5.734,HIP 56080
172.4315146,56.73757403,6.278,HIP 56083
172.5536263,54.36223321,6.49,HIP 56120
172.5787223,-3.003499701,4.77,HIP 56127
172.6034389,46.65753236,6.302,HIP 56135
172.6209485,18.40980704,5.549,HIP 56146
172.6297133,43.17324138,5.942,HIP 56148
172.8126912,-61.27846869,6.4,HIP 56201
172.8509236,69.33107573,3.85,HIP 56211
172.9419526,-59.44206069,5.097,HIP 56243
172.9481358,-20.77647275,6.228,HIP 56245
172.9533314,-59.51564712,5.14,HIP 56250
172.9605552,81.12725695,6.11,HIP 56253
173.0668331,-29.26330554,5.671,HIP 56280
173.068352,-29.26102213,5.58,HIP 56280
173.0833171,-66.96182343,5.881,HIP 56287
173.0970088,-26.74680469,6.16,HIP 56293
173.198069,-7.827525212,5.927,HIP 56318
173.2003427,-40.43619435,5.639,HIP 56319
173.2255363,-31.0872254,5.11,HIP 56332
173.2504789,-31.85762444,3.54,HIP 56343
173.3117725,-16.28040599,6.044,HIP 56364
173.3560037,-70.19478925,6.3,HIP 56379
173.4014431,2.499031032,6.48,HIP 56388
173.4845186,36.81561541,6.37,HIP 56410
173.6228602,-32.83133966,5.98,HIP 56452
173.6770427,16.79691544,5.94,HIP 56473
173.6770455,16.79691606,6.289,HIP 56473
173.6902349,-54.2640931,4.607,HIP 56480
173.7368779,-49.13648476,5.5,HIP 56497
173.7454344,-4.361288534,6.41,HIP 56500
173.7656384,20.44154527,6.438,HIP 56508
173.770351,54.78539853,5.628,HIP 56510
173.8053431,-47.37257909,5.675,HIP 56518
173.9264015,-61.28787148,6.24,HIP 56550
173.9453254,-63.01983499,3.14,HIP 56561
173.9816038,-47.64163994,5.252,HIP 56573
174.0748196,27.78134158,5.81,HIP 56601
174.093186,-61.05243375,5.819,HIP 56606
174.1456078,-33.57005998,5.89,HIP 100893A
174.1696801,-37.23718623,6.286,HIP 56632
174.170455,-9.802222702,4.673,HIP 56633
174.2372115,-0.823749942,4.3,HIP 56647
174.252185,-61.28344339,5.15,HIP 56656
174.2550201,-32.98820651,6.318,HIP 56657
174.315175,-75.89653329,5.637,HIP 56675
174.3916552,-47.74729809,5.456,HIP 56700
174.4263296,77.59569947,6.486,HIP 56716
174.451576,-67.6203789,5.929,HIP 56727
174.4708368,50.61818605,6.113,HIP 56731
174.5302899,-61.82653122,5.14,HIP 56754
174.5409641,8.883791402,6.19,HIP 56756
174.6002866,-2.435903916,6.29,HIP 56775
174.6150311,8.13429428,5.36,HIP 56779
174.6346789,33.62582915,6.273,HIP 56784
174.6396449,46.83421416,6.076,HIP 56789
174.666742,-13.20193924,5.48,HIP 56802
174.6870845,45.10841738,6.47,HIP 56809A
174.7047392,64.34696833,6.5,HIP 56816
174.751843,-24.72109449,6.42,HIP 56830
174.8731921,-65.3978054,5.095,HIP 56862
174.9597258,-16.62022868,6.19,HIP 56899
174.9630024,-14.46852412,6.198,HIP 56901
175.0532896,-34.74465833,4.7,HIP 56922
175.1142925,57.97040523,6.335,HIP 56944
175.1541797,-62.56810192,6.38,HIP 56961
175.1770033,-53.96860652,5.94,HIP 56970
175.1961135,21.35272744,5.255,HIP 56975
175.2234741,-62.09010152,4.92,HIP 56986
175.2554511,-83.09993815,6.328,HIP 56996
175.2625678,34.20163378,5.34,HIP 56997
175.2850085,-29.19623507,6.44,HIP 57001
175.3324628,-43.09566596,5.53,HIP 57013
175.392735,31.74604863,5.75,HIP 57029
175.4312373,55.17201002,6.266,HIP 57045
175.4331142,-32.49940312,5.2,HIP 57047
175.5147005,-20.29416858,6.2,HIP 57079
175.5621655,-75.22731356,6.466,HIP 57092
175.6181741,66.74490648,5.308,HIP 57111
175.7288836,-79.30639098,6.378,HIP 57137
175.8632824,-37.19016072,5.966,HIP 57165
175.879968,-62.48939643,5.03,HIP 57175
175.9701671,-62.87828113,6.087,HIP 57211
175.9796695,-6.677162651,6.041,HIP 57214
176.0548472,25.21832095,6.02,HIP 57240
176.1907332,-18.35067637,4.706,HIP 57283
176.3026468,-49.06984179,6.266,HIP 57322
176.3209993,8.258113805,4.842,HIP 57328
176.4017279,-66.7287577,3.65,HIP 57363
176.4332007,-45.69013364,5.271,HIP 57371
176.4648317,6.529374721,4.04,HIP 57380
176.5125586,47.77940424,3.72,HIP 57399
176.6284285,-61.17839961,4.1,HIP 57439
176.6294689,-40.50035719,4.88,HIP 57443
176.7317595,55.628189,5.254,HIP 57477
176.7793695,-35.90686527,6.147,HIP 57497
176.8158656,-30.28651118,6.48,HIP 57507
176.8297552,-57.69650071,5.407,HIP 57512
176.9787305,8.245892688,5.316,HIP 57562
176.9963998,20.21893056,4.52,HIP 57565
177.0605629,-66.81490961,4.728,HIP 57581
177.0978645,-10.3131045,6.226,HIP 57587
177.1878447,-26.74977781,5.11,HIP 57613
177.2553386,-0.318671264,6.15,HIP 57629
177.2649098,14.57205806,2.13,HIP 57632
177.3116185,16.24288022,6.036,HIP 57646
177.4211139,-63.78847241,4.308,HIP 57669
177.4238121,34.93175806,5.723,HIP 57670
177.4858976,-70.22578912,4.964,HIP 57696
177.5816813,-15.86366481,6.122,HIP 57732
177.6136544,-62.64938216,5.702,HIP 57741
177.6549266,-27.27793717,6.477,HIP 57749
177.6738271,1.76472265,3.6,HIP 57757
177.7305886,12.27903642,6.367,HIP 57779
177.7592896,-5.333331523,5.622,HIP 57791
177.7862133,-45.17346992,4.46,HIP 57803
177.7896274,33.37501284,6.224,HIP 57805
177.8412382,-12.18781082,6.35,HIP 57819
177.9233703,-30.83480743,5.85,HIP 57841
177.9634343,-65.20591012,4.99,HIP 57851
178.0428314,-56.98774168,5.559,HIP 57870
178.2271704,-33.9081352,4.69,HIP 57936
178.2271729,-33.90812978,4.28,HIP 57936
178.2272748,-33.9079757,5.47,HIP 57936
178.2448639,37.7186817,6.45,HIP 57939
178.3617061,-35.06664235,6.167,HIP 57971
178.4576972,53.69475973,2.44,HIP 58001
178.459488,0.552114751,6.29,HIP 58002
178.5479202,-57.41019779,6.045,HIP 58041
178.6074577,-37.7489188,6.46,HIP 58057
178.6772433,-25.71388442,5.272,HIP 58082
178.6859925,-66.37619946,6.36,HIP 58085
178.7500493,-63.27918076,5.96,HIP 58103
178.7630519,8.443942119,5.569,HIP 58110
178.8085677,36.75637589,6.49,HIP 58119
178.9172119,-28.47710391,5.893,HIP 58158
178.9188863,15.64681941,5.522,HIP 58159
178.97821,-39.6895174,6.131,HIP 58177
178.9934048,56.59855775,5.824,HIP 58181
179.0039755,-17.15082447,5.16,HIP 58188
179.125942,57.87156913,6.2,HIP 58225
179.182979,-47.0723777,6.255,HIP 58242
179.2218172,61.54921199,6.2,HIP 58259
179.2656067,-33.3154592,6.189,HIP 58272
179.4166973,-62.44874843,5.557,HIP 58326
179.5298908,32.27390771,6.422,HIP 58369
179.5634368,-56.31731204,5.436,HIP 58379
179.698581,-64.33955926,5.6,HIP 58427
179.7265571,-25.90885915,6.416,HIP 58436
179.7639057,0.530680246,6.176,HIP 58445
179.789045,-10.47589877,6.48,HIP 58450
179.7945014,-45.83222168,6.337,HIP 58452
179.7952605,-51.69676172,6.031,HIP 58453
179.8230509,33.16700244,5.96,HIP 58460
179.8567438,-62.8309472,6.35,HIP 58469
179.9063325,-78.22192514,6.02,HIP 58484
179.9065922,-78.22181924,5.33,HIP 58484
179.9871396,3.655204617,5.345,HIP 58510
179.9890687,34.03474824,6.488,HIP 58512
180.0775156,80.85318354,6.17,HIP 58545
180.087533,76.9057341,5.8,HIP 58952
180.1759242,-21.83749728,6.255,HIP 58574
180.1852506,-10.44612975,5.55,HIP 58576
180.2131632,-19.65898118,5.264,HIP 58587
180.2182993,6.614318553,4.642,HIP 58590
180.2572443,-1.768166221,6.316,HIP 58603
180.3716361,-57.50377872,6.142,HIP 58642
180.4144252,36.04207718,5.57,HIP 58654
180.5843305,-85.63175732,6.019,HIP 58697
180.6186271,-71.48898144,6.423,HIP 58706
180.6570525,-69.19228862,5.876,HIP 58720
180.7152537,-7.683626215,6.225,HIP 58741
180.7562527,-63.31292866,4.32,HIP 58758
180.9148851,-42.43405845,5.15,HIP 58803
180.9354396,-74.21409496,6.45,HIP 58810
181.0691607,21.45915054,6.15,HIP 58858
181.0696032,-51.47251544,6.47,HIP 58859
181.0800837,-63.16569907,4.716,HIP 58867
181.1171171,85.58713112,6.265,HIP 58874
181.1620237,-68.32891127,5.52,HIP 58884
181.1885822,-59.25325091,6.2,HIP 58901
181.1936285,-76.51906248,5.024,HIP 58905
181.2383941,-60.96825307,5.96,HIP 58921
181.302216,8.733018577,4.12,HIP 58948
181.4154203,62.93311851,6.13,HIP 58989
181.4734167,-65.54687615,6.303,HIP 59003
181.4860933,-35.69391961,6.226,HIP 59008
181.4992268,-3.131590931,6.364,HIP 59010
181.5830203,-68.65140505,6.226,HIP 59046
181.5958751,-65.70944583,6.06,HIP 59050
181.7204089,-64.6137307,4.136,HIP 59072
181.9578155,-75.36701806,5.165,HIP 59151
182.0217594,-50.66127096,4.47,HIP 59173
182.0612693,-48.6925114,5.34,HIP 59184
182.0895735,-50.72242739,2.52,HIP 59196
182.1030464,-60.84712988,6.184,HIP 59200
182.1034053,-24.7288756,4.01,HIP 59199
182.2241701,-44.3259899,5.746,HIP 59229
182.2274554,-41.23160328,5.498,HIP 59232
182.4461762,74.66135534,6.34,HIP 59291
182.5106187,-34.70474365,6.17,HIP 59307
182.5311691,-22.61976722,2.98,HIP 59316
182.6318367,16.80927057,6.387,HIP 59352
182.6409048,-37.8703492,6.063,HIP 59353
182.6920632,27.2815061,5.987,HIP 59364
182.749915,81.70983059,5.955,HIP 59384
182.7550637,-68.26097421,6.48,HIP 59389
182.7659958,-23.60242107,5.47,HIP 59394
182.7712754,-61.27742445,6.071,HIP 59396
182.881189,-51.35933241,6.23,HIP 59439
182.9129989,-52.36844012,3.96,HIP 59449
182.9371055,57.0544048,6.31,HIP 59458
182.9632362,25.87027986,5.62,HIP 59468
183.0042355,28.53631325,6.457,HIP 59489
183.0387067,20.54206199,5.55,HIP 59501
183.0497692,77.61624118,5.137,HIP 59504
183.0915828,-62.95077388,5.98,HIP 59517
183.3039349,-34.12527719,6.47,HIP 59588
183.3543202,-38.92918577,5.75,HIP 59607
183.3580802,10.2623397,5.829,HIP 59608
183.4033576,-33.79291962,6.46,HIP 59622
183.4852621,-78.57393654,6.337,HIP 59647
183.5112392,-45.72391629,5.6,HIP 59654
183.5112394,-45.72391615,5.31,HIP 59654
183.5705241,-64.40851926,6.235,HIP 59678
183.6808762,53.43462674,6.171,HIP 59708
183.7482348,-20.84423547,5.807,HIP 59728
183.7766638,-29.23725675,6.49,HIP 59742
183.7853831,70.2000085,5.719,HIP 59746
183.786327,-58.74892408,2.752,HIP 59747
183.7939888,-10.31239873,6.11,HIP 59750
183.8344635,87.70011846,6.259,HIP 59767
183.8564994,57.03261698,3.32,HIP 59774
183.8768717,-41.91327819,6.23,HIP 59785
183.9228788,72.55119672,6.29,HIP 59796
183.951545,-17.54193046,2.58,HIP 59803
184.0007774,14.8990679,5.09,HIP 59819
184.0314544,40.66017864,5.66,HIP 59831
184.0855764,23.94540728,4.86,HIP 59847
184.0992252,-72.61449897,6.196,HIP 59851
184.1255573,33.06150801,4.94,HIP 59856
184.2638864,-16.6937356,6.07,HIP 59895
184.2762907,-65.69295965,6.054,HIP 59898
184.3733331,53.1913319,5.81,HIP 59920
184.3773911,28.9371919,5.7,HIP 59923
184.3928152,-67.96073681,4.02,HIP 59929
184.4344164,15.14469721,6.32,HIP 59941
184.4469402,-36.09397866,6.14,HIP 59950
184.5398853,-3.948780722,5.99,HIP 59984
184.5867696,-79.31223407,4.229,HIP 60000
184.609342,-64.00308537,4.05,HIP 60009
184.6317503,30.24904693,6.226,HIP 60018
184.6679895,-0.787184319,5.897,HIP 60030
184.7082716,75.16056071,5.46,HIP 60044
184.749007,-55.14298044,5.01,HIP 60059
184.7584376,26.00835016,6.433,HIP 60066
184.8299708,23.03467272,6.22,HIP 60087
184.9529608,48.98414637,5.29,HIP 60122
184.9764267,-0.666796198,3.9,HIP 60129
185.044877,-22.17571803,5.97,HIP 60157
185.0739679,26.00187456,6.1,HIP 60168
185.0819874,26.61947941,5.51,HIP 60170
185.0874225,3.312570894,4.96,HIP 60172
185.1175905,-65.84265783,6.186,HIP 60183
185.1401749,-22.21590047,5.21,HIP 60189
185.179274,17.79286875,4.74,HIP 60202
185.2029778,15.54099574,6.45,HIP 60210
185.2120117,57.86411906,5.524,HIP 60212
185.232135,-13.56572683,5.139,HIP 60221
185.3400339,-60.40114813,3.57,HIP 60260
185.4843753,47.18220363,6.325,HIP 60305
185.4892818,-56.37438487,5.884,HIP 60308
185.5305794,-67.52210359,5.146,HIP 60320
185.545112,24.77386624,6.162,HIP 60327
185.5501205,-68.30733591,5.723,HIP 60329
185.6262975,25.84615768,4.81,HIP 60351
185.6334915,5.305446631,6.47,HIP 60353
185.7059658,-57.67613024,5.366,HIP 60379
185.8078745,-67.63154805,6.39,HIP 60417
185.8140269,-4.974502323,6.46,HIP 60418
185.8286128,-11.81211836,6.494,HIP 60421
185.8399486,-24.8406704,5.658,HIP 60425
185.8975814,-35.41267667,5.311,HIP 60449
185.9030963,-39.30236157,6.381,HIP 60454
185.9070413,-61.62912558,6.42,HIP 60455
185.9364479,-38.91137824,5.782,HIP 60463
185.9458837,42.54273951,6.022,HIP 60467
185.9492839,-30.33541731,6.42,HIP 60468
186.0062262,51.56225684,4.761,HIP 60485
186.0772871,26.09858928,5.18,HIP 60514
186.1863305,-41.38429252,6.327,HIP 60549
186.2633675,56.77782817,5.81,HIP 60584
186.2765059,63.80277893,6.308,HIP 60589
186.2854921,-42.51431291,6.094,HIP 60591
186.2990188,-11.6105885,5.926,HIP 60595
186.3129518,23.92620139,6.02,HIP 60599
186.3230508,-65.76985501,6.304,HIP 60601
186.3267102,-27.74900369,6.081,HIP 60603
186.3405606,-35.18641625,5.707,HIP 60610
186.4093071,-86.15061575,6.329,HIP 60638
186.462244,39.01861565,5.01,HIP 60646
186.6002684,27.26823884,4.95,HIP 60697
186.6323335,-51.45063581,4.808,HIP 60710
186.649563,-63.0990929,0.76,HIP 60718
186.7005906,-48.91319431,6.26,HIP 60729
186.7153831,-32.83012395,5.558,HIP 60735
186.7344688,28.2684218,4.34,HIP 60742
186.7470679,26.8257017,4.959,HIP 60746
186.8534411,-63.78898491,6.023,HIP 60771
186.870151,-58.31644846,6.33,HIP 60780
186.8703194,-58.991771,5.5,HIP 60781
186.8962625,55.71272339,5.7,HIP 60795
186.9253402,8.610343691,6.342,HIP 60804
186.9560304,-16.63184436,6.294,HIP 60809
186.9647808,-4.615276771,6.21,HIP 60813
187.0099255,-50.23063797,3.91,HIP 60823
187.0802518,-64.34098954,6.09,HIP 60851
187.0936132,-39.04116403,5.439,HIP 60855
187.1070196,-61.79484175,6.22,HIP 60861
187.1399756,-56.40781766,6.13,HIP 60870
187.227926,25.91285161,5.236,HIP 60904
187.3626767,24.10892284,5.468,HIP 60941
187.4301669,20.89610812,5.679,HIP 60957
187.4660632,-16.51543126,2.94,HIP 60965
187.4758296,-56.52493763,5.776,HIP 60969
187.488843,58.40574114,5.347,HIP 60978
187.4912099,-41.73589734,6.02,HIP 60979
187.5177464,58.7677749,6.065,HIP 60992
187.5277583,69.20110395,4.95,HIP 60998
187.5726888,-23.69641819,5.63,HIP 61015
187.7523354,24.5671659,5.436,HIP 61071
187.7914984,-57.11321346,1.64,HIP 61084
187.8392284,7.604308601,6.034,HIP 61103
187.9113387,-5.052593174,6.172,HIP 61134
187.9180432,-59.42392353,5.53,HIP 61136
187.9838002,-63.50583932,5.946,HIP 61158
188.01761,-16.19600517,4.294,HIP 61174
188.0182878,-32.53376185,6.46,HIP 61172
188.0415655,-73.00105682,5.874,HIP 61181
188.1167205,-72.13298979,3.88,HIP 61199
188.1366779,-21.21211606,6.39,HIP 61208
188.1499946,-13.85910672,5.726,HIP 61212
188.2619948,10.29567038,6.28,HIP 61246
188.3426941,-19.79248494,6.254,HIP 61270
188.3705972,69.78823886,3.89,HIP 61281
188.3742373,38.06904149,6.49,HIP 61283
188.3925805,24.28298333,6.243,HIP 61295
188.3927449,-12.83020443,5.582,HIP 61296
188.4121645,33.24758182,5.38,HIP 61309
188.435601,41.35747815,4.25,HIP 61317
188.4447856,-9.452077371,5.48,HIP 61318
188.4475601,33.38466782,6.23,HIP 61320
188.4962781,-49.90981324,6.38,HIP 61328
188.5968122,-23.39676022,2.64,HIP 61359
188.6766398,-44.67301874,5.76,HIP 61379
188.6834137,70.02177925,4.946,HIP 61384
188.7128034,22.629206,4.773,HIP 61394
188.7268484,-67.75689641,6.23,HIP 61404
188.7764382,18.37709229,6.276,HIP 61415
188.7823356,18.37705855,5.02,HIP 61418
188.784029,21.88138552,5.86,HIP 61420
188.8726799,-61.84152721,6.22,HIP 61443
188.9397159,-41.02194673,5.114,HIP 61468
188.9949834,-20.52747667,6.184,HIP 61496
189.0042989,-39.86950568,5.774,HIP 61498
189.097772,59.48693903,5.5,HIP 61532
189.1941537,-50.33539937,6.39,HIP 61557
189.1973092,-5.831900545,5.88,HIP 61558
189.2430491,17.08953469,5.66,HIP 61571
189.2959079,-69.13556479,2.649,HIP 61585
189.4256837,-48.54130536,3.86,HIP 61622
189.4261641,-27.13888553,5.41,HIP 61621
189.5183977,3.282444228,6.334,HIP 61637
189.5933571,1.854661019,5.71,HIP 61658
189.6858878,-18.25010345,5.982,HIP 61688
189.6928205,40.87466317,6.352,HIP 61692
189.7181632,-67.19304976,6.265,HIP 61703
189.7590812,22.65949807,6.37,HIP 61719
189.7643786,-30.42237308,5.866,HIP 61720
189.7804274,21.06258338,5.49,HIP 61724
189.811529,-7.995564957,4.643,HIP 61740
189.8202529,35.95195845,6.385,HIP 61748
189.9688714,-39.98730176,4.64,HIP 61789
189.9827163,-66.51113637,6.252,HIP 61796
190.316469,-13.01389896,5.843,HIP 61910B
190.3176155,-13.01486931,5.822,HIP 61910A
190.3457698,-46.14558334,5.816,HIP 61916
190.3792307,-48.95957685,2.88,HIP 61932
190.3793073,-48.95991232,2.82,HIP 61932
190.3793337,-48.95987152,2.17,HIP 61932
190.3912931,62.71303959,6.02,HIP 61936
190.3932997,10.42626903,6.215,HIP 61937
190.4151176,-1.449403952,2.74,HIP 61941
190.4558033,-19.75909471,6.03,HIP 61951
190.4710706,10.23562571,4.88,HIP 61960
190.4857049,-59.68582068,4.94,HIP 61966
190.4879887,6.80661598,5.573,HIP 61968
190.520942,-69.40755492,6.33,HIP 61981
190.6477138,-48.81311032,4.66,HIP 62012
190.7073484,-55.94702754,6.057,HIP 62026
190.7094432,-63.05862583,5.31,HIP 62027
190.7672008,61.15542135,6.378,HIP 62046
190.7882443,-56.17622729,5.982,HIP 62058
190.8594321,-40.17784862,6.43,HIP 62081
190.8680065,-58.90274278,6.42,HIP 62084
190.9085398,-1.57699574,5.918,HIP 62103
190.9944534,-36.34915115,6.369,HIP 62128
191.0022137,-28.3239575,5.454,HIP 62131
191.1083962,80.62102025,6.34,HIP 62170
191.1129133,44.10300598,6.335,HIP 62172
191.2475207,39.27891615,5.95,HIP 62207
191.258562,-68.83075359,6.162,HIP 62212
191.2826087,45.44025731,4.87,HIP 62223
191.4044103,7.673324956,5.207,HIP 62267
191.4085486,-60.98132119,4.686,HIP 62268
191.5699956,-68.10809999,3.55,HIP 62322
191.5705971,-68.10787541,4,HIP 62322
191.5946435,-56.48881549,4.62,HIP 62327
191.6615077,16.57768781,5.12,HIP 62356
191.6926163,-33.31548286,5.869,HIP 62360
191.7596226,5.950388318,6.34,HIP 62376
191.8068285,11.95808718,6.09,HIP 62394
191.8289604,62.78115317,5.89,HIP 62402
191.8892653,-6.301751978,6.26,HIP 62421
191.8930975,66.79030426,5.423,HIP 62423
191.9302866,-59.688772,1.25,HIP 62434
191.9642201,3.57271404,6.41,HIP 62443
191.9735194,-24.85165708,6.405,HIP 62448
192.1094064,-27.59738366,5.658,HIP 62500
192.1643625,60.31973274,5.831,HIP 62512
192.1741797,48.46684051,6.245,HIP 62516
192.2258881,14.12258653,5.681,HIP 62541
192.277792,83.41783925,5.85,HIP 62561
192.3072281,83.41289781,5.35,HIP 62572
192.3227115,27.55237868,5.78,HIP 62576
192.408482,48.74002475,6.495,HIP 62600
192.4373341,-71.98624147,5.543,HIP 62608
192.5447502,37.51693878,5.872,HIP 62641
192.5720643,22.86341018,6.43,HIP 62653
192.5811901,-48.45954385,6.257,HIP 62655
192.6715141,-33.99934796,4.894,HIP 62683
192.7411573,-52.78742832,5.7,HIP 62703
192.8249001,-60.32978899,5.72,HIP 62732
192.8455514,-10.33820932,6.471,HIP 62743
192.9037068,3.056786728,6.003,HIP 62757
192.9246674,27.5407125,4.94,HIP 62763
192.9872129,-39.68043067,5.969,HIP 62786
192.9912367,-26.73827011,6.141,HIP 62788
193.0226396,-48.09427815,6.304,HIP 62799
193.0510708,17.07394141,6.28,HIP 62807
193.102455,-53.82993235,6.262,HIP 62821
193.1145786,16.12249517,6.285,HIP 62825
193.2673527,-54.95247382,5.908,HIP 62861
193.2787764,-48.94331288,4.33,HIP 62867
193.2964866,-3.553097573,6.11,HIP 62875
193.3239459,21.24494701,4.91,HIP 62886
193.323993,21.2449832,5.04,HIP 62886
193.3412268,-60.3284892,5.77,HIP 62894
193.3591321,-40.17891354,4.27,HIP 62896
193.4088609,-4.224638557,6.439,HIP 62915
193.4538326,-60.37624162,5.94,HIP 62931
193.457155,12.4183947,6.241,HIP 62933
193.50729,55.95982296,1.77,HIP 62956
193.5545195,33.53447947,6.3,HIP 62972
193.5777473,-11.64856981,5.975,HIP 62983
193.5881793,-9.538988925,4.8,HIP 62985
193.6484344,-57.1779247,4.04,HIP 63003
193.653684,-57.16866498,5.2,HIP 63005
193.6632614,-59.14670256,4.602,HIP 63007
193.7355017,47.19672234,5.84,HIP 63024
193.7439308,-44.15193196,5.89,HIP 63033
193.745004,-85.12336368,5.83,HIP 63031 
193.8309658,-42.91573321,5.445,HIP 63066
193.8689524,65.4384742,5.225,HIP 63076
193.9008693,3.397468904,3.38,HIP 63090
193.9718468,-15.32702425,6.174,HIP 63109
193.9880568,-56.83580571,5.32,HIP 63117
194.001798,38.31485252,5.6,HIP 63121
194.00694,38.31837644,2.88,HIP 63125
194.1079635,65.99439213,6.34,HIP 63152
194.1320379,-72.18521307,5.928,HIP 63165
194.2425938,-54.58735518,6.485,HIP 63204
194.2681309,-51.19875358,5.159,HIP 63210
194.2824818,46.17679221,6.11,HIP 63211
194.3028072,-12.06694954,6.34,HIP 63220
194.3880371,-22.75349932,6.303,HIP 63243
194.5785456,64.92553305,6.44,HIP 63297
194.6972486,75.47252205,5.99,HIP 63340
194.7310124,17.40944286,5,HIP 63355
194.9147256,-3.811936952,5.791,HIP 63414
194.9794648,66.59726888,5.368,HIP 63432
195.0686227,30.78502207,4.88,HIP 63462
195.1360079,-33.50509649,6.007,HIP 63490
195.1497731,-3.368486503,6.07,HIP 63494
195.1819908,56.36635401,5.02,HIP 63503
195.1820812,56.36633616,4.93,HIP 63503
195.2900637,17.12314658,5.93,HIP 63533
195.398762,54.9253611,2.22,HIP 65378
195.5441542,10.95914872,2.79,HIP 63608
195.5677357,-71.54885898,3.61,HIP 63613
195.7722326,-71.47573397,6.03,HIP 63688
195.8887713,-49.52726358,4.826,HIP 63724
196.2009798,-41.1963237,6.249,HIP 63820
196.2072722,73.02497109,6.41,HIP 63822
196.2777449,-47.1169079,6.426,HIP 63849
196.3782419,-52.11566067,6.418,HIP 63883
196.4351481,35.79889994,5.195,HIP 63901
196.4677803,45.26855248,5.637,HIP 63916
196.5695986,-48.4632907,4.691,HIP 63945
196.5885043,21.15339481,6.057,HIP 63948
196.5941751,22.61618697,5.61,HIP 63950
196.5953439,62.04186816,6.154,HIP 63952
196.6461756,-41.5884437,5.588,HIP 63972
196.7260704,-35.86202136,5.63,HIP 64003
196.7276642,-49.90624642,4.27,HIP 64004
196.794708,27.62473762,4.69,HIP 64022
196.8512364,-59.86050662,5.98,HIP 64033
196.9095193,-53.45976383,5.698,HIP 64053
196.9734756,27.55595564,6.14,HIP 64077
196.9742203,-10.7404087,5.151,HIP 64078
197.0298049,-65.30602206,5.53,HIP 64094
197.0850113,-78.44602536,6.42,HIP 64108
197.1159451,-67.79676338,6.34,HIP 64117
197.1352755,-8.984382409,5.564,HIP 64122
197.2636082,-23.11804387,4.934,HIP 64166
197.3018115,10.02246778,5.782,HIP 64179
197.3093276,-9.538098167,6.32,HIP 64181
197.4110464,37.42311955,5.99,HIP 64212
197.4251334,38.53388407,6.28,HIP 64217
197.4386717,-10.32933968,5.943,HIP 64224
197.4493648,16.84861226,5.87,HIP 64226
197.4874539,-5.539004065,4.397,HIP 64238
197.4970217,17.52945526,4.32,HIP 64241
197.4970229,17.52940457,4.8,HIP 64241
197.4970363,17.52951245,5.48,HIP 64241
197.5134003,38.49898095,5.91,HIP 64246
197.7434686,-52.56689803,6.026,HIP 64320
197.7870037,-42.23290045,5.772,HIP 64332
197.8467328,-43.36855502,5.231,HIP 64348
197.913325,-26.55172347,6.5,HIP 64375
197.9643366,-69.94201586,5.906,HIP 64390
197.9683076,27.87818397,4.25,HIP 64394
197.9711208,-63.30299752,6.338,HIP 64395
198.0132679,-37.8030222,4.85,HIP 64408
198.0147633,-16.19860297,5.04,HIP 64407
198.0350197,24.25804074,6.29,HIP 64417
198.0732207,-59.92056301,4.593,HIP 64425
198.1059696,80.47130804,6.33,HIP 64437
198.1371672,11.55609967,5.77,HIP 64445
198.1496282,18.75174955,6.49,HIP 64449
198.2033448,-66.22674881,5.897,HIP 64466
198.2118238,-42.69972192,6.184,HIP 64472
198.2320444,-59.81659771,6.197,HIP 64478
198.3473036,-50.69982629,5.9,HIP 64515
198.4289237,40.15288503,4.94,HIP 64540
198.4903348,-43.13910904,6.147,HIP 64557
198.5453965,-19.93094567,5.33,HIP 64577
198.5503619,-58.68393907,5.9,HIP 64580
198.5631031,-59.10323723,4.93,HIP 64583
198.5722072,-78.44745449,5.839,HIP 64587
198.6303478,11.33165663,5.67,HIP 64607
198.6802791,-48.95703045,5.831,HIP 64623
198.7894077,-36.37141021,6.167,HIP 64651
198.8122304,-67.89459139,4.78,HIP 64661
198.8566557,-69.67928274,6.371,HIP 64682
198.8831241,40.85520269,5.777,HIP 64692
198.9948786,-19.94310036,5.22,HIP 64725
199.0595303,19.0517329,6.45,HIP 64751
199.1193146,68.40799826,6.189,HIP 64774
199.1344173,19.78529798,6.423,HIP 64779
199.1871019,-65.13825942,6.08,HIP 64790
199.2213828,-31.50620127,5.11,HIP 64803
199.3042208,-66.78343903,4.846,HIP 64820
199.3080465,-43.97949851,5.803,HIP 64822
199.3151164,13.67575187,5.33,HIP 64823
199.3743792,-0.676073622,6.351,HIP 64838
199.3855881,40.57260677,4.698,HIP 64844
199.401194,5.469884093,4.8,HIP 64852
199.5604564,49.68206367,5.15,HIP 64906
199.6013083,-18.31119382,4.74,HIP 64924
199.6155308,34.09830769,5.78,HIP 64927
199.6452728,-51.28577595,6.173,HIP 64933
199.7011529,-79.97601786,6.33,HIP 64951
199.730407,-23.17151401,3,HIP 64962
199.7677134,35.12798105,6.02,HIP 64979
199.829092,-72.03560532,6.044,HIP 64994
200.0789629,40.15054653,5.6,HIP 65072
200.1459499,-59.77278243,6.193,HIP 65108
200.1492201,-36.71230458,2.73,HIP 65109
200.1576056,-52.74782482,5.443,HIP 65112
200.2014139,-55.80068967,6.09,HIP 65129
200.2404185,-46.88000774,5.742,HIP 65144
200.3740406,-19.48929471,6.21,HIP 65183
200.4235244,2.087238927,5.687,HIP 65198
200.516345,43.90336842,6.332,HIP 65230
200.540437,5.154754305,5.873,HIP 65241
200.567859,-52.18295316,5.91,HIP 65247
200.6580546,-60.9883806,4.509,HIP 65271
200.7191844,-72.14671744,6.05,HIP 65289
200.7546445,-17.73527456,5.354,HIP 65301
200.7608308,-48.56278957,6.36,HIP 65303
200.7859674,-33.18987883,6.21,HIP 65311
200.828723,-4.924428274,5.858,HIP 65323
200.9671435,-49.82281085,6.464,HIP 65372
200.9747068,37.03392145,6.14,HIP 65376
200.9814262,54.92535988,2.22,HIP 65378A
200.9846746,54.92180938,3.88,HIP 65378B
200.987845,-20.92458437,6.49,HIP 65381
201.0020112,-64.53566986,4.52,HIP 65387
201.1272744,12.43182481,6.44,HIP 65417
201.1385357,-5.164001242,5.749,HIP 65420
201.2778254,23.85442013,5.745,HIP 65466
201.2796621,-74.88781948,5.04,HIP 65468
201.2982474,-11.16131949,0.97,HIP 65474
201.3064076,54.98795966,4.01,HIP 65477
201.3080271,-64.48514919,5.312,HIP 65479
201.4595882,-70.62725256,5.651,HIP 65522
201.5325011,-39.75508583,5.09,HIP 65535
201.5336068,72.39147394,5.79,HIP 65536
201.5475624,-1.192472856,5.965,HIP 65545
201.5691764,46.02805688,5.873,HIP 65550
201.6798606,-12.7076629,5.25,HIP 65581
201.733818,-41.49756103,5.656,HIP 65593
201.7366812,78.64387012,5.742,HIP 65595
201.7766077,-49.14370968,6.31,HIP 65606
201.8110816,-40.16266259,6.405,HIP 65621
201.8360654,-49.38129146,6.257,HIP 65630
201.8631835,-15.97357934,4.75,HIP 65639
201.9984544,52.74558829,6.345,HIP 65678
202.0078383,-26.40223587,6.49,HIP 65682
202.0491229,50.58728696,6.43,HIP 65698
202.1075358,13.77878842,4.97,HIP 65721
202.1093394,40.72964445,6.49,HIP 65723
202.1128583,59.94578694,5.4,HIP 65728
202.1909627,50.7185734,6.417,HIP 65754
202.1949446,-69.62712095,6.179,HIP 65755
202.2829578,-64.67580074,6.07,HIP 65783
202.3041691,10.81830919,5.646,HIP 65790
202.3121486,-1.364427294,6.419,HIP 65796
202.3552261,-51.16513153,5.03,HIP 65810
202.4282507,-23.2813199,4.97,HIP 65835
202.500337,7.17885315,6.167,HIP 65862
202.6071823,-6.47026596,6.098,HIP 65892
202.7610691,-39.40730528,3.88,HIP 65936
202.8156931,42.10615346,6.065,HIP 65951
202.8882005,-28.11273674,6.478,HIP 65969
202.8892108,-61.58236629,6.49,HIP 65970
202.9911861,-6.255817661,4.69,HIP 66006
203.0116937,-18.72887784,5.998,HIP 66015
203.0226078,-38.39885093,6.148,HIP 66019
203.1436098,-29.5652616,6.436,HIP 66060
203.1495734,-28.69276767,5.69,HIP 66065
203.200891,24.34674377,6.1,HIP 66086
203.2151782,-15.3630135,5.529,HIP 66091
203.241965,-10.16499863,5.21,HIP 66098
203.3994618,-65.63268658,6.354,HIP 66152
203.5304391,55.34843462,5.588,HIP 66198
203.5330469,3.658969156,4.94,HIP 66200
203.5911073,38.78926284,6.37,HIP 66223
203.6135831,49.01597197,4.7,HIP 66234
203.6206539,-48.27216169,6.319,HIP 66236
203.6685425,-13.21432543,5.932,HIP 66247
203.6732973,-0.595816416,3.38,HIP 66249
203.6781343,76.54670893,6.47,HIP 66251
203.6815662,-33.31085516,6.462,HIP 66254
203.6992032,37.1824144,4.98,HIP 66257
203.8804012,-5.396191372,5.706,HIP 66320
203.8892726,10.20496134,6.486,HIP 66326
204.1662394,49.4866497,6.46,HIP 66385
204.2018893,-26.49519737,5.78,HIP 66400
204.2107119,-34.46783816,6.476,HIP 66405
204.2461764,24.61329686,5.69,HIP 66417
204.275046,-44.14320258,5.957,HIP 66427
204.2957819,71.24224931,5.496,HIP 66435
204.3016622,-61.69185436,5.92,HIP 66438A
204.347817,-46.42789785,5.889,HIP 66454
204.3651119,36.29489795,4.95,HIP 66458
204.4288654,50.71484134,6.45,HIP 66475
204.5317748,-58.41465032,6.45,HIP 66521
204.532868,14.30192565,6.489,HIP 66522
204.6752958,-29.56086753,5.81,HIP 66563
204.6904828,-70.44483128,6.097,HIP 66574
204.703971,-57.62271583,6,HIP 66575
204.7595183,18.26532009,6.46,HIP 66594
204.799959,-75.68378132,6.323,HIP 66607
204.812123,51.80421288,6.48,HIP 66613
204.8768664,52.92120763,5.456,HIP 66634
204.8942339,10.74627298,5.58,HIP 66640
204.9201762,-39.74758749,6.36,HIP 66645
204.9522844,-40.0517074,5.603,HIP 66656
204.9719072,-53.46639115,2.3,HIP 66657
204.9991969,-49.94995975,6,HIP 66666
205.0446156,-64.57655332,5.785,HIP 66681
205.0649078,31.01203572,6.2,HIP 66690
205.0891034,57.20760413,6.273,HIP 66700
205.0968004,50.51941502,6.32,HIP 66704
205.1628235,28.06516245,6.18,HIP 66725
205.1686218,19.95571831,5.76,HIP 66727
205.1844697,54.68163501,4.66,HIP 66738
205.2311806,-85.78604227,5.555,HIP 66753
205.2597768,22.49577054,5.58,HIP 66763
205.3745531,64.82241093,5.85,HIP 66798
205.4032087,-8.702980285,5.01,HIP 66803
205.4365434,-54.55942631,5.217,HIP 66821
205.4398481,-33.59737778,6.05,HIP 66825
205.5045179,-58.78708772,5.372,HIP 66849
205.5965976,82.75241953,5.913,HIP 66878
205.6200268,41.67428499,6.289,HIP 66892
205.6633401,78.06443889,5.899,HIP 66903
205.680957,34.98902069,5.96,HIP 66907
205.72764,-50.79023471,6.41,HIP 66923
205.7291725,-41.40109974,5.956,HIP 66924
205.7337931,-56.76796844,6,HIP 66925
205.7654656,3.537900048,5.423,HIP 66936
205.9170182,-42.06752069,5.97,HIP 66984
205.9381812,22.70042483,6.09,HIP 66992
205.9759886,-5.498936773,6.498,HIP 67004
205.9782422,52.06441337,6.018,HIP 67005
205.9889431,-59.23598518,6.49,HIP 67008
206.0666771,-51.01245074,6.44,HIP 67036
206.1242785,-16.17907284,5.567,HIP 67057
206.190266,-25.50093399,6.205,HIP 67071
206.3059795,10.32530706,6.41,HIP 67104
206.3961127,-15.76746877,6.179,HIP 67139
206.4037134,-26.11601025,5.795,HIP 67143
206.4218497,-33.04371697,4.23,HIP 67153
206.4846609,-12.42653544,5.57,HIP 67172
206.5564399,41.08874463,5.877,HIP 67194
206.5603933,-54.6833672,6.42,HIP 67199
206.5794237,38.50362347,5.919,HIP 67210
206.6485699,54.43267877,5.675,HIP 67231
206.6640797,-51.43275733,4.632,HIP 67234
206.680514,25.70223748,5.965,HIP 67239
206.734799,-36.25193335,5.147,HIP 67244
206.7490615,38.54269588,5.501,HIP 67250
206.8058022,-9.709446663,6.049,HIP 67271
206.8155757,17.45689154,4.49,HIP 67275
206.855797,-17.85983849,5.43,HIP 67288
206.8651568,-50.24928736,5.91,HIP 67292
206.8851573,49.31326673,1.86,HIP 67301
206.910579,-50.32068842,5.446,HIP 67304
207.1613967,31.19020671,5.57,HIP 67384
207.3613414,-34.45077353,4.19,HIP 67457
207.3693387,15.79790464,4.07,HIP 67459
207.3761521,-41.68770853,3.386,HIP 67464
207.4041195,-42.47373341,3.43,HIP 67472
207.4284365,21.26410131,4.91,HIP 67480
207.4371917,36.6328286,6.43,HIP 67483
207.439654,61.48930735,5.964,HIP 67485
207.4678454,-18.13416925,4.959,HIP 67494
207.5271189,-29.08132348,6.186,HIP 67523
207.580817,-39.90085845,6.431,HIP 67537
207.602828,5.49722135,5.993,HIP 67545
207.6155987,58.5394567,6.46,HIP 67548
207.7883988,34.66439827,5.87,HIP 67605
207.8579651,64.72328128,4.66,HIP 67627
207.9020636,-36.43328001,6.347,HIP 67648
207.9467314,-46.89866659,5.752,HIP 67663
207.9476423,-69.40125803,5.727,HIP 67664
207.9478125,34.44424028,4.74,HIP 67665
207.9566693,-32.99408495,4.52,HIP 67669A
207.9591674,-32.99467649,5.98,HIP 67669B
208.0040884,-31.61916463,6.21,HIP 67696
208.0202596,-52.81152954,5.257,HIP 67703
208.0766933,12.16513809,6.098,HIP 67714
208.2851513,40.33797463,6.479,HIP 67778
208.2928407,28.64813208,5.909,HIP 67782
208.3022429,-31.92761955,4.73,HIP 67786
208.3038754,17.93286869,5.709,HIP 67787
208.3862311,-35.66408904,6.33,HIP 61932
208.3865117,-35.66426838,6.218,HIP 67819
208.4295561,-53.37332121,5.873,HIP 67836
208.4625584,53.72867641,5.695,HIP 67848
208.4669221,-35.31435883,6.19,HIP 67851
208.488499,-47.12816406,6.1,HIP 67861
208.5693357,-28.56961552,6.045,HIP 67890
208.6711622,18.39772072,2.68,HIP 67927
208.6756047,-1.503122721,5.159,HIP 67929
208.7046266,-67.65210149,5.705,HIP 67942
208.8005928,-52.16082148,5.71,HIP 67973
208.8849402,-47.28837451,2.55,HIP 68002
208.9119819,-82.66619087,5.94,HIP 68009
209.0435823,32.0325947,6.3,HIP 68065
209.0824013,-46.59294917,5.815,HIP 68079
209.1161531,1.050580528,5.898,HIP 68092
209.137265,-54.70466202,6.01,HIP 68101
209.1424209,27.49208144,5,HIP 68103
209.3655234,-23.02263112,6.132,HIP 68177
209.4120149,-63.68669832,4.701,HIP 68191
209.4953157,-25.99808073,6.42,HIP 68224
209.5677757,-42.10075692,3.802,HIP 68245
209.6297765,-24.97225228,5.15,HIP 68269
209.6301532,-65.80066713,6.24,HIP 68270
209.6621789,21.69619987,5.748,HIP 68276
209.6662795,14.64927379,5.999,HIP 68279
209.6697862,-44.80358582,3.87,HIP 68282
209.82285,-50.36964782,5.927,HIP 68333
209.9553149,-3.549801594,6.394,HIP 68380
210.000503,-25.01040457,5.77,HIP 68390
210.0724631,-61.48102724,6.469,HIP 68413
210.1367143,-78.58998079,6.079,HIP 68431
210.2185196,-66.26891105,5.948,HIP 68455
210.2936697,27.38659588,6.221,HIP 68478
210.3293988,-40.2219376,6.108,HIP 68493
210.3351104,8.894893622,5.973,HIP 68498
210.4033764,17.6683875,6.384,HIP 68516
210.4116398,1.544530608,4.237,HIP 68520
210.431279,-45.60340961,4.33,HIP 68523
210.4610404,68.67867492,6.329,HIP 68537
210.5507873,45.75345798,6.269,HIP 68567
210.5949255,-27.42977576,5.469,HIP 68581
210.6326896,9.686095664,6.19,HIP 68594
210.7489898,50.97180744,6.15,HIP 68637
210.7669555,-17.36701441,6.31,HIP 68643
210.8604431,-56.21343443,5.923,HIP 68670
210.8644477,-41.42334228,6.088,HIP 68673
210.8847538,10.78676164,6.268,HIP 68682
210.9031922,7.546170385,6.239,HIP 68687
210.9554578,-60.37318301,3.95,-
210.9558556,-60.37303516,0.58,HIP 68702
210.9712088,-22.42159812,6.299,HIP 68705
210.982314,4.900972293,6.238,HIP 68707
211.06067,-5.381418767,6.387,HIP 68739
211.0973233,64.37586962,3.68,HIP 68756
211.1124177,-14.9717038,6.344,HIP 68763
211.1559466,2.297531957,6.27,HIP 68776
211.3328372,-76.79676186,5.5,HIP 68815
211.4436513,-54.66936322,6.204,HIP 68842
211.5115335,-41.17963291,4.343,HIP 68862
211.5454388,-43.09170046,6.176,HIP 68872
211.5929083,-26.68236158,3.28,HIP 68895
211.6048244,-59.71590394,6.5,HIP 68902
211.6706147,-36.36995474,2.05,HIP 68933
211.6784304,-9.313515237,5.453,HIP 68940
211.7348527,74.5937829,6.44,HIP 68956
211.9200334,-48.7040275,6.418,HIP 69011
211.9823142,43.85445238,5.28,HIP 69038
212.059569,-63.20795055,6.389,HIP 69065
212.0720948,49.45816568,5.25,HIP 69068
212.113181,-74.85028693,6.02,HIP 69090
212.1918596,59.33764665,6.471,HIP 69107
212.2121921,77.54750978,4.805,HIP 69112
212.2161918,-43.47077775,6.17,HIP 69113
212.2343875,-59.27670971,6.339,HIP 69122
212.2524713,-10.33454721,6.46,HIP 69127
212.3959687,-51.50467575,5.961,HIP 69174
212.4783927,-53.43894579,4.736,HIP 69191
212.5997229,25.09167695,4.83,HIP 69226
212.6287536,-70.30546109,6.04,HIP 69241
212.7103627,-16.3020307,4.91,HIP 69269
212.7578277,-69.71931505,6.065,HIP 69298
212.8130034,32.29589223,6.129,HIP 69316
212.8800134,1.36239748,6.408,HIP 69340
213.0167069,69.43254749,5.24,HIP 69373
213.0658564,2.409429216,5.02,HIP 69389
213.1023624,-24.36335459,6.344,HIP 69398
213.1917623,-27.26118559,5.08,HIP 69415
213.2239369,-10.27370346,4.21,HIP 69427
213.3052381,-26.61231009,6.236,HIP 69458
213.3183772,-53.66565921,5.575,HIP 69462
213.3708653,51.78996746,4.5,HIP 69483
213.415932,-54.62562832,6.09,HIP 69491
213.4199587,-0.845464057,5.9,HIP 69493
213.5887851,-5.947720083,6.36,HIP 69564
213.5981158,41.51875879,6.227,HIP 69569
213.6483585,13.97544936,6.44,HIP 69585
213.6706791,21.87339417,6.377,HIP 69592
213.6777513,-41.83749213,5.613,HIP 69598
213.7118698,10.1006102,5.32,HIP 69612
213.7209168,3.335884212,6.45,HIP 69614
213.7380763,-57.08612483,5.07,HIP 69618
213.7552169,-29.28190638,6.09,HIP 69623
213.8387887,-53.50994223,6.395,HIP 69655
213.8503591,-18.20069065,5.532,HIP 69658
213.9111877,-45.0007556,6.305,HIP 69671
213.9153003,19.18240916,-0.05,HIP 69673
214.0036178,-6.000547079,4.08,HIP 69701
214.041374,51.3672302,4.75,HIP 69713
214.0890924,-6.621542875,6.434,HIP 69727
214.09591,46.08830429,4.18,HIP 69732
214.1011457,39.74470969,6.376,HIP 69735
214.1256922,-3.196297818,6.141,HIP 69747
214.1613129,-66.58789696,5.75,HIP 69763
214.2030605,-8.884475473,6.47,HIP 69773
214.2297849,-77.66422141,6.472,HIP 69778
214.2657919,-18.58570138,6.219,HIP 69792
214.3380803,51.30733541,6.195,HIP 69818
214.3685479,15.2633805,5.8,HIP 69829
214.4549968,48.00200375,6.316,HIP 69862
214.4992389,35.5095123,4.796,HIP 69879
214.5030278,-7.542392381,6.5,HIP 69881
214.5578996,-81.0077585,4.889,HIP 69896
214.6593773,-18.71596258,5.9,HIP 69929
214.7329851,54.86378191,6.48,HIP 69958
214.7537321,-25.81542495,5.87,HIP 69965
214.7774695,-13.3710913,4.52,HIP 69974
214.7798245,-27.14115008,6.34,HIP 69977
214.8178322,13.00430108,5.396,HIP 69989
214.8495004,-37.00290686,5.925,HIP 69995
214.8509215,-46.05809426,3.529,HIP 69996
214.8853322,-2.265516306,5.14,HIP 70012
214.9206267,0.384334369,6.179,HIP 70022
214.9489106,38.79404963,6.31,HIP 70029
214.9645947,-61.2729738,5.23,HIP 70035
214.9716639,-6.746159487,6.44,HIP 70038
215.0361022,30.42912653,6.445,HIP 70051
215.0404235,-43.05884291,5.66,HIP 70054
215.0814278,-56.38649549,4.35,HIP 70069
215.1393016,-37.88529206,4.034,HIP 70090
215.1774237,-45.18705767,4.77,HIP 70104
215.582165,-34.78679115,5.568,HIP 70243
215.5966382,-80.10895512,5.052,HIP 70248
215.6544709,-58.45911648,4.94,HIP 70264
215.759328,-39.51181793,4.42,HIP 70300
215.7740578,-27.75401725,4.75,HIP 70306
215.8136866,1.241567019,6.27,HIP 70319
215.8139698,-47.41696258,6.39,HIP 70320
215.8343877,-50.77225091,6.09,HIP 70325
215.8445636,8.44662087,4.87,HIP 70327
215.8567707,-11.71404315,6.214,HIP 70336
215.9524188,-53.17624428,5.993,HIP 70363
216.0036587,8.243967588,5.93,HIP 70384
216.0082522,27.41317693,6.41,HIP 70385
216.0472703,5.820127516,5.094,HIP 70400
216.0919368,-82.84824171,6.417,HIP 70418
216.1700534,-44.31113491,6.43,HIP 70451
216.2026034,-24.80630988,5.332,HIP 70469
216.2763623,-68.19533377,5.62,HIP 70492
216.299154,51.85074367,4.05,HIP 70497
216.3233047,-13.35316332,6.49,HIP 70501
216.3714663,38.3930522,6.28,HIP 70517
216.4156118,-66.17292079,6.362,HIP 70528
216.4490361,-26.85224271,6.487,HIP 70538
216.5342685,-45.2214233,4.553,HIP 70574
216.5450574,-45.37927841,4.35,HIP 70576
216.5560145,-42.31859986,6.333,HIP 70580
216.6140212,19.22689968,5.394,HIP 70602
216.707805,-39.87398451,6.346,HIP 70626
216.7301338,-83.66788473,4.304,HIP 70638
216.7795276,-65.82164697,5.828,HIP 70657
216.8006423,-46.13419376,5.811,HIP 70663
216.8516026,-6.120344487,6.161,HIP 70680
216.8814361,75.69599431,4.235,HIP 70692
217.0434468,-29.49163799,4.97,HIP 70753
217.0505788,-2.22795806,4.84,HIP 70755
217.0684985,36.19702541,6.2,HIP 70762
217.173843,-6.900526988,5.418,HIP 70794
217.1812346,-59.19754617,6.469,HIP 70798
217.2162758,-47.99208229,6.39,HIP 70809
217.4041931,-76.72908269,6.06,HIP 70874
217.4569608,31.79118853,6.05,HIP 70892
217.4604902,0.828930869,5.966,HIP 70894
217.5359529,-45.32135607,5.5,HIP 70915
217.5872623,-49.5190371,5.376,HIP 70931
217.6891264,4.772285794,6.007,HIP 70949
217.7359009,-40.84512432,6.374,HIP 70966
217.7951646,-38.86971101,5.983,HIP 70987
217.9283803,60.22563463,6.26,HIP 71040
217.9574555,30.37143657,3.59,HIP 71053
218.0194653,38.30824808,3.02,HIP 71075
218.0842756,26.67728926,6,HIP 71094
218.1288721,55.3979948,5.718,HIP 71111
218.1355923,22.2600566,5.897,HIP 71115
218.1543961,-50.45714824,4.423,HIP 71121
218.2902293,-30.71505994,6.12,HIP 71154
218.3344296,36.95901365,6.39,HIP 71168
218.3748687,-52.67951862,5.87,HIP 71182
218.3848648,-54.99862198,5.87,HIP 71184
218.4095569,79.66042627,6.27,HIP 71196
218.5487791,32.53447877,6.306,HIP 71243
218.6604157,36.6260635,5.999,HIP 71277
218.6650862,49.36835358,5.74,HIP 71280
218.6700724,29.74512713,4.47,HIP 71284
218.7113682,-20.43938232,6.481,HIP 71295
218.8210151,-60.01564207,6.384,HIP 71333
218.8767673,-42.15782522,2.31,HIP 71352
218.8811627,-41.51744226,5.87,HIP 71353
219.0286359,23.25036033,6.37,HIP 71406
219.0792959,-46.24545087,5.55,HIP 71419
219.1004328,-39.59741692,6.141,HIP 71429
219.1838844,-40.2115823,5.736,HIP 71453
219.2491497,-12.30529685,6.2,HIP 71469
219.298234,26.73657117,6.2,HIP 71490
219.3017401,-53.06078332,6.49,HIP 71494
219.3339864,-46.13343919,5.431,HIP 71500
219.3686687,2.277240223,6.455,HIP 71510
219.4427368,-67.93201029,6.04,HIP 71530
219.4717757,-49.42582829,4.05,HIP 71536
219.5524541,43.64212726,5.721,HIP 71568
219.5582815,18.29837772,5.91,HIP 71571
219.563423,54.02334039,5.83,HIP 71573
219.5736429,-49.90112007,6.5,HIP 71577
219.580723,-38.7941866,6.031,HIP 71581
219.7092721,44.40450225,5.387,HIP 71618
219.7951929,-46.58447635,6.07,HIP 71639
219.8519701,-49.05532108,6.39,HIP 71658
219.8960963,-60.83752757,1.33,HIP 71681
219.9020583,-60.83399269,0.01,HIP 71683
219.90208,-60.83397,-0.1,HIP 71683
220.0911215,21.97586714,6.15,HIP 71729
220.1364969,-56.44076437,6.296,HIP 71746
220.176637,13.53432281,5.925,HIP 71759
220.1814955,16.41832666,4.893,HIP 71762
220.2557908,-36.1348591,5.658,HIP 71783
220.287116,13.72841686,4.51,HIP 71795
220.2872982,13.72830463,3.78,HIP 71795
220.2873341,13.72828106,4.51,HIP 71795
220.4114633,8.161764572,4.862,HIP 71832
220.4759912,21.12352647,6.4,HIP 71857
220.4823158,-47.38819875,2.286,HIP 71860
220.4832506,-58.61583149,6.204,HIP 71861
220.4899606,-37.7934945,4,HIP 71865
220.4987908,-77.01145167,6.34,HIP 71870
220.5135351,61.26191322,6.29,HIP 71876
220.6267527,-64.97513301,3.19,HIP 71908
220.7650999,-5.658201377,3.88,HIP 71957
220.8064637,-24.99775323,5.73,HIP 71974
220.8556773,26.52785338,4.79,HIP 71995
220.8672239,-62.96663566,6.408,HIP 72000
220.9143232,-35.17366858,4.04,HIP 72010
220.93514,40.45925287,5.73,HIP 72012
221.2311502,-58.47749443,6.098,HIP 72097
221.2466735,-35.1918287,4.924,HIP 72104
221.2467398,27.07422232,2.45,HIP 72105
221.295665,-55.60164064,6.089,HIP 72121
221.2987803,-1.417530217,6.07,HIP 72122
221.3071323,32.788345,6.28,HIP 72124
221.3102523,16.96427662,4.6,HIP 72125
221.3222357,-62.87564939,5.36,HIP 72131
221.3284456,-51.31492961,6.43,HIP 72135
221.335757,18.88495575,6.145,HIP 72139
221.3758519,0.717272279,5.665,HIP 72154
221.4906601,-15.45954503,6.34,HIP 72194
221.5003405,-25.44317763,5.11,HIP 72197
221.5247612,15.13178088,5.63,HIP 72208
221.528212,-23.15303147,5.803,HIP 72210
221.5453324,-21.17596168,6.43,HIP 72217
221.562181,1.892883828,3.73,HIP 72220
221.6208046,-47.44111756,5.74,HIP 72250
221.7553903,-52.38351726,5.22,HIP 72290
221.7712365,-38.29063667,5.898,HIP 72296
221.8024417,-52.20525594,6.07,HIP 72308
221.8068749,-21.32487342,6.034,HIP 72310
221.8439821,-25.62426656,5.609,HIP 72323
221.8837303,-43.55680807,6.3,HIP 72338
221.9366934,-26.08750053,5.229,HIP 72357
221.9654629,-79.04475355,3.798,HIP 72370
221.9789655,-12.84000927,6.32,HIP 72373
221.98982,-26.6461698,5.764,HIP 72378
222.1585264,-36.63469686,6.01,HIP 72432
222.1856248,-66.59356179,5.88,HIP 72438
222.2253963,-0.847660435,6.136,HIP 72449
222.2793993,-56.66782937,6.21,HIP 72471
222.3277931,46.116204,5.757,HIP 72487
222.3281003,-24.25146913,5.692,HIP 72488
222.3293785,-14.14902565,5.6,HIP 72489
222.3293804,-14.14902127,5.31,HIP 72489
222.384925,51.37450325,6.48,HIP 72508
222.4043583,-68.93619062,6.488,HIP 72518
222.4220563,48.72080582,6.248,HIP 72524A
222.4933272,28.61583143,5.8,HIP 72552
222.5658791,23.91184284,5.867,HIP 72567
222.5721179,-27.96036123,4.41,HIP 72571
222.6715495,-15.99721043,5.16,HIP 72603
222.6763575,74.15550394,2.08,HIP 72607
222.7196379,-16.04177652,2.75,HIP 72622
222.750397,-0.257494989,6.175,HIP 72629
222.7544668,-2.299150294,4.94,HIP 72631
222.8474164,19.10047205,4.593,HIP 72659
222.8474519,19.10044994,4.675,HIP 72659
222.8751508,-77.17597088,6.44,HIP 72670
222.9095954,-43.57536015,4.313,HIP 72683
222.9637756,-18.35532684,6.26,HIP 72702
223.1379218,-30.57725605,6.29,HIP 72772
223.1469115,-63.80982131,5.96,HIP 72773
223.2128048,-37.80316171,5.015,HIP 72800
223.3065465,-73.19007258,5.6,HIP 72833
223.3472852,15.70516316,6.38,HIP 72846
223.3490228,19.15279798,6,HIP 72848
223.5838691,-24.64220427,5.266,HIP 72929
223.5953088,-11.89835038,5.788,HIP 72934
223.6579758,-33.3005703,5.834,HIP 72959
223.6774418,-65.99110499,6.09,HIP 72965
223.7251452,-69.8609587,6.37,HIP 72983
223.8939986,-60.11416535,5.18,HIP 73036
223.9362851,-33.85578252,5.312,HIP 73049
223.9941348,32.30006223,6.122,HIP 73068
224.0551254,14.44626134,5.892,HIP 73087
224.0718796,-52.80955114,5.386,HIP 73095
224.1286108,-32.63678383,6.058,HIP 73107
224.1335557,-47.87919625,5.64,HIP 73111
224.1489821,-39.41600538,6.357,HIP 73116
224.1597455,-62.36441692,6.391,HIP 73118
224.1832711,-62.78102093,5.11,HIP 73129
224.192146,-11.40970003,5.45,HIP 73133
224.2958287,-4.346458684,4.49,HIP 73165
224.2986577,16.38812724,5.715,HIP 73166
224.3071193,-29.15767717,6.283,HIP 73171
224.36667,-21.4154798,5.72,HIP 73184
224.3885473,-0.167611935,5.512,HIP 73193
224.3958733,65.93244851,4.54,HIP 73199
224.4707647,-76.66265469,5.359,HIP 73223
224.5366435,-48.86295024,6.347,HIP 73241
224.6330224,-43.13396385,2.68,HIP 73273
224.6522046,-39.90717466,6.163,HIP 73279
224.6635704,-27.65730538,6.13,HIP 73284
224.7199237,-4.989253315,6.08,HIP 73309
224.7232557,-11.14401733,5.857,HIP 73310
224.7903539,-42.10419637,3.11,HIP 73334
224.8080218,-37.8812323,6.47,HIP 73341
224.8463146,4.5677606,5.93,HIP 73350
224.8632871,-43.15985066,6.095,HIP 73354
224.9039461,39.2653324,5.634,HIP 73369
224.982332,-75.03267013,6.187,HIP 73394
225.0470909,-77.16055176,5.92,HIP 73415
225.063139,47.6540556,4.83,HIP 73695
225.1613246,47.27744222,6.351,HIP 73454
225.2178203,22.04558756,6.26,HIP 73464
225.2431179,-8.518947336,4.93,HIP 73473
225.30457,-38.05839773,5.869,HIP 73493
225.3326093,-2.754922806,5.52,HIP 73497
225.3628705,60.204462,5.92,HIP 73507
225.408175,37.3771556,4.31,HIP 75411
225.4538372,-0.140297794,5.93,HIP 73536
225.4538376,-0.140297983,5.71,HIP 73536
225.4616595,-83.22764731,5.641,HIP 73540
225.4865096,40.39056857,3.52,HIP 73555
225.4920092,-34.35887669,6.208,HIP 73559
225.5268047,-28.06061308,5.824,HIP 73566
225.52712,25.0081388,4.81,HIP 73568
225.5357335,-7.575300928,6.373,HIP 73571
225.7251565,2.091304361,4.4,HIP 73620
225.7469854,-32.6432914,5.437,HIP 73624
225.7752274,35.20579424,5.513,HIP 73634
225.9467902,47.65397724,5.136,HIP 73695A
225.9479773,47.65448026,6.004,HIP 73695B
225.9906928,65.91971421,6.23,HIP 73706
226.0175617,-25.28196958,3.21,HIP 73714
226.111429,26.94764832,4.55,HIP 73745
226.1787547,-40.86134476,6.4,HIP 73764
226.1955136,-83.03831098,5.645,HIP 73771
226.2007815,-64.03135115,5.168,HIP 73776
226.2795301,-47.05126154,4.58,HIP 73807
226.2801457,-47.0510636,3.89,HIP 73807
226.2801545,-47.0510894,4.62,HIP 73807
226.3298537,-41.06723709,5.127,HIP 73826
226.3576437,48.15097021,5.577,HIP 73841
226.3912722,-30.55086287,6.48,HIP 73850
226.5100603,-48.88339293,6.467,HIP 73881
226.5580588,-36.26460192,6.269,HIP 73901
226.5696557,54.55631794,5.25,HIP 73909
226.6130949,-22.03182947,6.14,HIP 73927
226.6383242,-30.91848158,5.977,HIP 73937
226.6464387,36.45606544,6.351,HIP 73941
226.6566521,-16.25681861,5.2,HIP 73945
226.7044188,-16.48436091,6.404,HIP 73953
226.733214,-52.02977914,6.39,HIP 73966
226.7841793,-71.90495206,6.5,HIP 73980
226.8252747,24.86919428,4.93,HIP 73996
226.8348689,18.44182458,6.029,HIP 74000
226.8581257,-49.08860804,5.766,HIP 74006
226.9180069,5.498058903,6.17,HIP 74026
226.9839741,-61.12869166,6.5,HIP 74044
226.9865107,-65.2754509,6.166,HIP 74047
227.0505161,-40.58393206,5.79,HIP 74066
227.081406,50.0549537,6.327,HIP 74083
227.0990963,26.30115411,5.669,HIP 74087
227.1481778,25.10863493,5.804,HIP 74096
227.1633251,-42.86792291,5.82,HIP 74100
227.2108869,-45.27986138,4.05,HIP 74117
227.2229721,13.23523673,6.142,HIP 74121
227.3563408,-63.6429304,6.247,HIP 74181
227.3746434,-67.08413478,5.757,HIP 74184
227.5305196,-38.79250997,5.978,HIP 74224
227.5776306,-26.3326255,5.756,HIP 74239
227.6851068,67.78105053,6.18,HIP 74272
227.6864292,-61.42232241,6.285,HIP 74273
227.7866339,-84.78778598,5.866,HIP 74296
227.8165972,-55.34602998,5.43,HIP 74305
227.895013,-45.27746041,6.41,HIP 74336
227.9836386,-48.73782499,3.7,HIP 74376
227.990314,-48.74368566,5.498,HIP 74380
228.0177726,18.97603019,5.89,HIP 74386
228.0500458,-19.10648439,6.49,HIP 74391
228.0553761,-19.79171089,4.54,HIP 74392
228.0712313,-52.0992487,3.41,HIP 74395
228.130013,-48.21899339,6.332,HIP 74418
228.1415795,-72.77060094,6.019,HIP 74421
228.1965515,10.70230708,6.5,HIP 74441
228.2066147,-44.50041401,4.806,HIP 74449
228.254254,-61.74377688,6.269,HIP 74470
228.281924,-36.0914193,6.079,HIP 74479
228.3225313,-24.00831594,6.47,HIP 74490
228.3299728,-19.64757607,6.066,HIP 74493
228.3694455,-25.30934816,6.46,HIP 74500
228.3827932,22.98339372,6.298,HIP 74505
228.398256,38.26469812,6.187,HIP 74514
228.4721369,-26.19357409,5.857,HIP 74539
228.5251779,31.78784594,5.974,HIP 74561
228.542978,42.1714048,6.13,HIP 74571
228.5798979,-70.07947592,5.81,HIP 74582
228.6214948,29.16429637,5.272,HIP 74596
228.6406578,-17.76857145,6.172,HIP 74600
228.6554993,-31.51912384,4.918,HIP 74604
228.7108189,-5.502551915,6.29,HIP 74623
228.7973205,4.939355431,5.337,HIP 74649
228.8756784,33.31483124,3.49,HIP 74666
228.95449,0.372137618,5.623,HIP 74689
228.9612793,50.9384609,6.48,HIP 74690
228.9731846,6.46483815,6.46,HIP 74695
228.9736384,-48.0736853,5.958,HIP 74696
229.016746,-41.4911657,5.171,HIP 74707
229.0435856,-43.48499655,6.034,HIP 74716
229.0958778,-22.3994143,5.506,HIP 74732
229.1528739,-60.904,5.81,HIP 74750
229.2157723,-47.86455092,6.45,HIP 74769
229.229025,-46.20235712,6.45,HIP 74775
229.2370663,-60.95725558,5.09,HIP 74778
229.2517243,-9.38291441,2.62,HIP 74785
229.2745394,71.82390204,5.015,HIP 74793
229.3785394,-58.80120702,4.057,HIP 74824
229.4120545,-63.61046754,4.849,HIP 74837
229.4576566,-30.14866647,4.33,HIP 74857
229.5393139,-41.06116158,6.277,HIP 74875
229.6021134,20.57276304,5.686,HIP 74896
229.6088619,-0.461234176,5.89,HIP 74901
229.6331047,-47.87508807,5.01,HIP 74911
229.6334501,-47.87529209,4.945,HIP 74911
229.672092,-31.20934994,6.194,HIP 74929
229.7047636,-60.49633221,5.46,HIP 74941
229.727422,-68.67954667,2.89,HIP 74946
229.7348944,-40.78822126,5.604,HIP 74950
229.8751991,32.51490083,6.311,HIP 75000
229.8821703,-37.09716065,6.178,HIP 75003
229.9404701,-66.49603977,6.39,HIP 75018
230.0214638,51.95851515,5.64,HIP 75043
230.035661,29.61620702,5.51,HIP 75049
230.1689607,-67.4815262,6.318,HIP 75091
230.173667,44.43437757,6.14,HIP 75093
230.182098,71.83402545,3.002,HIP 75097
230.1959206,-2.413335575,6.331,HIP 75101
230.2236581,-18.15866061,6.17,HIP 75110
230.255789,-15.54835153,6.143,HIP 75118
230.2583178,0.7153362,5.393,HIP 75119
230.2786663,24.95801662,6.361,HIP 75125
230.2817054,-5.824852417,5.537,HIP 75127
230.3429743,-40.64753037,3.19,HIP 75141
230.3498139,31.36738469,5.8,HIP 75143
230.3970936,-40.74948188,6.183,HIP 75164
230.4506246,-48.31763053,5.65,HIP 75181
230.45154,-36.26137329,3.546,HIP 75177
230.4523963,32.93369394,5.372,HIP 75178
230.5344612,-47.92779255,5,HIP 75206
230.5968075,12.56752615,6.28,HIP 75230
230.6552325,62.04706386,5.986,HIP 75256
230.6557129,39.58146163,5.532,HIP 75257
230.6600351,63.34146519,5.712,HIP 75260
230.6702844,-44.68961518,3.366,HIP 75264
230.7574202,-15.13403763,6.48,HIP 75294
230.788961,-36.85848831,4.54,HIP 75304
230.7937649,-60.65717004,5.651,HIP 75308
230.8009619,30.2882117,5.577,HIP 75312
230.8011269,30.2884603,5.95,HIP 75312
230.8012723,30.28782502,4.98,HIP 75312
230.8444033,-59.3207022,4.96,HIP 75323
230.8445483,-59.3204858,5.59,HIP 75323
230.8540827,-46.14041575,6.49,HIP 75324
230.9321242,-1.022386122,6.105,HIP 75342
230.9676622,-12.36950219,5.716,HIP 75352
231.0213191,45.2710313,6.055,HIP 75369
231.0495158,-10.32227885,4.92,HIP 75379
231.1875701,-39.71025307,5.37,HIP 75439
231.2323909,58.96606586,3.29,HIP 75458
231.3342211,-38.73360973,4.6,HIP 75501
231.447489,15.42803635,5.17,HIP 75530
231.4719573,19.48070707,6.241,HIP 75535
231.5613492,-68.30916661,5.892,HIP 75565
231.5724319,34.3359951,5.45,HIP 75572
231.6341255,54.02029487,6.43,HIP 75587
231.8255436,-36.76755965,5.45,HIP 75647
231.8878274,-64.53149985,5.706,HIP 75665
231.9119714,25.10161861,6.02,HIP 75674
231.9573086,29.10569296,3.68,HIP 75695
231.9642656,60.67022137,5.9,HIP 75696
232.0642008,-16.71648542,5.626,HIP 75730
232.079557,-88.13300687,6.484,HIP 75736
232.1133717,-51.5979348,6.094,HIP 75742
232.1593209,1.842079648,5.17,HIP 75761
232.184966,47.20151014,6.138,HIP 75770
232.2367581,55.19493732,6.427,HIP 75788
232.3004835,16.39561778,6.382,HIP 75810
232.3302924,-38.63503288,6.43,HIP 75818
232.3378899,62.0995294,6.29,HIP 75822
232.3511247,-46.73270518,5.222,HIP 75828
232.5948637,31.28592775,6.452,HIP 75919
232.6510458,-20.72855295,6.194,HIP 75939
232.6683389,-16.60946242,5.806,HIP 75944
232.704922,-71.65413523,6.38,HIP 75959
232.7323317,40.83304841,5.026,HIP 75973
232.7323491,64.20869308,5.738,HIP 75974
232.8429404,36.61659891,6.39,HIP 76006
232.8538067,77.34935996,4.982,HIP 76008
232.8784255,-73.38959154,5.49,HIP 76013
232.9308687,-20.16492491,6.22,HIP 76033
232.9457627,40.89933486,4.978,HIP 76041
232.9592896,-32.88111534,6.488,HIP 76048
233.0174422,-38.62254086,6.219,HIP 76063
233.0403125,16.05616918,6.216,HIP 76069
233.152921,-19.67045844,5.52,HIP 76106
233.2300886,-16.85284478,5.499,HIP 76126
233.2323568,31.35897752,6.29,HIP 76127
233.2324256,31.35913227,4.13,HIP 76127
233.2324295,31.3591431,4.3,HIP 76127
233.2414065,-1.186401576,5.496,HIP 76133
233.3513533,-40.49085028,6.4,HIP 76165
233.4696077,17.13735729,6.49,HIP 76198
233.5071155,-40.06643286,5.82,HIP 76207
233.5445937,-10.06453271,4.62,HIP 76219
233.5868861,-39.3492083,6.349,HIP 76234
233.6104759,-9.183438948,5.17,HIP 76243
233.6554924,-28.04702026,5.138,HIP 76259
233.671952,26.714685,2.24,HIP 76267
233.7006052,10.53885563,4.14,HIP 76276
233.7007299,10.53775278,5.13,HIP 76276
233.7849104,-41.16676775,3.51,HIP 76297
233.7851616,-41.16679195,3.48,HIP 76297
233.7852015,-41.16675687,2.765,HIP 76297
233.8121609,39.01006742,5.11,HIP 76307
233.8174941,53.9221415,5.964,HIP 76311
233.8815784,-14.78953551,3.91,HIP 76333
233.8884572,17.65555429,6.113,HIP 76337
233.9549747,38.37392548,6.28,HIP 76366
233.9718682,-44.95838868,4.708,HIP 76371
233.9723677,11.26566125,6.04,HIP 76372
233.9876375,54.63050067,5.79,HIP 76376
234.0473464,-33.0928041,6.251,HIP 76395
234.050414,-44.39682628,5.434,HIP 76397
234.1174277,15.10145555,6.25,HIP 76423
234.1218318,16.11908423,5.926,HIP 76424
234.1232246,10.01014705,5.253,HIP 76425
234.1800952,-66.31703763,4.104,HIP 76440
234.2226172,29.99118457,6.46,HIP 76456
234.2560371,-28.13511046,3.589,HIP 76470
234.3687486,-26.2798638,6.194,HIP 76503
234.3833644,54.50873023,5.845,HIP 76509
234.4130351,69.28334446,5.627,HIP 76519
234.450173,-23.1417071,5.79,HIP 76532
234.4566586,40.35343467,5.254,HIP 76534
234.5133623,-42.56733569,4.33,HIP 76552
234.5658811,-28.20665654,6.319,HIP 76567
234.5676796,46.79777189,5.742,HIP 76568
234.5678602,-21.01631844,5.816,HIP 76569
234.6425199,50.42323656,5.84,HIP 76594
234.6640396,-29.77774878,3.642,HIP 76600
234.6664909,-8.794720872,6.5,HIP 76602
234.6669188,-8.79144611,6.38,HIP 76603
234.6757514,-39.12774561,6.041,HIP 76608
234.7035485,34.67503851,6.13,HIP 76617
234.7061271,-52.37269703,5.423,HIP 76618
234.7273224,-19.301891,5.359,HIP 76628
234.7896616,57.9244263,6.44,HIP 76651
234.8266547,-77.91800543,6.181,HIP 76664
234.839043,-23.15022858,6.322,HIP 76666
234.8444702,36.63581106,4.979,HIP 76669
234.9415804,-34.4119208,4.661,HIP 76705
234.9855988,-59.90833531,5.95,HIP 76716
235.0431106,12.05293255,6.215,HIP 76733
235.048149,-70.2278832,6.424,HIP 76736
235.0646967,-31.2137734,6.34,HIP 76739
235.0704055,-23.81808365,4.96,HIP 76742
235.0889795,-73.4466672,5.65,HIP 76750
235.2426211,-47.73609177,6.209,HIP 76809
235.2462518,16.02458923,5.991,HIP 76810
235.2974034,-44.66120603,4.633,HIP 76829
235.3877279,19.67039944,4.505,HIP 76852
235.4475614,12.84752603,5.33,HIP 76866
235.4778669,-76.08196439,5.941,HIP 76877
235.4779858,18.4640365,5.792,HIP 76878
235.4866351,-19.678793,4.72,HIP 76880
235.5073661,-64.18028612,6.47,HIP 76894
235.6551085,-49.48953409,6.01,HIP 76935
235.6596521,-37.42493921,5.24,HIP 76939
235.6709156,-34.71040752,4.721,HIP 76945
235.6857056,26.29563438,4.05,HIP 76952
235.6858552,26.29555742,5.56,HIP 76952
235.7115009,52.36090107,5.482,HIP 76957
235.793914,13.66765807,6.5,HIP 76985
235.8205348,-84.46527467,5.568,HIP 76996
235.8535779,-15.04323018,6.295,HIP 77007
235.9803193,-60.2872184,6.475,HIP 77042
235.9970806,32.51580592,5.575,HIP 77048
236.0146607,77.79449312,4.274,HIP 77055
236.0160185,-54.9868109,6.2,HIP 77058
236.0183311,-15.67283425,5.412,HIP 77060
236.0669755,6.42563022,2.63,HIP 77070
236.0944756,-41.81908837,5.93,HIP 77086
236.1755512,17.26422197,6.136,HIP 77111
236.3478279,5.44731945,5.58,HIP 77163
236.4146179,0.891033199,6.337,HIP 77186
236.5234855,-1.804190373,5.39,HIP 77227
236.5468966,15.4218193,3.67,HIP 77233
236.6108926,7.353068716,4.42,HIP 77257
236.6448296,55.47478833,5.917,HIP 77272
236.6666932,62.59955643,5.194,HIP 77277
236.6842393,-34.68245278,5.6,HIP 77286
236.6892677,-6.120356991,6.245,HIP 77287
236.8221375,14.11541466,5.709,HIP 77336
236.8563276,-40.19420853,6.414,HIP 77350
236.8712542,-37.91631192,6.01,HIP 77358
236.9080289,55.37662559,5.878,HIP 77370
236.9710538,-65.44228016,5.53,HIP 77390
237.0074696,31.73561477,6.39,HIP 77397
237.0554412,13.78908028,5.97,HIP 77412
237.1433978,28.15674885,5.71,HIP 77442
237.184905,18.14156491,4.09,HIP 77450
237.210073,-52.43825426,6.05,HIP 77454
237.236654,-3.818510538,5.524,HIP 77464
237.3985292,26.06839286,4.63,HIP 77512
237.405029,-3.43020438,3.53,HIP 77516
237.489576,-48.91240455,5.837,HIP 77541
237.5295151,-53.20977072,5.78,HIP 77562
237.5679775,-45.40171538,6.117,HIP 77574
237.5731118,2.19650889,5.217,HIP 77578
237.704022,4.477730971,3.693,HIP 77622
237.7397723,-33.62714676,3.946,HIP 77634
237.7447686,-25.75129408,4.635,HIP 77635
237.7783507,-55.05553574,5.767,HIP 77645
237.8080471,35.65738158,4.82,HIP 77655
237.8149666,-3.090506257,5.1,HIP 77660
237.8162886,20.97792043,4.78,HIP 77661
237.8809078,-47.06080412,6.005,HIP 77678
237.9099805,-14.13358612,6.207,HIP 77689
238.0533578,-29.88653288,6.382,HIP 77729
238.0689841,55.82671216,5.8,HIP 77738
238.168921,42.45151747,4.62,HIP 77760
238.233815,17.40314841,6.28,HIP 77782
238.3004049,13.19662623,6.12,HIP 77801
238.3335579,-20.16707528,5.027,HIP 77811
238.3455915,-62.60656946,6.196,HIP 77817
238.3952903,16.07493379,6.22,HIP 77835
238.4029936,-25.32713873,4.71,HIP 77840
238.402995,-25.32714131,4.59,HIP 77840
238.456408,-16.72929705,4.16,HIP 77853
238.4746426,-24.53315925,5.372,HIP 77858
238.4827658,-23.97809538,5.402,HIP 77859
238.6254539,-27.33863497,6.1,HIP 77900
238.6442175,20.31096752,5.44,HIP 77902
238.6577072,43.13856391,5.38,HIP 77907
238.6647069,-25.24373888,5.87,HIP 77909
238.6678109,8.580337591,6.266,HIP 77910
238.7193199,-60.74365238,6.34,HIP 77927
238.7515063,-19.38293185,5.957,HIP 77939
238.7515263,-19.38291798,6.05,HIP 77939 
238.7856753,-63.43072654,2.85,HIP 77952
238.873332,-68.60300095,5.097,HIP 77982
238.8753065,-26.2659826,5.625,HIP 77984
238.8772208,-31.0836166,6.199,HIP 77985
238.8774664,42.56619206,5.75,HIP 77986
238.9160551,18.62074413,6.257,HIP 77995
238.9482803,37.94695693,5.424,HIP 78012
238.9567539,58.91177143,6.306,HIP 78017
239.0246306,-60.48248463,5.76,HIP 78045
239.028493,-39.8643634,6.028,HIP 78046
239.0584612,-31.785881,6.284,HIP 78058
239.0600697,-14.39940787,6.324,HIP 78059
239.1132611,15.66161377,3.84,HIP 78072
239.1390568,-14.82943693,6.117,HIP 78078
239.221155,-29.21407444,3.86,HIP 78104
239.2228735,-33.96611475,5.08,HIP 78105
239.22547,-33.96426056,5.55,HIP 78106
239.2661283,-48.16218867,6.297,HIP 78117
239.3107118,14.41448137,5.53,HIP 78132
239.3388584,-36.18534493,5.83,HIP 78142
239.3742671,39.6950856,6.297,HIP 78153
239.3968808,26.87787963,4.13,HIP 78159
239.4185984,-20.98307849,5.836,HIP 78168
239.4476694,54.74976377,4.96,HIP 78180
239.5473677,-14.27935586,4.87,HIP 78207
239.6283197,-37.50388295,6.307,HIP 78236
239.6452774,-24.83148937,5.43,HIP 78246
239.7129718,-26.11410795,2.91,HIP 78265
239.7404821,36.64377062,5.586,HIP 78276
239.742282,-65.03758495,5.74,HIP 78279
239.7683158,49.88104398,6.032,HIP 78286
239.8761109,-41.74443835,4.984,HIP 78323
239.9755925,-54.02091362,6.089,HIP 78355
239.9910083,-40.65311275,6.488,HIP 78367
240.030533,-38.39670506,3.41,HIP 78384
240.0818151,-16.53341208,5.45,HIP 78400
240.0833554,-22.62170643,2.32,HIP 78401
240.198468,-8.411358271,5.526,HIP 78436
240.2130584,4.427357896,5.804,HIP 78442
240.223798,-40.43547664,6.221,HIP 78445
240.2769492,-54.5779033,6.124,HIP 78469
240.2946509,-63.77653633,6.41,HIP 78476
240.3314765,-31.88913367,6.317,HIP 78486
240.3606872,29.85106095,4.971,HIP 78493
240.4722707,58.56525054,4,HIP 78527
240.5186486,-51.12077193,6.387,HIP 78540
240.52319,52.91593807,5.902,HIP 78542
240.5737145,22.80445254,4.817,HIP 78554
240.6642573,-29.1358029,6.056,HIP 78575
240.6995742,46.03670387,4.709,HIP 78592
240.7187168,-62.54159055,6.246,HIP 78603
240.7889384,59.41073743,6.19,HIP 78632
240.8037395,-49.22969592,4.643,HIP 78639
240.8306849,36.63178765,5.804,HIP 78649
240.8359298,-25.86524257,4.966,HIP 78650
240.8507897,-38.60253932,4.89,HIP 78655
240.8806216,76.79394073,5.73,HIP 78661
240.8837059,-57.77507336,4.67,HIP 78662
240.893162,-32.00053451,5.993,HIP 78665
240.9403794,4.986832127,6.068,HIP 78685
240.9779277,-24.72631337,6.211,HIP 78699
241.0258275,-59.17618676,6.38,HIP 78710
241.0742433,-33.21371457,6.086,HIP 78726
241.0888353,-53.71038689,6.47,HIP 78731
241.0922032,-11.37296456,4.87,HIP 78727
241.0922274,-11.3731039,4.17,HIP 78727
241.0923141,-11.3732074,5.16,HIP 78727
241.1533984,-37.86294801,5.901,HIP 78747
241.35929,-19.80539,2.5,HIP 78820
241.3592999,-19.80545278,2.62,HIP 78820
241.3607026,-19.80190151,4.89,HIP 78821
241.4080814,8.096249732,6.269,HIP 78840
241.4825804,-72.40090079,5.685,HIP 78868
241.4992246,-6.139754015,6.391,HIP 78870
241.5266214,-23.60634712,5.92,HIP 78877
241.5819866,67.81013521,5.441,HIP 78893
241.6227153,-45.17328002,4.713,HIP 78914
241.6480999,-36.80227053,4.201,HIP 78918
241.7017708,-20.66918885,3.97,HIP 78933
241.7640402,-14.07129754,6.32,HIP 78955
241.8175807,-36.75563286,5.7,HIP 78970
241.8424051,21.82265428,6.14,HIP 78985
241.8503523,-56.19095949,6.165,HIP 78989
241.8513626,-20.86876443,4.33,HIP 78990
241.9017305,-12.74540681,5.77,HIP 79005
241.9064129,9.891740914,5.635,HIP 79007
241.9661994,-24.46234652,6.33,HIP 79031
242.0188568,17.04697753,4.994,HIP 79043
242.0206062,17.0543597,6.23,HIP 79045
242.0316113,-26.32668091,5.38,HIP 79050
242.1169825,8.534310908,5.73,HIP 79072
242.1821679,-23.68541207,5.88,HIP 79098
242.1924009,44.93490593,4.27,HIP 79101
242.1942965,17.20563667,6.127,HIP 79102
242.2429539,36.49087057,4.73,HIP 79119
242.2453305,3.454474692,5.909,HIP 79120
242.2620785,57.93784469,6.33,HIP 79125
242.3272819,-57.93431911,5.57,HIP 79153
242.3582223,55.82897392,6.4,HIP 79164
242.4604326,-3.466744115,5.378,HIP 79195
242.4691245,-33.54580654,5.497,HIP 79199
242.480303,-18.3406277,6.43,HIP 79203
242.4965731,-62.96715276,6.488,HIP 79208
242.7063518,75.87756181,5.473,HIP 79280
242.7586179,-29.41621869,5.102,HIP 79302
242.8237673,-41.11980209,5.857,HIP 79320
242.8697434,16.66569087,6.082,HIP 79332
242.9084808,23.4948014,5.7,HIP 79349
242.9149968,33.34276547,6.3,HIP 79350
242.9483284,42.37456654,5.868,HIP 79357
242.9502307,36.42509476,5.615,HIP 79358
242.998891,-19.4606906,4.349,HIP 79374
242.9988987,-19.46070448,4,HIP 79374
242.9999714,-10.06414171,4.928,HIP 79375
243.0272669,39.05552524,6.388,HIP 79385
243.0304832,-8.547579594,5.424,HIP 79387
243.0668451,-28.41728452,5.8,HIP 79399
243.0758526,-27.92637591,4.568,HIP 79404
243.1056677,67.14417866,6.211,HIP 79414
243.1337307,75.21068144,6.34,HIP 79420
243.2357763,-4.220786625,6.255,HIP 79463
243.3142876,5.021091243,5.453,HIP 79488
243.3207051,-53.67117433,5.944,HIP 79490
243.3445746,-55.54094743,5.772,HIP 79497
243.3697086,-54.63046751,4.94,HIP 79509
243.4108166,-1.475129336,6.45,HIP 79522
243.4395747,-24.42209166,6.43,HIP 79530
243.4621094,-11.83774786,5.239,HIP 79540
243.5566946,5.901847223,6.289,HIP 79581
243.5864126,-3.694325785,2.75,HIP 79593
243.5931879,-33.0110882,5.918,HIP 79596
243.6203447,-21.10763655,6.405,HIP 79599
243.6393466,73.39489111,6.016,HIP 79601
243.6635164,-18.53564833,6.34,HIP 79605
243.7226228,-25.47697234,6.05,HIP 79622
243.813824,-47.37201988,5.124,HIP 79653
243.8498243,-42.89942483,6.135,HIP 79661
243.8594616,-63.6856815,3.839,HIP 79664
243.8693124,18.80808822,5.69,HIP 79666
243.9052928,-8.369439479,5.5,HIP 79672
243.9471765,27.42208247,6.136,HIP 79686
243.9574896,-57.91234941,5.622,HIP 79689
243.964563,-14.84911541,6.083,HIP 79692
244.1803239,-53.81111142,5.44,HIP 79754
244.1866129,29.15026062,5.779,HIP 79757
244.2304232,-3.953348115,6.165,HIP 79781
244.2455371,-53.69623061,6.41,HIP 79787
244.2466593,-20.10408768,6.42,HIP 79788
244.2538931,-50.06812143,5.09,HIP 79790
244.2725443,-67.94128417,5.944,HIP 79797
244.313963,59.75501684,5.4,HIP 79804
244.3370846,-53.08638203,6.33,HIP 79812
244.4306597,1.496713515,6.49,HIP 79834
244.540704,68.5545454,6.36,HIP 79867
244.5745798,-28.61402,4.782,HIP 79881
244.5803759,-4.692513153,3.23,HIP 79882
244.7159654,-57.89979333,6.49,HIP 79932
244.751735,-14.87281398,5.94,HIP 79938
244.7821744,-20.21806835,6.298,HIP 79945
244.7967215,49.03815837,5.91,HIP 79953
244.8235275,-42.67397261,5.44,HIP 79963
244.8864095,-30.90671131,5.502,HIP 79980
244.9351533,46.3133617,3.87,HIP 79992
244.9600929,-50.155506,4.02,HIP 80000
244.9797592,39.70858345,5.48,HIP 80008
245.0178136,21.13261227,6.038,HIP 80021
245.086673,-78.69574842,4.68,HIP 80047
245.1052146,-55.13970659,5.744,HIP 80054
245.1119068,-78.66749603,5.247,HIP 80057
245.1359061,-39.43034253,6.102,HIP 80066
245.1590574,-24.1693043,4.57,HIP 80079
245.2971488,-25.59279208,2.89,HIP 80112
245.3626364,-48.18862259,6.498,HIP 80142
245.4529616,69.10939293,5.264,HIP 80161
245.48006,19.15312828,3.76,HIP 80170
245.5181176,1.029043509,4.82,HIP 80179
245.5242661,30.89199596,4.849,HIP 80181
245.5892701,33.79905223,5.2,HIP 80197
245.6166483,-49.57235238,5.318,HIP 80208
245.6211145,-43.91205515,5.915,HIP 80212
245.621743,33.70347908,5.39,HIP 80214
245.6621051,-2.079866464,6.241,HIP 80227
245.7354126,32.33301165,6.404,HIP 80247
245.9863094,-33.19939737,6.46,HIP 80324
245.9978597,61.51420976,2.74,HIP 80331
246.0053797,-39.19298053,5.376,HIP 80337
246.0257406,-20.03732005,4.5,HIP 80343
246.0451198,6.948210497,5.819,HIP 80351
246.1055768,55.20509632,5.734,HIP 80375
246.13231,-37.56604458,5.42,HIP 80390
246.1657241,-29.70465813,5.41,HIP 80399
246.2256256,-45.34949816,6.326,HIP 80421
246.3421938,-63.12521722,6.132,HIP 80455
246.3507034,37.3940519,5.54,HIP 80460
246.3539778,14.03326724,4.58,HIP 80463
246.3963236,-23.44717083,4.63,HIP 80473
246.3963274,-23.44717546,5.05,HIP 80473
246.5474412,11.40749519,6.103,HIP 80514
246.7086433,2.347942748,6.049,HIP 80558
246.7559815,-18.45624999,4.43,HIP 80569
246.7919434,-47.54907675,6.13,HIP 80579
246.7960067,-47.55479365,4.521,HIP 80582
246.8844641,2.870624029,6.37,HIP 80610
246.9310708,-7.597929125,5.23,HIP 80620
246.9507221,-8.371782117,4.63,HIP 80628
246.9889398,-64.05794042,5.29,HIP 80645
246.995894,68.76813709,4.949,HIP 80650
247.0602932,-37.17988287,5.79,HIP 80672
247.0631658,-58.59979409,5.673,HIP 80675
247.1172594,-70.08439581,4.899,HIP 80686
247.1415867,0.665000318,5.39,HIP 80693
247.1606233,41.88167914,5.01,HIP 80704
247.1763138,0.054857275,6.45,HIP 80708
247.1810267,51.40774065,6.307,HIP 80710
247.3519154,-26.43200261,0.91,HIP 80763
247.4263657,-46.24323081,5.37,HIP 80782
247.4384195,-57.75632429,6.052,HIP 80788
247.4455094,-14.55079801,5.665,HIP 80793
247.5251633,48.96108562,6.427,HIP 80809
247.5519803,-25.11522127,4.79,HIP 80815
247.5550013,21.48961075,2.77,HIP 80816
247.6250765,-7.514453179,6.461,HIP 80840
247.6397853,20.47918736,5.243,HIP 80843
247.7056648,-61.63350575,5.182,HIP 80874
247.7284118,1.983905135,4.15,HIP 80883
247.7284298,1.98392248,3.9,HIP 80883
247.728592,1.984244,5.14,HIP 80883
247.7615983,35.22506655,6.26,HIP 80888
247.7848624,-16.61273087,4.27,HIP 80894
247.8059627,22.19545607,5.754,HIP 80898
247.8451996,-26.53764462,6.081,HIP 80910
247.8455603,-34.70436819,4.23,HIP 80911
247.8676135,72.61233807,6.31,HIP 80920
247.9240365,-41.81714793,5.39,HIP 80945
247.9467816,45.59826248,5.68,HIP 80953
247.9852332,9.414381302,6.5,HIP 80964
248.0341683,-21.46640337,4.45,HIP 80975
248.1069948,60.82330152,5.91,HIP 80991
248.1486893,5.521219936,5.63,HIP 81007
248.1512166,11.48804115,4.85,HIP 81008
248.3628438,-78.89714817,3.854,HIP 81065
248.520914,-44.04531128,4.94,HIP 81122
248.5257601,42.43700949,4.196,HIP 81126
248.5806091,-70.98810222,5.489,HIP 81141
248.7822718,-45.24436344,6.44,HIP 81198
248.8595323,17.05734104,6.403,HIP 81231
248.9367544,-65.49539962,5.5,HIP 81252
248.9706369,-28.21601709,2.81,HIP 81266
249.0466739,46.61333117,5.814,HIP 81289
249.0475848,52.90005242,5.52,HIP 81290
249.0571722,52.92442288,5.39,HIP 81292
249.0585831,52.92419058,6.413,HIP 81292
249.0893737,-2.324586951,5.77,HIP 81300
249.0936313,-35.25533141,4.156,HIP 81304
249.0940119,-42.8588617,5.52,HIP 81305
249.1789105,15.49745201,6.355,HIP 81337
249.2291441,63.07282449,6.148,HIP 81358
249.2897502,-10.56708604,2.56,HIP 81377
249.3906656,5.277525551,6.47,HIP 81404
249.4500427,13.68703276,6.32,HIP 81425
249.4697302,78.91867086,6.317,HIP 81428
249.5018686,56.0155626,5.28,HIP 81437
249.5064712,-6.538013398,6.09,HIP 81440
249.60955,-43.3984247,5.83,HIP 81472
249.6868542,48.92834233,4.9,HIP 81497
249.6988636,-8.618606095,6.45,HIP 81499
249.7195636,-60.99039514,6.15,HIP 81507
249.7717775,-37.21737605,5.914,HIP 81523
249.9130403,-9.554586822,6.332,HIP 81580
250.1438225,-20.40864767,6.245,HIP 81632
250.1611966,4.219789774,5.761,HIP 81641
250.1849977,-51.47825749,6.29,HIP 81650
250.210347,-60.44644642,6.24,HIP 81657
250.2139161,12.39504116,6.061,HIP 81659
250.2296645,64.58904569,4.842,HIP 81660
250.2350332,-8.309624746,6.49,HIP 81663
250.2524233,24.85870342,6.07,HIP 81670
250.2980967,-1.000313299,6.259,HIP 81687
250.3191979,31.60458388,2.88,HIP 81693
250.3197285,1.245435736,6.395,HIP 81691
250.3215043,31.6027187,2.8,HIP 81693
250.335065,-48.76298068,5.65,HIP 81702
250.3462823,-68.29612193,5.884,HIP 81710
250.3932646,-17.74216655,4.923,HIP 81724
250.4007414,-24.46796077,6.09,HIP 81728
250.4029135,26.9168802,5.916,HIP 81729
250.4176091,-49.65155234,5.68,HIP 81733
250.4270081,1.181230899,5.724,HIP 81734
250.439393,-33.14575986,5.836,HIP 81741
250.473762,-19.92436096,5.559,HIP 81754
250.7017478,-62.55392958,6.19,HIP 81823
250.7240206,38.92225492,3.5,HIP 81833
250.7435775,55.69012055,6.172,HIP 81840
250.7648574,-46.0702936,6.27,HIP 81847
250.7694107,-77.51743315,4.24,HIP 81852
250.84228,-67.4323866,6.015,HIP 81873
250.9113497,-32.10594617,6.452,HIP 81891
250.9403309,-41.1192046,6.199,HIP 81903
250.9483303,-38.15634401,6.046,HIP 81904
250.9653649,34.03880255,6.01,HIP 81911
250.9753419,-41.11334407,6.116,HIP 81914
251.1655967,-53.15231618,5.967,HIP 81966
251.1774695,-40.83967507,5.628,HIP 81972
251.2507913,-28.50965713,5.982,HIP 81992
251.2991452,43.21717192,6.059,HIP 82012
251.3244229,56.78189999,4.837,HIP 82020
251.3438235,15.74528106,5.619,HIP 82028
251.3736452,1.020163006,6.018,HIP 82037
251.4578831,8.582613525,5.15,HIP 82073
251.4926817,82.03725828,4.212,HIP 82080
251.526555,-46.53199371,6.47,HIP 82091
251.5884412,-58.5035954,5.728,HIP 82110
251.6666317,-67.10969037,5.1,HIP 82129
251.6998248,-39.37696419,5.481,HIP 82135
251.7906377,2.064529047,6.077,HIP 82162
251.8319097,-58.3414442,5.61,HIP 82171
251.8322789,42.23891603,5.87,HIP 82172
251.9434168,5.246747594,5.24,HIP 82216
252.0370333,13.59028376,6.379,HIP 82241
252.1124078,-14.90941809,6.028,HIP 82259
252.1662295,-69.02771185,1.88,HIP 82273
252.3092379,45.98331948,4.826,HIP 82321
252.3092426,45.98332279,4.823,HIP 82321
252.3652876,-15.66796724,6.19,HIP 82339
252.394408,13.26113762,5.91,HIP 82350
252.4190237,43.43043622,6.165,HIP 82355
252.4464845,-59.04137935,3.744,HIP 82363
252.4584073,-10.78306516,4.632,HIP 82369
252.5408784,-34.29323159,2.29,HIP 82396
252.5807534,7.247683551,5.469,HIP 82402
252.5927147,-2.654357559,6.31,HIP 82405
252.6503317,-50.04494556,6.45,HIP 82418
252.6503931,41.89649903,6.29,HIP 82419
252.6623271,29.80653969,5.72,HIP 82422
252.6797899,32.55366808,6.158,HIP 82426
252.7501408,-37.51451129,6.22,HIP 82453
252.8538675,1.215946528,5.51,HIP 82480
252.8905075,-41.2305332,5.22,HIP 82493
252.9385898,24.65643282,5.029,HIP 82504
252.9676181,-38.04739946,2.98,HIP 82514
252.9745092,-65.3754584,6.114,HIP 82517
252.974662,14.94187878,6.4,HIP 82516
253.020211,14.97421431,6.488,HIP 82526
253.0737622,-67.68163704,6.317,HIP 82539
253.0839388,-38.01753496,3.542,HIP 82545
253.1142289,-40.72315503,6.315,HIP 82554
253.2419074,31.701673,5.333,HIP 82587
253.3231253,47.41671211,5.987,HIP 82611
253.3550531,-20.41580059,5.857,HIP 82621
253.4267675,-43.05096903,6.06,HIP 82650
253.4952202,-41.99432718,6.38,HIP 82669
253.498863,-42.36202982,4.79,HIP 82671
253.5015022,-57.90951154,5.905,HIP 82672
253.5019647,10.16536138,4.38,HIP 82673
253.5076557,-41.80638539,5.45,HIP 82676
253.5419243,-41.82503869,6.088,HIP 82691
253.5441876,-1.612303284,6.24,HIP 82693
253.6122612,-42.47889682,5.839,HIP 82716
253.6314816,-49.71080523,6.46,HIP 82723
253.6458543,-42.36131584,3.62,HIP 82729
253.6487253,-6.153980957,5.23,HIP 82730
253.649836,-30.58734554,6.34,HIP 82731
253.7298764,20.95849053,5.387,HIP 82764
253.7437713,-41.15085919,5.77,HIP 82775
253.7590043,25.73068061,6.064,HIP 82780
253.7638729,-42.09083078,6.27,HIP 82783
253.8166269,13.61990998,6.34,HIP 82798
253.842365,18.43321205,5.354,HIP 82802
253.8528701,-63.26966047,5.996,HIP 82806
253.9906347,-33.50687316,6.32,HIP 82855
254.0070465,65.13480466,4.88,HIP 82860
254.0076832,-16.80626553,6.336,HIP 82861
254.0368417,-50.67478969,6.33,HIP 82868
254.0697247,73.12786627,6.29,HIP 82880
254.1052782,65.03912503,6.4,HIP 82898
254.1198714,-52.28374682,5.933,HIP 82902
254.1499069,-40.82345647,6.22,HIP 82911
254.1576608,-30.58005888,6.1,HIP 82912
254.199877,-23.15019587,6.44,HIP 82925
254.2001566,-23.15033969,6.16,HIP 82925
254.2543687,-71.11164479,6.48,HIP 82944
254.2965617,-33.25949229,5.49,HIP 82960
254.3583375,-10.96337203,6.159,HIP 82979
254.3793564,25.35284171,6.29,HIP 82987
254.3834992,13.88411262,6.361,HIP 82989
254.4170729,9.37502902,3.2,HIP 83000
254.4262792,24.38126159,6.326,HIP 83007
254.4590735,42.51243144,6.355,HIP 83013
254.574751,-50.64118556,5.534,HIP 83057
254.6550507,-55.99014453,3.076,HIP 83081
254.6731717,-14.86967394,6.466,HIP 83090
254.7177803,-37.62049285,6.048,HIP 83100
254.760719,69.18624674,6.41,HIP 83114
254.8396354,56.68859537,6.041,HIP 83138
254.8915006,-69.26815927,5.89,HIP 83150
254.8960338,-53.16043787,4.05,HIP 83153
254.990446,-25.09219952,5.86,HIP 83176
255.0261637,-54.59717703,5.633,HIP 83187
255.0397056,-24.98913938,5.731,HIP 83196
255.059348,-44.98853216,6.494,HIP 83202
255.072389,30.92640423,3.92,HIP 83207
255.088923,54.4700278,4.91,HIP 83608
255.1541224,-35.93413427,5.934,HIP 83235
255.2422303,22.63209631,5.658,HIP 83254
255.243824,-86.36429741,6.035,HIP 83255
255.244128,14.3903333,2.78,HIP 84345
255.2650074,-4.222643847,4.812,HIP 83262
255.2792593,-56.55507909,6.38,HIP 83269
255.3205228,60.64875434,6.143,HIP 83289
255.3877147,14.9497189,6.31,HIP 83308
255.4015054,33.56826847,5.267,HIP 83313
255.417136,75.2974953,6.18,HIP 83317
255.4431326,-51.13102821,6.42,HIP 83321
255.4474497,-58.95824755,6.11,HIP 83323
255.4635532,-18.88553488,6.293,HIP 83331
255.4693412,-32.14352237,5.01,HIP 83336
255.4957353,8.45066584,6.39,HIP 83342
255.5656154,64.60074089,6.094,HIP 83359
255.5712626,31.88410043,6.383,HIP 83365
255.5779008,25.50561839,5.762,HIP 83367
255.7827963,14.09194833,4.98,HIP 83430
255.7864733,-53.23693601,5.278,HIP 83431
255.8758979,35.41406098,6.23,HIP 83462
255.9137585,13.60534759,5.908,HIP 83478
255.9236796,-47.16057146,6.064,HIP 83481
255.9622565,-38.15257198,5.902,HIP 83491
255.9694093,19.69051252,6.39,HIP 83493
255.9732391,34.79022295,6.07,HIP 83494
255.991843,13.56742084,6.054,HIP 83504
256.1029991,-57.71216234,5.727,HIP 83535
256.1722751,19.59910583,6.2,HIP 83565
256.1888605,-20.49470498,6.3,HIP 83567
256.2056319,-34.12292824,4.87,HIP 83574
256.2073881,48.80395479,6.106,HIP 83575
256.270596,43.81223792,6.441,HIP 83593
256.2723638,-45.50212736,6.268,HIP 83594
256.3338497,54.47002302,5.66,HIP 83608A
256.334211,54.47063197,5.69,HIP 83608B
256.3445434,12.74082649,4.871,HIP 83613
256.3844116,-0.892066031,5.61,HIP 83635
256.451928,-44.10505167,6.178,HIP 83650
256.5401893,9.733866007,6.375,HIP 83677
256.5491236,-21.56457375,6.282,HIP 83684
256.5543678,10.45387609,6.38,HIP 83688
256.5751952,22.08415388,5.565,HIP 83692
256.5841229,-37.22759179,5.98,HIP 83693
256.6182032,-35.45104461,6.13,HIP 83706
256.7206514,-1.656186465,6.351,HIP 83738
256.7217695,-26.51302001,6.251,HIP 83740
256.944468,40.51605407,6.36,HIP 83816
257.0028899,31.20619292,6.44,HIP 83834
257.0085904,35.93518867,5.39,HIP 83838
257.0618947,-17.60905077,5.977,HIP 83854
257.0711466,50.84227204,6.453,HIP 83857
257.1966155,65.71464533,3.17,HIP 83895
257.1980809,-30.40371731,5.911,HIP 83896
257.2271658,-3.882996027,6.356,HIP 83906
257.3885278,40.77703808,5.065,HIP 83947
257.4497921,-10.52329972,5.43,HIP 83962
257.5261488,-61.6754564,6.366,HIP 83984
257.59432,-15.7251822,3.26,HIP 84012
257.5944336,-15.7251428,2.463,HIP 84012
257.5945287,-15.72490664,2.42,HIP 84012
257.6276325,52.40877052,6.296,HIP 84021
257.6763301,-44.55769776,5.08,HIP 84033
257.7631809,24.23769463,6.2,HIP 84054
257.9111919,-48.87339026,5.98,HIP 84105
257.9178049,49.74635747,6.16,HIP 84108
257.9384953,7.894761831,6.333,HIP 84113
258.0383087,-43.23918953,3.33,HIP 84143
258.0567499,-25.25514195,6.499,HIP 84147
258.0675205,-39.50694896,5.655,HIP 84150
258.0690197,-38.82253718,6.285,HIP 84151
258.0830592,-70.72108232,6.214,HIP 84158
258.1044267,-27.76212473,6.117,HIP 84175
258.1158512,10.58515569,5.34,HIP 84177
258.1357498,62.87433486,5.54,HIP 84183
258.2439912,-32.43833166,5.997,HIP 84226
258.3244917,-67.19659002,5.873,HIP 84248
258.5558425,-56.88853332,6.105,HIP 84311
258.6152295,-39.76664938,6.44,HIP 84332
258.6618864,14.39037105,3.33,HIP 84345A
258.6632184,14.39000223,5.322,HIP 84345B
258.7579607,24.83920697,3.13,HIP 84379
258.7618094,36.80916155,3.18,HIP 84380
258.8301994,-33.54841649,5.53,HIP 84401
258.8345065,-14.58416861,6.004,HIP 84402
258.8365985,-26.60169922,5.08,HIP 84405
258.8374326,-26.60282596,5.03,HIP 84405 
258.8995922,-38.59393581,5.95,HIP 84425
258.9227931,23.74275882,5.975,HIP 84431
258.963959,-30.21073131,6.184,HIP 84445
259.0556767,-26.54614905,6.34,HIP 84478
259.0594184,2.186202857,6.18,HIP 84479
259.0900106,-35.75029826,6.12,HIP 84489
259.1224953,60.67061299,6.318,HIP 84496
259.1321408,1.210555153,5.921,HIP 84500
259.1485354,-74.53301131,6.227,HIP 84510
259.1528643,-0.445310736,4.79,HIP 84514
259.1781133,-6.244975884,6.084,HIP 84524
259.235067,89.03770557,6.38,HIP 84535
259.2651911,-32.6628391,5.526,HIP 84551
259.2730909,-44.77859556,6.487,HIP 84556
259.3315326,33.10010233,4.8,HIP 84573
259.3993929,23.09062581,6.22,HIP 84599
259.4177217,37.29150629,4.65,HIP 84606
259.5028346,-24.28690221,5.11,HIP 84626
259.5205948,17.31788391,5.992,HIP 84631
259.5803037,-16.31187537,6.43,HIP 84649
259.5854602,-32.55310608,6.367,HIP 84650
259.5969506,38.81140128,5.962,HIP 84656
259.6541259,10.86447534,5.02,HIP 84671
259.6992852,-44.12974649,5.736,HIP 84690
259.7021937,28.82296666,5.68,HIP 84691
259.7154468,-62.87457736,6.49,HIP 84700
259.7381868,-34.98976155,5.89,HIP 84709
259.7659898,-46.63623345,5.48,HIP 84720
259.8021146,-59.69461171,5.894,HIP 84731
259.8771419,-50.06376301,6.267,HIP 84759
259.9046312,80.13640062,5.706,HIP 84769
259.9981387,-5.917506443,6.32,HIP 84801
260.0409756,25.53760347,5.357,HIP 84821
260.0786289,18.05707929,5,HIP 84833
260.0880045,46.24077866,5.59,HIP 84835
260.1648644,32.46774388,5.39,HIP 84862
260.206924,-12.84687607,4.324,HIP 84880
260.2192923,-10.69641046,6.454,HIP 84883
260.2258579,24.49943578,5.12,HIP 84887
260.2515605,-21.11293639,4.387,HIP 84893
260.3801752,28.75808421,6.397,HIP 84934
260.3893395,16.73122714,6.34,HIP 84938
260.423174,-24.90610449,6.36,HIP 84947
260.4317108,39.97466819,5.561,HIP 84949
260.4390348,53.4204301,5.677,HIP 84950
260.4978237,-67.77066899,4.78,HIP 84969
260.5024139,-24.99954638,3.26,HIP 84970
260.5244819,-70.12320627,5.39,HIP 84979
260.6581287,-35.91058474,6.419,HIP 85019
260.6634083,-37.80463887,6.44,HIP 85020
260.7136988,-2.388177625,6.278,HIP 85042
260.7281212,-37.22078877,5.914,HIP 85048
260.7300892,-58.01032748,5.87,HIP 85049
260.7796735,-56.52554901,5.763,HIP 85068
260.8169843,-47.46819602,5.25,HIP 85079
260.839962,-28.14283354,5.288,HIP 85084
260.9196541,37.14678471,5.398,HIP 85112
260.9205607,37.14592403,4.51,HIP 85112
260.9206005,37.14594279,4.17,HIP 85112
260.990066,8.852570191,5.763,HIP 85139
261.0044814,-62.86415398,5.676,HIP 85147
261.0274462,22.96028226,5.72,HIP 85157
261.0544937,-44.16258555,5.108,HIP 85162
261.0783184,-60.67379734,5.754,HIP 85169
261.1129936,36.95193356,6.253,HIP 85181
261.1314046,16.30100723,5.736,HIP 85185
261.140835,15.60604781,6.41,HIP 85187
261.1543359,-18.44576246,6.334,HIP 85195
261.175118,-21.44148279,5.83,HIP 85207
261.2611141,-34.69606617,6.142,HIP 85237
261.276002,-24.24368549,6.171,HIP 85242
261.3249492,-55.52988169,2.85,HIP 85258
261.3485805,-56.37772633,3.34,HIP 85267
261.3502304,52.79068608,6.47,HIP 85268
261.4223064,60.04839813,5.645,HIP 85290
261.4765186,16.91757778,5.98,HIP 85302
261.4911476,-1.65177985,6.44,HIP 85307
261.5001797,-50.63350662,5.193,HIP 85312
261.5036161,26.87873497,6.39,HIP 85313
261.5201555,58.65189777,6.494,HIP 85317
261.5791933,7.595640529,6.04,HIP 85333
261.5925689,-24.17530695,4.153,HIP 85340
261.6286697,4.140359379,4.31,HIP 85355
261.6578399,-5.086598464,4.54,HIP 85365
261.6843416,48.26006156,5.83,HIP 85379
261.6922721,34.69580108,5.94,HIP 85382
261.7047009,20.08097666,5.514,HIP 85385
261.7157808,-45.84321159,6.47,HIP 85389
261.7165756,-45.84303053,5.64,HIP 85389
261.7304025,-25.94346527,6.43,HIP 85391
261.7348417,-51.94882233,6.17,HIP 85393
261.7589513,-12.51248691,6.206,HIP 85397
261.7911779,-15.8533629,6.48,HIP 85405
261.8019209,-50.63037273,5.898,HIP 85409
261.8386485,-29.86703482,4.269,HIP 85423
261.9064712,-29.72456688,5.974,HIP 85442
261.9336534,8.442037434,6.485,HIP 85450
261.9900055,-52.29714303,5.723,HIP 85470
262.009742,-8.208376138,6.372,HIP 85474
262.0327709,-63.03624001,6.208,HIP 85480
262.2068949,0.3306249,5.412,HIP 85537
262.2337055,-36.77828045,5.985,HIP 85543
262.2535951,-43.97391884,6.3,HIP 85549
262.5943886,11.92401629,6.48,HIP 85666
262.5989715,-1.062584646,6.089,HIP 85667
262.6081737,52.30138871,2.81,HIP 85670
262.667537,38.8822042,6.431,HIP 85688
262.6815615,57.87682412,6.21,HIP 85692
262.6846243,26.11064561,4.41,HIP 85693
262.690988,-37.29581348,2.65,HIP 85696
262.6982895,86.96804757,5.756,HIP 85699
262.7307214,31.15813859,5.633,HIP 85715
262.77464,-60.68384496,3.62,HIP 85727
262.8388997,2.724514452,5.58,HIP 85749
262.8470151,-56.92096344,5.984,HIP 85751
262.8539745,-23.962643,4.81,HIP 85755
262.8644444,-80.85913224,5.856,HIP 85760
262.9348915,-26.26971036,6.052,HIP 85783
262.9473281,-33.70315907,6.413,HIP 85786
262.9545771,-46.03678643,6.028,HIP 85788
262.9565802,28.4075005,5.65,HIP 85790
262.9603814,-49.87614501,2.95,HIP 85792
262.9911298,68.13502522,5.074,HIP 85805
263.0541592,86.58645961,4.336,HIP 85822
263.0620007,11.93004928,6.45,HIP 85826
263.1026169,-34.27940566,6.158,HIP 85839
263.2802393,41.24345079,5.726,HIP 85888
263.2807879,-41.17306549,5.838,HIP 85889
263.3451012,19.25667787,5.648,HIP 85912
263.3743544,-5.744803216,5.607,HIP 85922
263.4021672,-37.10382355,1.63,HIP 85927
263.4141227,16.31754631,5.672,HIP 85930
263.4282502,14.8415983,6.48,HIP 85934
263.570235,-48.52679822,6.32,HIP 85975
263.6528946,9.586696386,5.81,HIP 85998
263.6770506,-32.5816654,5.7,HIP 86011
263.6931313,-11.24199845,5.535,HIP 86019
263.7336227,12.56003739,2.07,HIP 86032
263.7484364,61.87451162,5.21,HIP 86036
263.8270839,-22.04382666,6.481,HIP 86060
263.8329448,-53.3529296,6.08,HIP 86064
263.8958551,-59.84612315,6.257,HIP 86088
263.914964,-46.5056844,4.59,HIP 86092
263.9265425,37.30159393,6.122,HIP 86096
263.9294873,-37.4398709,6.463,HIP 86098
263.9981999,20.9962464,6.1,HIP 86118
264.0337533,28.18509339,6.39,HIP 86130
264.089247,27.56663664,6.406,HIP 86153
264.1368964,-38.63524774,4.267,HIP 86170
264.1531061,30.78517695,6.05,HIP 86178
264.1568904,48.58563258,5.353,HIP 86182
264.2378929,68.75796709,4.77,HIP 86201
264.2870144,72.45579395,5.869,HIP 86219
264.3297077,-42.99782799,1.85,HIP 86228
264.362162,-38.06636546,6.27,HIP 86246
264.3637988,-50.05970058,5.878,HIP 86248
264.3796136,24.31000633,5.76,HIP 86254
264.3966658,-15.39855576,3.519,HIP 86263
264.4008462,-15.57103305,5.94,HIP 86266
264.4613048,-8.118771748,4.62,HIP 86284
264.5229808,-54.5004339,5.242,HIP 86305
264.5351724,-42.88027708,6.078,HIP 86311
264.5396029,-10.92626826,5.727,HIP 86313
264.686892,-21.91268718,6.2,HIP 86352
264.7410633,13.32925318,6.123,HIP 86373
264.7854358,2.028049946,6.253,HIP 86391
264.8661954,46.00633138,3.8,HIP 86414
264.9896578,31.20246958,6.03,HIP 86462
265.0497581,-2.152297404,6.17,HIP 86476
265.0992732,-49.41558313,4.77,HIP 86486
265.1564984,43.47066595,6.33,HIP 86501
265.1716101,31.28747725,6.309,HIP 86506
265.1854298,-67.85417422,6.48,HIP 86510
265.2439433,-32.21446232,5.6,HIP 86527
265.2728567,24.51325265,6.374,HIP 86537
265.295798,15.17837408,6.332,HIP 86546
265.3176795,-46.92183645,5.79,HIP 86552
265.3408222,51.81814789,5.994,HIP 86561
265.3536363,-12.87530527,4.228,HIP 86565
265.3846811,6.313157925,5.952,HIP 86575
265.4835932,72.14886878,4.55,HIP 86614
265.4875,72.1528,4.58,HIP 86614
265.4920968,72.15690156,5.53,HIP 86620
265.4942981,15.95243344,5.54,HIP 86623
265.5150839,-50.51070365,6.35,HIP 86628
265.6181763,24.5640573,5.558,HIP 86667
265.62198,-39.02998308,2.386,HIP 86670
265.712906,-36.94556242,5.52,HIP 86698
265.7731058,44.08432018,6.376,HIP 86713
265.7785973,-33.05128692,6.45,HIP 86716
265.8237829,-27.8839777,6.41,HIP 86725
265.8398522,24.32782138,5.729,HIP 86731
265.8417612,14.2951695,6.211,HIP 86732
265.8574731,-21.68319414,4.861,HIP 86736
265.868133,4.567303668,2.75,HIP 86742
265.9459257,-7.079609531,6.32,HIP 86768
265.9517046,-13.50869922,6.363,HIP 86769
265.996537,53.80170722,5.76,HIP 86782
266.0362631,-51.83405322,5.15,HIP 86796
266.0718633,14.41006852,6.194,HIP 86809
266.1420475,2.579447846,6.18,HIP 86831
266.1750396,-42.72931946,5.871,HIP 86847
266.2327693,-57.54554024,5.964,HIP 86871
266.4176441,31.50467956,6.24,HIP 86925
266.4332817,-64.72387146,3.581,HIP 86929
266.6147804,27.72071138,3.42,HIP 86974
266.7803992,-38.11217347,6.4,HIP 87042
266.7807274,-59.9943356,6.5,HIP 87043
266.7834743,47.61224817,6.465,HIP 87045
266.7835254,17.6970232,5.61,HIP 87044
266.8900998,-27.83078772,4.54,HIP 87072
266.8961645,-40.12699736,2.992,HIP 87073
266.9032485,-14.72582634,5.923,HIP 87074
266.9399986,-22.47779159,6.19,HIP 87099
266.9731691,2.707279122,3.75,HIP 87108
267.0843392,3.804213282,6.225,HIP 87150
267.1031995,20.5654397,5.687,HIP 87158
267.1159862,-26.97494523,6.35,HIP 87163
267.1585918,-55.4017399,6.085,HIP 87174
267.1994611,19.25501353,6.125,HIP 87192
267.2047758,25.62286842,5.1,HIP 87194
267.293655,-31.70320629,4.797,HIP 87220
267.32934,1.961412466,6.45,HIP 87224
267.4645037,-37.04327638,3.21,HIP 87261
267.4708918,-61.71470435,6.4,HIP 87264
267.5421347,78.30653924,6.244,HIP 87293
267.5462991,-40.09043182,4.803,HIP 87294
267.5953848,29.32214143,5.517,HIP 87308
267.6183042,-53.61240688,5.71,HIP 87314
267.6816837,11.94654993,6.193,HIP 87335
267.7015943,22.31633128,6.13,HIP 87341
267.7960221,-53.13026904,6.076,HIP 87379
267.8855487,-40.7724647,5.958,HIP 87390
267.8977987,-60.16405678,5.774,HIP 87393
267.9356645,-45.6007077,6.087,HIP 87404
267.9935854,15.32637467,6.42,HIP 87427
267.9976868,-1.236809419,6.332,HIP 87428
268.0037862,46.643574,6.36,HIP 87434
268.0196667,39.98208895,6.001,HIP 87445
268.0569221,-34.79919703,5.9,HIP 87460
268.082339,-34.41684179,5.85,HIP 87472
268.1476636,1.305011081,5.917,HIP 87491
268.1612579,-6.143576131,6.21,HIP 87495
268.2050961,-34.11483208,6.06,HIP 87516
268.2190959,-41.9965241,6.2,HIP 87523
268.24005,-35.62430971,6.02,HIP 87532
268.2647515,-10.89956397,6.176,HIP 87540
268.3091068,6.101422838,5.759,HIP 87558
268.3251131,40.00796147,5.15,HIP 87563
268.3257699,-65.48860393,6.459,HIP 87564
268.3315841,-34.73080585,6.12,HIP 87567
268.3822064,56.87264193,3.75,HIP 87585
268.4782213,-34.75271816,5.96,HIP 87616
268.4922327,-34.83105557,6.42,HIP 87624
268.6113188,75.17130694,6.374,HIP 87670
268.6130137,-34.46672354,6.11,HIP 87671
268.72518,-24.88709559,6.2,HIP 87706
268.7834654,-36.47564447,6.053,HIP 87722
268.7964672,72.00512608,5.43,HIP 87728
268.8485594,55.97139214,6.081,HIP 87744
268.8549514,26.04999124,5.36,HIP 87747
268.9617101,22.46422058,5.619,HIP 87777
268.9790444,-18.80215604,6.469,HIP 87782
269.0632541,37.25053667,3.88,HIP 87808
269.0766672,0.670353699,5.82,HIP 87812
269.0793144,-15.81252818,5.929,HIP 87813
269.1012239,-65.72173767,6.36,HIP 87822
269.1515412,51.48889562,2.23,HIP 87833
269.1743332,-28.06539478,5.763,HIP 87836
269.1975706,-44.34221849,4.849,HIP 87846
269.1989338,-4.081821609,5.439,HIP 87847
269.2021957,45.35085018,6.32,HIP 87850
269.2329323,-40.30564137,6.447,HIP 87865
269.2332346,6.487730334,6.277,HIP 87866
269.3097466,23.99573555,6.33,HIP 87895
269.3624346,11.04454223,6.327,HIP 87910
269.4236906,-76.17795051,6.066,HIP 87926
269.4280702,-56.89625118,6.259,HIP 87928
269.4411903,29.24787945,3.7,HIP 87933
269.4491771,-41.71629327,4.863,HIP 87936
269.6256234,30.18927435,4.41,HIP 87998
269.6627077,-28.75908624,6.01,HIP 88012
269.6763419,36.28779318,6.03,HIP 88020
269.717941,45.47621989,6.481,HIP 88030
269.7320314,-36.85837458,5.737,HIP 88038
269.7566342,-9.773633605,3.34,HIP 88048
269.9031762,-4.821126346,5.832,HIP 88101
269.9481519,-23.81611471,4.724,HIP 88116
269.98419,45.50137751,5.67,HIP 88122
270.0003387,-20.3395486,6.219,HIP 88125
270.0142355,16.75091794,4.67,HIP 88128
270.0147018,80.00084672,5.939,HIP 88127
270.0382571,80.00411315,5.642,HIP 88136
270.0653079,0.629475716,6.37,HIP 88148
270.0658154,4.368645091,4.6,HIP 88149
270.1152426,19.50578957,6.43,HIP 88172
270.1208752,-3.690271547,4.616,HIP 88175
270.1515602,33.21368024,6,HIP 88190
270.1613158,2.931564834,3.93,HIP 88192
270.2202456,6.268293863,6.35,HIP 88213
270.2386263,15.09355244,6.28,HIP 88217
270.346344,-17.15686773,6.261,HIP 88258
270.3924499,-85.21482816,6.445,HIP 88274
270.3995966,33.31126454,6.167,HIP 88277
270.4383229,1.305085077,4.429,HIP 88290
270.4512581,-36.37785439,6.296,HIP 88294
270.4765875,-22.78029423,5.77,HIP 88298
270.5960297,20.83363522,5.249,HIP 88331
270.6256366,22.9232249,6.211,HIP 88346
270.7129109,-24.28246729,5.34,HIP 88380
270.7700067,-8.180253701,5.86,HIP 88404
270.7704938,-8.18035238,5.27,HIP 88404
270.7704997,-8.18034961,4.79,HIP 88404
270.7870534,48.46427545,6.243,HIP 88415
270.8106769,19.61315487,6.42,HIP 88429
270.9685209,-24.36073118,5.97,HIP 88469
271.1556565,1.918993236,6.147,HIP 88522
271.1675455,23.94201839,6.335,HIP 88528
271.2099106,-35.90144101,5.972,HIP 88550
271.2533616,41.94629413,6.374,HIP 88565
271.2551101,-29.58008951,4.69,HIP 88567
271.3618969,-81.48656577,6.35,HIP 88599
271.3636883,2.50009883,4.03,HIP 88601
271.3644289,2.498946997,6.07,HIP 88601
271.3755693,21.64661998,6.179,HIP 88604
271.4520337,-30.42408985,2.99,HIP 88635
271.4567117,32.23067425,5.709,HIP 88636
271.507919,22.21887572,5.06,HIP 88657
271.5308247,-8.323960281,5.859,HIP 88670
271.5309498,-0.4461276,6.34,HIP 88671
271.5383946,-51.74390422,6.46,HIP 88675
271.5633213,-4.751252437,5.741,HIP 88684
271.5988313,-36.01978628,5.95,HIP 88694
271.6577841,-50.09147988,3.66,HIP 88714
271.707888,-43.42522122,4.95,HIP 88726
271.7228092,50.82282758,6.295,HIP 88732
271.7566278,30.56210691,5.13,HIP 88745
271.7762404,49.71044725,6.5,HIP 88754
271.7973063,-21.44393551,6.33,HIP 88760
271.8264975,8.733867239,4.64,HIP 88765
271.8374321,2.481671294,6.49,HIP 88770
271.8374369,9.563846727,3.73,HIP 88771
271.8697677,43.46188958,4.997,HIP 88788
271.8856296,28.76249107,3.827,HIP 88794
271.9514178,-17.15415838,5.508,HIP 88816
271.9515207,-64.55017004,6.392,HIP 88815
271.956261,26.09733281,5.79,HIP 88817
271.9565283,26.10126164,5.819,HIP 88818
272.0207451,-28.45709265,4.56,HIP 88839
272.1254649,-45.76700953,6.163,HIP 88859
272.1405656,14.28471686,6.323,HIP 88862
272.1450666,-63.66856198,4.328,HIP 88866
272.1895497,20.81455683,4.347,HIP 88886
272.2202661,20.04523298,5.099,HIP 88899
272.3911802,3.993297194,5.92,HIP 88964
272.4059009,38.45777723,6.4,HIP 88972
272.4307491,-13.93443537,6.379,HIP 88981
272.4898427,-59.04017953,6.372,HIP 89006
272.495841,36.466262,5.568,HIP 89008
272.4998491,-32.71963563,6.405,HIP 89010
272.5242238,-30.72866676,5.65,HIP 89020
272.5363664,16.47658499,6.1,HIP 89023
272.6089738,-62.00222005,5.49,HIP 89042
272.6679129,3.324257858,5.489,HIP 89065
272.7306195,-33.80006981,6.16,HIP 89086
272.7683531,-47.5131214,6.069,HIP 89096
272.7731784,-41.35911505,5.845,HIP 89099
272.779811,60.40953269,6.5,HIP 89104
272.8073385,-45.95441177,4.508,HIP 89112
272.8115944,-19.84195274,6.5,HIP 89114
272.8158639,-75.89152323,5.86,HIP 89115
272.9305532,-23.7012316,4.98,HIP 89153
272.9380133,33.44705876,5.97,HIP 89156
272.9756526,31.40534898,4.97,HIP 89172
273.1420149,-73.67243587,5.91,HIP 89234
273.1775607,41.14683622,6.352,HIP 89246
273.2700793,38.77349057,6.033,HIP 89279
273.3029101,-41.33611034,5.462,HIP 89290
273.3190152,21.88035994,6.132,HIP 89298
273.4408702,-21.05883169,3.85,HIP 89341
273.4675915,2.393462298,6.4,HIP 89347
273.4743034,64.39728493,4.987,HIP 89348
273.5662499,-21.71316264,5.473,HIP 89369
273.5680085,-63.68968205,6.469,HIP 89370
273.8037764,-20.72826878,5.37,HIP 89439
273.8040376,-20.38796974,6.02,HIP 89440
273.8211896,68.75581725,5.953,HIP 89448
273.8781861,-18.66157099,6.15,HIP 89470
273.8852641,45.20931686,6.298,HIP 89474
273.9115721,42.1593458,5.556,HIP 89482
273.9192274,-63.05536391,5.582,HIP 89487
273.9727171,-44.20645338,5.451,HIP 89507
273.9913814,-3.617966353,6.349,HIP 89512
274.023218,2.377517217,6.01,HIP 89527
274.2212542,-3.007402014,6,HIP 89587
274.2538312,-51.0682666,6.048,HIP 89597
274.2813851,-56.02334933,5.36,HIP 89605
274.298446,-17.37389203,5.75,HIP 89609
274.3489946,-28.28894962,6.36,HIP 89620
274.3503597,-28.65206543,6.168,HIP 89622
274.3507047,-9.758610419,6.3,HIP 89623
274.4010241,-34.10726597,6.03,HIP 89637
274.4068217,-36.76169016,3.11,HIP 89642
274.5040054,-68.22926333,6.328,HIP 89674
274.5122588,13.77703042,6.291,HIP 89677
274.5132985,-27.04264352,4.627,HIP 89678
274.5321408,18.13168877,6.23,HIP 89684
274.5322046,23.2969071,6.47,HIP 89683
274.6673259,-42.28839529,6.29,HIP 89726
274.7897378,7.25976724,5.412,HIP 89772
274.7944977,24.4460564,5.279,HIP 89773
274.9172109,-63.88656168,6.25,HIP 89805
274.9654546,36.06454748,4.34,HIP 89826
274.9669576,29.66639095,5.993,HIP 89827
274.9835913,51.34782289,6.299,HIP 89835
275.0366305,-15.83169685,5.371,HIP 89851
275.0746456,21.96129641,4.96,HIP 89861
275.189301,71.33781941,4.22,HIP 89908
275.216932,3.377164082,4.856,HIP 89918
275.2299482,-37.48764641,6.434,HIP 89920
275.237376,29.85892317,5.6,HIP 89925
275.2485121,-29.82810226,2.668,HIP 89931
275.2542507,28.86995135,5.115,HIP 89935
275.264094,72.73284772,3.58,HIP 89937
275.2797861,49.72546609,6.387,HIP 89943
275.3275021,-2.89882797,3.25,HIP 89962
275.345776,-18.86000179,5.75,HIP 89968
275.3683378,5.435711242,6.13,HIP 89977
275.3806921,-24.91527538,6.25,HIP 89980
275.3860981,49.12159267,5.05,HIP 89981
275.5005858,-28.42996533,6.154,HIP 90012
275.5362522,23.28517468,5.41,HIP 90023
275.5773892,-38.65689614,5.073,HIP 90037
275.6471609,12.02968093,5.98,HIP 90052
275.7043319,17.82661658,5.249,HIP 90067
275.7211476,-36.66955557,5.34,HIP 90074
275.7587893,-10.21895525,6.313,HIP 90083
275.7622081,16.68799635,6.22,HIP 90086
275.8006757,-12.01475474,5.699,HIP 90096
275.8068222,-61.49391192,4.367,HIP 90098
275.8701111,-36.23798837,5.518,HIP 90124
275.9018697,-75.04427707,5.456,HIP 90133
275.9149111,-8.934486565,4.664,HIP 90135
275.9245404,21.76975267,3.84,HIP 90139
275.9499085,53.3008357,6.352,HIP 90146
275.9775287,58.80073767,5.05,HIP 90156
275.9886753,38.7392248,6.37,HIP 90163
276.0149482,-3.583157613,6.38,HIP 90174
276.038605,83.17539724,6.16,HIP 90182
276.0429934,-34.38461649,1.81,HIP 90185
276.0574401,39.50723811,5.12,HIP 90191
276.0759979,-44.11025516,5.227,HIP 90200
276.1380739,-49.65287745,6.454,HIP 90223
276.1755318,-7.075932949,6.296,HIP 90238
276.2383682,-1.57941119,6.19,HIP 90253
276.2435893,27.39478137,6.26,HIP 90256
276.255947,-30.75656021,5.574,HIP 90260
276.3376643,-20.54167284,4.86,HIP 90289
276.3403015,-35.99202378,6.142,HIP 90290
276.3817916,-63.02153596,6.122,HIP 90304
276.4116628,8.032007151,5.665,HIP 90313
276.477528,-33.94571824,6.296,HIP 90336
276.4801255,14.9662363,6.364,HIP 90337
276.4949458,29.82893028,5.83,HIP 90342
276.496404,65.56348093,4.823,HIP 90344
276.6705315,26.44924071,6.498,HIP 90398
276.7250574,-48.11723995,5.446,HIP 90414
276.7434018,-45.96845775,3.463,HIP 90422
276.8021169,0.196113504,5.32,HIP 90441A
276.9256037,59.54911296,6.42,HIP 90476
276.9561875,-29.81686134,5.902,HIP 90485
276.9596699,3.748567013,6.06,HIP 90487
276.9853332,-17.80035394,6.182,HIP 90494
276.9926697,-25.4216985,2.81,HIP 90496
276.9948901,6.194103469,5.699,HIP 90497
277.0257283,-26.75730628,6.276,HIP 90510
277.0267856,-84.38726011,6.48,HIP 90509
277.1129752,-38.99566951,5.624,HIP 90541
277.2077474,-49.07058832,4.11,HIP 90568
277.238975,-26.58207857,6.5,HIP 90576
277.2993774,-14.56580291,4.675,HIP 90595
277.3036326,-43.84593707,6.35,HIP 90597
277.3330998,-80.232707,5.946,HIP 90606
277.3987929,23.86619842,5.863,HIP 90637
277.4207478,-1.985307797,5.369,HIP 90642
277.4373606,77.54706954,5.644,HIP 90647
277.4448324,-14.58198745,6.027,HIP 90651
277.4830891,-47.22054166,5.679,HIP 90662
277.4864072,-57.5231416,5.74,HIP 90664
277.5494353,-18.72879596,5.624,HIP 90687
277.5595567,-5.724178146,6.263,HIP 90692
277.673545,20.81504684,6.48,HIP 90729
277.7622865,-41.91383405,6.018,HIP 90759
277.768536,16.92855622,5.75,HIP 90762
277.7701728,-32.98909825,5.386,HIP 90763
277.8434397,-62.27830271,4.64,HIP 90797
277.857058,-10.79583566,5.72,HIP 90804
277.8595744,-18.40269833,5.117,HIP 90806
277.939305,-45.9148125,4.92,HIP 90830
277.9842659,-43.50738094,5.686,HIP 90842
277.987473,-1.002975211,5.936,HIP 90844
278.0081017,-45.75737918,5.07,HIP 90853
278.0286938,3.659611598,6.407,HIP 90858
278.0860832,-14.64424909,6.351,HIP 90884
278.0888795,-39.70400077,5.155,HIP 90887
278.1438441,57.04559605,4.761,HIP 90905
278.1805087,-14.86566172,5.51,HIP 90913
278.1923116,23.61679714,5.84,HIP 90915
278.2081572,30.5542088,5.468,HIP 90923
278.2305901,-73.96559834,5.888,HIP 90930
278.2538197,-39.89202087,6.217,HIP 90936
278.3446181,-5.911719228,6.354,HIP 90967
278.3461705,-38.72004622,6.169,HIP 90969
278.3463804,-38.72598312,5.59,HIP 90968
278.3470957,8.2682496,6.416,HIP 90971
278.3727934,-58.70877778,6.44,HIP 90981
278.3757741,-42.31250824,4.614,HIP 90982
278.4125872,-14.85361439,5.735,HIP 90991
278.4728597,-24.032282,5.461,HIP 91004
278.4862272,52.35351575,5.38,HIP 91013
278.490693,-33.01656027,5.276,HIP 91014
278.6296607,-52.89152101,6.202,HIP 91062
278.6978903,10.89200858,6.47,HIP 91090
278.7599693,-10.97720636,5.119,HIP 91105
278.8017798,-8.244070511,3.83,HIP 91117
278.8024667,18.20341499,5.79,HIP 91118
278.8062716,34.45801892,6.088,HIP 91119
278.8388827,-20.840449,6.481,HIP 91132
278.9020539,4.935989631,6.46,HIP 91142
278.9985201,-29.6991066,6.366,HIP 91172
279.0552802,65.48870466,6.06,HIP 91196
279.1159761,9.122491586,5.39,HIP 91217
279.155601,33.46903833,5.41,HIP 91235
279.1628111,6.67180517,5.425,HIP 91237
279.189788,43.22181638,6.211,HIP 91250
279.2347348,38.78368896,0.03,HIP 91262
279.2877493,16.19829478,6.307,HIP 91279
279.3896559,62.52657591,5.74,HIP 91315
279.3998443,-0.30947504,5.768,HIP 91322
279.4767799,-21.39772861,5.931,HIP 91347
279.5186644,-14.00478282,6.47,HIP 91369
279.5269844,39.6683266,6.05,HIP 91373
279.5880514,8.834112833,6.4,HIP 91389
279.5991575,-3.193648671,6.482,HIP 91394
279.6279764,-23.5048952,5.772,HIP 91405
279.7225044,-21.05187527,5.86,HIP 91438
279.8095537,-47.90976444,5.84,HIP 91461
279.8876674,40.93505618,6.23,HIP 91491
279.8964958,-43.18588031,5.425,HIP 91494
279.9036556,5.264291214,6.4,HIP 91499
279.9649926,7.358599019,6.265,HIP 91523
279.9700681,52.19608783,5.992,HIP 91525
280.0016169,-7.790796344,5.808,HIP 91532
280.0080191,30.84947045,6.4,HIP 91533
280.0508367,38.3671761,6.489,HIP 91552
280.2350356,62.74946301,6.091,HIP 91606
280.3778328,-48.09468926,6.454,HIP 91662
280.4221315,31.61761192,6.416,HIP 91675
280.4651278,-23.83342236,6.205,HIP 91689
280.5337014,34.74631982,6.473,HIP 91707
280.5600839,-81.80811289,6.262,HIP 91723
280.5684454,-9.052552478,4.71,HIP 91726
280.5942655,-64.64304585,6.353,HIP 91733
280.6505008,-7.073654086,6.125,HIP 91751
280.6581651,55.53944648,5.02,HIP 91755
280.7295822,-19.28420999,6.35,HIP 91781
280.7589014,-71.42811561,4.003,HIP 91792
280.793134,70.79284785,6.27,HIP 91811
280.8190539,39.30005944,6.44,HIP 91820
280.8708886,53.87176709,6.19,HIP 91843
280.8802121,-8.275212675,4.889,HIP 91845
280.9004553,36.55660634,6.037,HIP 91852
280.9055733,-64.55142515,5.757,HIP 91854
280.9455916,-38.3234419,5.111,HIP 91875
280.9634737,-6.818121554,6.299,HIP 91880
280.9649662,31.92661334,5.682,HIP 91883
281.0331222,-36.71833684,6.308,HIP 91901
281.0806687,-35.6419884,4.87,HIP 91918
281.0846327,39.67080234,6.062,HIP 91919
281.0847656,39.67012917,4.991,HIP 91919
281.0949125,39.6127146,5.23,HIP 91926
281.0957644,39.61279477,5.35,HIP 91926
281.1678987,23.58988469,6.302,HIP 91958
281.1931545,37.60512165,4.36,HIP 91971
281.2008299,37.5945996,5.585,HIP 91973
281.2066848,-25.01090933,5.811,HIP 91974
281.2080769,2.060039013,5.005,HIP 91975
281.23083,54.89718469,6.259,HIP 91985
281.2381345,-39.68618837,5.439,HIP 91989
281.2980294,-61.09519315,6.019,HIP 92008
281.3277387,-21.00161611,6.331,HIP 92016
281.3495115,-56.88196906,6.21,HIP 92021
281.3620874,-64.87125967,4.767,HIP 92024
281.368175,5.500117,6.34,HIP 92027
281.3681842,5.50012335,5.83,HIP 92027
281.4090452,79.94267767,6.4,HIP 92040
281.4141231,-26.99078265,3.14,HIP 92041
281.4155237,20.54630919,4.19,HIP 92043
281.4448642,74.08555121,5.244,HIP 92056
281.4833131,-50.87270395,6.24,HIP 92072
281.5047849,-19.60635783,6.42,HIP 92079
281.5186646,26.66212891,4.84,HIP 92088
281.5542102,41.44181112,6.051,HIP 92098
281.5858791,-22.39217318,5.366,HIP 92111
281.5926745,75.43395556,5.358,HIP 92112
281.6191409,-0.961692472,5.9,HIP 92117
281.6723405,18.70590855,6.179,HIP 92131
281.6795382,52.98795964,5.9,HIP 92133
281.6805175,-10.12504481,5.717,HIP 92136
281.755143,18.18151606,4.36,HIP 92161
281.7936426,-4.747873045,4.22,HIP 92175
281.8706246,-5.705150726,5.2,HIP 92202
281.9359072,-40.40616595,5.217,HIP 92226
281.9547162,-77.86825089,6.392,HIP 92233
281.9890576,31.75683623,6.054,HIP 92243
282.0111052,4.241421309,6.187,HIP 92254
282.0669802,48.76755474,6.12,HIP 92269
282.0683444,23.51474828,6.181,HIP 92270
282.1579368,-65.07768004,5.701,HIP 92294
282.164555,-6.004312486,6.494,HIP 92296
282.2103739,-43.68004332,5.456,HIP 92308
282.2224427,19.32871643,5.88,HIP 92312
282.3639304,-45.81010003,5.798,HIP 92367
282.3958187,-43.43409782,5.587,HIP 92382
282.4049703,0.836196203,6.226,HIP 92386
282.4171167,-20.32465464,5.21,HIP 92390
282.4206513,-5.912863014,6,HIP 92391
282.4413259,32.81281846,5.91,HIP 92398
282.4704888,32.55106029,5.226,HIP 92405
282.5199798,33.36266677,3.42,HIP 92420
282.6298756,-13.57225945,6.43,HIP 92456
282.6897985,10.97638807,6.36,HIP 92475
282.7438019,-9.774096568,5.836,HIP 92488
282.7443817,-41.06269559,6.49,HIP 92487
282.8003931,59.38835015,4.636,HIP 92512
282.8423259,-3.317856965,6.056,HIP 92524
282.8955006,52.97506841,5.52,HIP 92549
282.89955,28.7836719,6.209,HIP 92550
282.902156,36.53908234,6.082,HIP 92551
283.008012,13.96564515,6.2,HIP 92593
283.0302081,41.3832447,6.269,HIP 92599
283.0497434,-41.70919479,6.45,HIP 92608
283.0543076,-62.18759092,4.207,HIP 92609
283.0684499,21.42514228,5.393,HIP 92614
283.1134574,-46.59512018,5.49,HIP 92630
283.1179786,-26.65077145,6.29,HIP 92635
283.154355,-29.37967654,6.098,HIP 92643
283.1651874,-52.10736978,5.173,HIP 92646
283.2495837,-46.58633132,6.16,HIP 92669
283.2575396,-9.575521303,6.321,HIP 92674
283.2597783,-48.36091569,6.168,HIP 92676
283.3000123,-51.93143745,6.286,HIP 92687
283.3064625,50.70822057,4.92,HIP 92689
283.4314964,36.97171879,5.573,HIP 92728
283.4429559,57.48655724,6.232,HIP 92731
283.5003669,-21.3598479,5.678,HIP 92747
283.5424087,-22.74483962,4.845,HIP 92761
283.5551969,27.90952726,5.62,HIP 92768
283.5993828,71.29719627,4.814,HIP 92782
283.6261779,36.89861991,4.3,HIP 92791
283.6796402,-15.60303686,5.086,HIP 92814
283.6870208,22.64507541,4.6,HIP 92818
283.6963623,48.85940358,5.836,HIP 92822
283.6964193,-87.60584331,5.278,HIP 92824
283.7174042,41.60272233,5.44,HIP 92831
283.7187922,33.96857133,6.03,HIP 92833
283.7797394,-22.67128379,4.98,HIP 92845
283.8163604,-26.29672411,2.067,HIP 92855
283.8337597,43.94608958,4,HIP 92862
283.848123,-37.38658853,6.47,HIP 92866
283.8644215,6.615301025,5.566,HIP 92872
283.8791891,-16.37663561,5.546,HIP 92882
284.002808,-23.17375324,5.93,HIP 92931
284.0549467,4.203606136,4.57,HIP 92946
284.0610043,4.20212762,4.98,HIP 92951
284.0706302,-42.71067309,5.346,HIP 92953
284.0944162,-1.799862205,6.196,HIP 92963
284.1066827,2.47119042,6.132,HIP 92968
284.1071598,65.25808453,5.621,HIP 92969
284.113491,-31.68902838,6.45,HIP 92972
284.1686914,-37.34325035,5.38,HIP 92989
284.1876489,57.81481655,5.663,HIP 92997
284.2279351,-62.80190393,6.453,HIP 93012
284.2376208,-67.23349478,4.4,HIP 93015
284.2652925,-5.846315093,4.818,HIP 93026
284.3096309,-43.91700963,6.27,HIP 93049
284.3191252,2.53534605,5.551,HIP 93051
284.3222486,62.39677341,6.49,HIP 93053
284.3353204,-20.65634787,5.054,HIP 93057
284.3686662,58.22502454,6.45,HIP 93068
284.3933158,-39.82319495,6.284,HIP 93074
284.4325008,-21.10665759,3.51,HIP 93085
284.5079091,38.26618876,5.883,HIP 93104
284.5614513,17.36091599,5.38,HIP 93124
284.5886679,-31.03597483,6.08,HIP 93134
284.59877,6.239929158,6.207,HIP 93138
284.6034671,-22.52949435,6.141,HIP 93140
284.6157036,-52.9386275,4.838,HIP 93148
284.6518649,-60.2005479,5.14,HIP 93163
284.6807613,-37.10732798,4.85,HIP 93174
284.687731,19.79439378,6.494,HIP 93175
284.6941161,40.67919119,6.192,HIP 93177
284.6955169,13.90665048,5.89,HIP 93179
284.7359273,32.68955574,3.25,HIP 93194
284.7474874,50.80914299,6.338,HIP 93197
284.7739116,13.62224287,5.258,HIP 93203
284.7956846,-39.53471215,6.497,HIP 93209
284.8012159,39.21732247,6.403,HIP 93210
284.8491751,-12.84051775,5.51,HIP 93225
284.8615756,-18.56643507,6.378,HIP 93234
284.8719516,-70.468652,6.48,HIP 93238
284.9056516,15.06828104,4.02,HIP 93244
284.9395176,26.23040537,5.261,HIP 93256
284.9921213,22.81451362,6.29,HIP 93270
285.0034403,32.14551321,4.93,HIP 93279
285.0148574,-66.65361638,5.971,HIP 93287
285.0569908,50.53346629,5.377,HIP 93299
285.1033886,-24.94216993,6.356,HIP 93315
285.1810685,55.65830085,5.513,HIP 93340
285.2300063,33.80215623,6.038,HIP 93354
285.2679285,-37.06157399,6.4,HIP 93371
285.2726669,19.30956365,6.46,HIP 93374
285.3223201,26.29141041,5.687,HIP 93393
285.3599276,46.93476319,5.006,HIP 93408
285.3896528,-15.28261763,6.32,HIP 93418
285.4072506,-22.69536514,6.215,HIP 93423
285.4201203,-5.739089505,4.02,HIP 93429
285.4515439,33.62126612,6.381,HIP 93437
285.4559627,22.26441173,6.45,HIP 93443
285.529304,52.26105675,6.389,HIP 93466
285.5355042,-41.91050723,6.209,HIP 93470
285.5898604,8.373537646,6.271,HIP 93488
285.6153127,-24.84682542,5.628,HIP 93498
285.6530427,-29.8800633,2.59,HIP 93506
285.719254,19.66101188,6.094,HIP 93523
285.7270877,-3.698968911,5.4,HIP 93526
285.7658552,-19.2456835,6,HIP 93537
285.7786535,-42.09510567,4.725,HIP 93542
285.7791564,-19.10302291,6.357,HIP 93543
285.8237341,-38.25314818,5.716,HIP 93552
285.8734714,-68.75558106,5.861,HIP 93574
285.8843593,1.818734383,5.815,HIP 93580
285.9898294,-51.01860319,5.928,HIP 93624
286.0042373,-57.95996037,6.3,HIP 93629
286.1044068,-31.04708057,5.482,HIP 93667
286.1707585,-21.74149596,3.77,HIP 93683
286.229856,53.3966558,5.38,HIP 93713
286.2403023,-4.031422544,5.394,HIP 93717
286.2411446,31.74407088,5.56,HIP 93718
286.2428626,30.7334046,6.06,HIP 93720
286.2910025,49.92316413,6.43,HIP 93733
286.3525334,13.86347728,2.99,HIP 93747
286.4215842,-15.6604196,5.97,HIP 93763
286.4463651,29.92167572,6.31,HIP 93770
286.5622444,-4.882562746,3.43,HIP 93805
286.5709831,41.41378211,6.496,HIP 93808
286.5831506,-52.34091135,5.174,HIP 93815
286.5927129,8.230003517,6.09,HIP 93820
286.6045926,-37.06370358,6.42,HIP 93825
286.6046256,-37.0634417,4.21,HIP 93825
286.6050612,-37.06327565,4.53,HIP 93825
286.6572264,28.62859511,5.55,HIP 93843
286.6599839,24.25078289,5.79,HIP 93845
286.7171647,-16.2292505,6.11,HIP 93855
286.7186016,-37.81065928,6.16,HIP 93858
286.7284099,-50.32314267,6.274,HIP 93860
286.7316957,-48.29914431,5.951,HIP 93862
286.735013,-27.67041564,3.31,HIP 93864
286.7441787,11.07122704,5.086,HIP 93867
286.7846942,-18.73816863,6.293,HIP 93887
286.8255514,36.10015902,5.253,HIP 93903
286.8565914,32.5017602,5.22,HIP 93917
286.8785092,-28.63680068,6.027,HIP 93925
286.9888345,16.85338189,6.07,HIP 93966
287.0146774,21.69892857,6.211,HIP 93975
287.0572905,1.298652217,6.5,HIP 93990
287.0606826,-24.65737031,6.3,HIP 93993
287.0695911,-19.29028832,5.49,HIP 93996
287.0873737,-40.49669798,4.571,HIP 94005
287.1074524,52.42573104,5.893,HIP 94013
287.2180197,-55.72042492,6.45,HIP 94054
287.249645,6.073217788,5.23,HIP 94068
287.2911728,76.56050384,5.107,HIP 94083
287.3680896,-37.9044744,4.087,HIP 94114
287.415653,-39.82723609,6.435,HIP 94130
287.4408579,65.97851433,6.26,HIP 94140
287.4409705,-21.02361398,2.88,HIP 94141
287.4506094,-19.80365836,6.11,HIP 94144
287.464983,-0.428112629,6.321,HIP 94149
287.4702838,-68.42444946,5.305,HIP 94150
287.4902167,-41.89224545,5.855,HIP 94157
287.5073197,-39.34079269,4.095,HIP 94160
287.7579352,-39.00470521,6.344,HIP 94243
287.828402,-29.50229333,6.272,HIP 94272
287.8465108,40.42909621,6.188,HIP 94280
287.879097,26.73587128,6.336,HIP 94290
287.9190871,56.85920553,5.125,HIP 94302
287.9417019,31.2834566,5.932,HIP 94311
288.1168331,-21.65838216,6.39,HIP 94372
288.1387557,67.66153866,3.07,HIP 94376
288.153055,21.5545733,6.04,HIP 94382
288.1696324,-7.939517718,5.34,HIP 94385
288.1922436,-50.48641932,6.13,HIP 94398
288.3069497,-25.9067869,5.765,HIP 94434
288.3146767,-12.28258065,5.51,HIP 94437
288.4279216,2.293697305,5.15,HIP 94477
288.4334666,5.515610708,6.49,HIP 94478
288.4395351,39.14596601,4.398,HIP 94481
288.4796451,57.70507956,5.003,HIP 94490
288.6648373,-45.19352749,5.909,HIP 94556
288.7612104,20.20311683,6.028,HIP 94598
288.8223372,21.23211741,5.642,HIP 94620
288.8299029,50.07112153,6.31,HIP 94623
288.8337093,15.08365272,5.571,HIP 94624
288.8535809,30.52638275,5.85,HIP 94630
288.8851405,-25.25668668,4.86,HIP 94643
288.8874388,73.35552175,4.45,HIP 94648
288.8884586,-24.17935318,6.237,HIP 94645
288.8890094,18.51634774,6.457,HIP 94646
288.9978725,27.92630174,6.153,HIP 94685
289.05433,21.39042903,4.77,HIP 94703
289.0905924,-45.46602891,5.371,HIP 94712
289.0920557,38.13374205,4.38,HIP 94713
289.111642,14.54461186,5.63,HIP 94720
289.1192169,-69.19082709,6.255,HIP 94724
289.1292976,4.834793457,5.569,HIP 94727
289.1365286,-33.52231673,6.25,HIP 94730
289.2521717,-65.22770291,6.39,HIP 94770
289.2757013,53.36845828,3.76,HIP 94779
289.3008145,-66.66095331,6.39,HIP 94789 
289.4086631,-18.95290625,4.878,HIP 94820
289.4318141,23.02553939,5.43,HIP 94827
289.4508077,2.031724556,6.174,HIP 94833
289.4541633,11.59542442,5.283,HIP 94834
289.5407554,-53.38708665,6.362,HIP 94858
289.6353982,1.085128208,5.28,HIP 94885
289.6577995,49.56945498,6.317,HIP 94890
289.7122825,0.339040996,6.404,HIP 94913
289.7198005,9.618068363,6.311,HIP 94916
289.7503998,-15.5365687,6.06,HIP 94929
289.7547876,37.44534493,6.26,HIP 94932
289.9018114,54.37599519,6.231,HIP 94974
289.9139501,12.37467936,5.518,HIP 94982
289.9166432,-35.4214593,5.579,HIP 94986
289.9711117,11.53496409,6.012,HIP 95002
290.0668273,57.64512154,5.91,HIP 95038
290.1371092,-5.415768031,4.99,HIP 95066
290.1377332,35.18596003,6.29,HIP 95067
290.1486932,-0.892159589,5.451,HIP 95073
290.1589506,-22.40254626,5.579,HIP 95077
290.1670478,65.71453187,4.59,HIP 95081
290.3738657,-34.98343231,6.48,HIP 95149
290.3979926,76.55959921,5.94,HIP 95154
290.4046398,-19.23445707,6.26,HIP 95159
290.4180415,79.60283612,6.06,HIP 95167
290.4181661,-17.84719859,3.93,HIP 95168
290.4317608,-15.95501742,4.61,HIP 95176
290.4620644,-18.30838925,5.845,HIP 95188
290.5396995,-42.01602787,6.338,HIP 95211
290.5897837,-0.252363443,5.811,HIP 95222
290.638973,33.51816225,6.084,HIP 95235
290.6572894,-51.23128052,6.42,HIP 95239
290.65958,-44.45895838,4.01,HIP 95241
290.7014623,9.913150222,6.346,HIP 95253
290.7120231,26.26240759,5.192,HIP 95260
290.7133587,-54.42392934,5.02,HIP 95261
290.7685353,-7.400617094,6.308,HIP 95281
290.8047399,-44.7997788,4.27,HIP 95294
290.9455407,20.26435965,6.393,HIP 95340
290.9715642,-40.6159372,3.943,HIP 95347
290.9854187,43.38816872,5.853,HIP 95352
291.0228224,-68.37108682,6.336,HIP 95369
291.0252264,36.45209375,6.43,HIP 95370
291.0315765,29.62133557,4.977,HIP 95372
291.0894725,-43.72206526,6.132,HIP 95396
291.0919672,16.93772139,6.247,HIP 95398
291.1257504,-27.86594152,6.011,HIP 95408
291.2563725,-4.884561099,6.499,HIP 95453
291.2668436,-29.30935775,5.93,HIP 95456
291.3187111,-24.50856711,5.009,HIP 95477
291.3399788,-13.89711758,5.71,HIP 95485
291.3432982,20.27172687,6.287,HIP 95487
291.3691778,19.79835283,5.16,HIP 95498
291.3735816,-23.96245367,5.43,HIP 95503
291.3745891,3.11477947,3.36,HIP 95501
291.5380289,36.31789782,5.15,HIP 95556
291.5460109,-15.05325146,5.706,HIP 95557
291.5551925,20.09773463,5.591,HIP 95560
291.5798218,-21.77669243,5.569,HIP 95564
291.6005613,13.02380308,5.754,HIP 95572
291.6104047,62.55716464,6.38,HIP 95576
291.6195271,19.89149495,5.87,HIP 95582
291.6295386,0.338570805,4.72,HIP 95585
291.7353458,-29.74322714,5.644,HIP 95619
291.8581638,52.32043827,5.75,HIP 95656
291.8912815,14.2824801,6.303,HIP 95664
291.9016527,37.94119642,6.34,HIP 95673
291.9504891,-54.32527183,5.688,HIP 95690
292.0866594,2.930032942,5.839,HIP 95732
292.1763747,24.66490585,4.45,HIP 95771
292.2378472,24.76868361,5.812,HIP 95785
292.2541123,1.950449118,5.783,HIP 95793
292.3250942,0.246074402,6.245,HIP 95812
292.3370738,20.27974044,6.326,HIP 95818
292.3423085,14.5960192,5.564,HIP 95822
292.3493479,-43.44519515,5.701,HIP 95823
292.4264926,51.72977792,3.755,HIP 95853
292.4674414,-26.98560541,5.49,HIP 95865
292.4692095,-55.44175143,6.127,HIP 95866
292.5438963,2.904073243,6.042,HIP 95898
292.638008,3.44440563,6.082,HIP 95929
292.644216,-55.11005281,6.285,HIP 95932
292.665987,-2.788887455,5.03,HIP 95937
292.680315,27.95967363,3.08,HIP 95947
292.6803507,27.9596928,3.2,HIP 95947
292.6803949,27.959617,5.15,HIP 95947
292.6891508,27.96527476,5.11,HIP 95951
292.6951186,36.22852499,6.258,HIP 95953
292.725194,-21.31223702,6.13,HIP 95965
292.7511263,70.98934191,6.062,HIP 95978
292.7957114,-68.43392024,5.961,HIP 95999
292.8064755,55.73183515,6.369,HIP 96003
292.8305449,50.30670511,5.54,HIP 96014
292.8400893,26.61717141,5.893,HIP 96016
292.9430077,34.45296873,4.72,HIP 96052
293.0583493,-44.54638402,6.48,HIP 96095
293.0899592,69.66117661,4.68,HIP 96100
293.2242663,-53.18561522,5.744,HIP 96141
293.2919529,60.15869107,6.29,HIP 96164
293.3400933,-45.27177627,5.583,HIP 96178
293.4233585,49.26231875,5.96,HIP 96198
293.4418001,5.465702709,6.48,HIP 96204
293.5223041,7.378940092,4.45,HIP 96229
293.5353567,-40.03463959,5.91,HIP 96234
293.6414226,-23.85883123,6.475,HIP 96274
293.6454044,19.77340063,5,HIP 96275
293.6719226,42.41251455,5.336,HIP 96288
293.6931256,63.43417189,6.46,HIP 96297
293.7122016,29.46296779,5.407,HIP 96302
293.7551418,52.50201661,6.38,HIP 96316
293.7802411,-10.56044267,5.12,HIP 96327
293.8041098,-48.09919905,4.879,HIP 96341
293.8547162,2.913606491,6.368,HIP 96351
293.87419,-7.460282809,6.325,HIP 96356
293.8894155,-12.25311416,6.271,HIP 96365
293.9512681,36.94454074,6.034,HIP 96387
293.9831077,50.2386174,6.46,HIP 96396
294.0068896,-24.71908064,5.64,HIP 96406
294.0347965,22.58576228,6.319,HIP 96417
294.0653437,14.39106614,6.364,HIP 96428
294.1086484,-18.85292175,6.12,HIP 96440
294.1105545,50.22110139,4.48,HIP 96441
294.1582369,44.69493377,5.169,HIP 96459
294.1768057,-24.88362087,4.598,HIP 96465
294.1803238,-1.286599615,4.36,HIP 96468
294.2185606,11.27320065,5.975,HIP 96481
294.2227037,-7.027479116,4.96,HIP 96483
294.2360391,38.3838247,6.5,HIP 96491
294.2639225,-18.23105477,5.642,HIP 96496
294.2900763,29.33370087,6.43,HIP 96503
294.3224711,16.46280368,5.659,HIP 96516
294.3933899,-14.30179949,5.451,HIP 96536
294.4200674,35.0225365,6.42,HIP 96546
294.4471578,-4.647640283,5.68,HIP 96556
294.486288,49.28439633,6.46,HIP 96572
294.5741245,20.78339206,6.488,HIP 96601
294.6081396,-57.98333711,6.187,HIP 96607
294.7041246,3.381526375,6.358,HIP 96630
294.79851,5.397772218,5.17,HIP 96665
294.8441913,30.15332147,4.673,HIP 96683
294.8555646,16.57112148,6.344,HIP 96688
294.8603859,42.81826141,5.4,HIP 96693
294.8939029,45.95743845,6.245,HIP 96706
294.9240808,-45.27855196,6.26,HIP 96721
294.9371893,33.97895124,6.09,HIP 96724
294.9560716,-23.42768201,6.321,HIP 96729
294.9674247,-66.68550653,6.37,HIP 96734
295.0241305,18.01389073,4.38,HIP 96757
295.0298533,-23.42908431,5.957,HIP 96760
295.0549851,60.50711018,6.5,HIP 96771
295.0779977,-54.41778935,6.26,HIP 96781
295.1714586,43.07782532,6.16,HIP 96805
295.1804876,-0.621222882,5.637,HIP 96807
295.1807626,-16.29327066,5.296,HIP 96808
295.2090977,45.52494115,5.06,HIP 96825
295.2622456,17.47604241,4.38,HIP 96837
295.2730346,13.81568061,5.99,HIP 96840
295.311037,22.45277316,6.391,HIP 96856
295.4052714,-65.85441414,6.074,HIP 96882
295.4539729,50.52506098,5.95,HIP 96895
295.4665528,50.51752473,6.2,HIP 96901
295.4900577,40.25416837,6.22,HIP 96907
295.5121756,-9.193655841,6.29,HIP 96917
295.5172792,55.46322155,6.48,HIP 96919
295.5533847,12.19326129,6.321,HIP 96931
295.6297208,-16.12399803,5.045,HIP 96950
295.6417012,11.82658397,5.31,HIP 96957
295.6417025,11.82658168,5.66,HIP 96957
295.6858583,32.42674231,5.925,HIP 96977
295.789991,30.67789071,6.075,HIP 97028
295.7948607,38.67171431,6.36,HIP 97029
295.8100776,58.01661719,6.295,HIP 97033
295.8897822,-15.47002115,5.49,HIP 97063
295.906743,-37.53876518,6.131,HIP 97067
295.9145678,57.04271593,6.282,HIP 97070
295.9288197,25.77192019,5.497,HIP 97077
295.9379023,41.77311102,5.84,HIP 97081
295.9643813,34.16272473,6.053,HIP 97087
295.9832173,27.13540548,6.364,HIP 97091
296.0691883,37.35435615,4.887,HIP 97118
296.0767408,69.33706261,5.899,HIP 97122
296.1424609,13.30277756,6.243,HIP 97139
296.1590542,34.41416252,6.35,HIP 97142
296.1720716,8.726535868,6.428,HIP 97144
296.2030589,29.2646932,6.44,HIP 97150
296.204332,40.7168042,6.37,HIP 97151
296.2432649,45.13041173,6.23,-
296.2436606,45.13081002,2.87,HIP 97165
296.4152295,36.09102929,6.379,HIP 97228
296.4164467,7.613157315,5.91,HIP 97229
296.4639828,35.0127518,6.098,HIP 97242
296.4676395,-2.883455854,6.48,HIP 97244
296.5051047,-31.90856839,5.512,HIP 97260
296.5649123,10.61325872,2.72,HIP 97278
296.5905813,-19.76111462,4.873,HIP 97290
296.6458743,32.88859152,6.179,HIP 97307
296.6860754,68.43798543,6.331,HIP 97326
296.84694,18.53431357,3.81,HIP 97365
296.8617785,47.90757047,6.12,HIP 97372
296.8657495,38.40761465,5.824,HIP 97376
296.9522546,25.38405872,6.001,HIP 97402
297.0049902,-56.36261101,5.33,HIP 97421
297.0126023,-13.70361424,6.083,HIP 97423
297.0431269,70.2679303,3.91,HIP 97433
297.1271424,10.69409717,6.457,HIP 97454
297.1752402,11.8158938,5.74,HIP 97473
297.175244,11.81589576,6.23,HIP 97473
297.2090538,-12.31941966,6.46,HIP 97484
297.2108248,33.43728404,6.463,HIP 97485
297.2295339,-52.8881098,6.25,HIP 97491
297.2444157,19.1420421,5.034,HIP 97496
297.2591839,-10.8707721,6.04,HIP 97499
297.2983794,-28.78897037,6.031,HIP 97515
297.3554288,-72.50337812,5.392,HIP 97534
297.364599,38.71014775,6.117,HIP 97538
297.472577,-66.81306778,6.422,HIP 97569
297.4780025,28.43967445,6.444,HIP 97572
297.482635,27.08518239,6.466,HIP 97573
297.5585816,-47.55738927,5.895,HIP 97598
297.5728284,7.902414879,6.478,HIP 97607
297.5906537,-61.06111821,6.206,HIP 97611
297.6413389,32.91404876,4.24,HIP 97629
297.6416477,38.72241809,5.12,HIP 97630
297.6555282,40.59975976,5.68,HIP 97634
297.6571814,52.98799732,5.03,HIP 97635
297.6949326,-10.76350929,5.39,HIP 97650
297.6953024,37.82632514,6.06,HIP 97651
297.6958273,8.8683212,0.76,HIP 97649
297.7551521,-65.60508829,6.022,HIP 97674
297.767118,22.61004805,4.96,HIP 97679
297.7962413,-2.460987995,6.13,HIP 97687
297.8238669,9.629892867,6.233,HIP 97697
297.8307457,47.37723628,6.215,HIP 97700
297.9608778,-39.87437175,5.33,HIP 97749
297.9961198,47.02733863,5.63,HIP 97757
298.006643,24.99216318,5.57,HIP 97765
298.0298593,47.93179495,5.897,HIP 97774
298.0500172,-19.04500231,5.896,HIP 97783
298.0683914,36.43229357,6.1,HIP 97789
298.0906872,18.67187537,6.23,HIP 97796
298.1182038,1.005658883,3.8,HIP 97804
298.1571715,-54.97102777,5.705,HIP 97816
298.16305,-54.97644435,6.366,HIP 97819
298.2551931,47.80772046,6.279,HIP 97845
298.2766084,-14.60319111,6.48,HIP 97849
298.322409,57.52347414,5.132,HIP 97870
298.3280655,-3.114462099,5.619,HIP 97871
298.3653988,24.07961337,4.64,HIP 97886
298.397619,59.70865814,6.058,HIP 97892
298.5344857,-8.574210875,5.79,HIP 97928
298.5620063,8.461454288,4.707,HIP 97938
298.5739373,-23.94107205,6.213,HIP 97944
298.6294713,24.31935886,5.52,HIP 97961
298.6568853,-8.227289317,5.71,HIP 97966
298.6585965,-8.237053356,6.44,HIP 97967
298.6675,7.140353083,6.127,HIP 97970
298.6685026,-61.17079144,6.205,HIP 97971
298.6866452,0.273625101,5.631,HIP 97980
298.7010463,36.99567628,5.781,HIP 97985
298.7712699,-33.04625119,6.47,HIP 98012
298.8153948,-41.86830446,4.13,HIP 98032
298.8283035,6.406764234,3.71,HIP 98036
298.8419411,58.25019202,6.1,HIP 98044
298.9074524,52.43893902,5.02,HIP 98055
298.959844,-26.29935925,4.7,HIP 98066
298.9656705,38.48671912,4.946,HIP 98068
298.9807445,58.84596863,4.96,HIP 98073
298.9851403,-29.19003573,6.15,HIP 98077
299.0052621,16.63479502,5.36,HIP 98085
299.0070789,-81.34984084,6.383,HIP 98086
299.059383,11.42372252,5.278,HIP 98103
299.0765493,35.08342289,3.88,HIP 98110
299.0793756,56.68700913,6.16,HIP 98111
299.1839259,36.25059582,6.009,HIP 98143
299.1882195,50.90252185,6.455,HIP 98146
299.2368029,-27.16989701,4.528,HIP 98162
299.2762883,-58.90135171,5.241,HIP 98174
299.3077817,40.36782588,5.455,HIP 98194
299.4393561,16.78916058,5.534,HIP 98234
299.4838063,42.2607715,6.45,HIP 98253
299.4876227,-15.49146815,4.998,HIP 98258
299.6197084,63.5341142,6.15,HIP 98308
299.6582583,30.98366079,5.502,HIP 98325
299.6720445,-69.16395565,5.724,HIP 98332
299.6743737,70.36695173,6.323,HIP 98333
299.6892843,19.49214613,3.47,HIP 98337
299.720771,-68.76258273,6.374,HIP 98346
299.7351157,-30.53838958,6.28,HIP 98351
299.7383424,-26.19576248,4.846,HIP 98353
299.7939029,23.10127893,5.66,HIP 98375
299.8002288,11.30556844,6.5,HIP 98377
299.813945,52.05569134,6.125,HIP 98379
299.8351002,45.77254158,5.933,HIP 98383
299.8443437,1.377700901,6.18,HIP 98385
299.9026125,76.48139341,6.2,HIP 98401
299.9340791,-35.27630832,4.37,HIP 98412
299.9470012,-9.958231788,5.87,HIP 98416
299.9639877,-34.69779949,5.299,HIP 98421
299.9799808,37.04288546,5.19,HIP 98425
300.013783,17.51650792,5.35,HIP 98438
300.063997,26.18788575,6.494,HIP 98458
300.0663871,-37.7017226,5.948,HIP 98461
300.0843724,-33.70345127,5.66,HIP 98470
300.0962228,-66.9494212,5.76,HIP 98478
300.105533,-49.35094497,6.176,HIP 98482
300.1103583,-43.04330427,6.097,HIP 98485
300.1481314,-72.9105036,3.94,HIP 98495
300.201349,-45.11292331,5.781,HIP 98512
300.2457343,8.557736371,5.91,HIP 98526
300.2752024,27.75357302,4.651,HIP 98543
300.3137827,37.09899791,6.214,HIP 98563
300.3398474,50.10469328,5.048,HIP 98571
300.3493613,-22.7373089,5.999,HIP 98575
300.361578,-40.81433442,6.306,HIP 98579
300.3689348,64.82097633,5.27,HIP 98583
300.436293,24.80041597,5.87,HIP 98609
300.4364357,-59.3758963,5.13,HIP 98608
300.4685907,-66.94396435,5.331,HIP 98624
300.494164,-13.63721529,5.69,HIP 98633
300.5059724,24.93803724,5.79,HIP 98636
300.5061972,24.93791293,6.15,HIP 98636
300.5842378,64.63442008,6.25,HIP 98658
300.6645021,-27.70984435,4.58,HIP 98688
300.7033893,31.95883134,6.378,HIP 98701
300.7044619,67.87356411,4.5,HIP 98702
300.8183317,18.50099334,5.968,HIP 98738
300.8750615,16.03125231,5.658,HIP 98754
300.8894443,-37.94068496,4.764,HIP 98761
300.9116624,22.94105416,6.42,HIP 98772
300.9346251,-22.5955973,6.428,HIP 98785
301.0259199,17.07018793,5.788,HIP 98819
301.0346453,7.277964388,5.508,HIP 98823
301.0816375,-32.05629631,4.99,HIP 98842
301.0964616,-0.709308496,5.68,HIP 98844
301.1199836,48.2296672,6.14,HIP 98858
301.1507262,32.21859815,5.65,HIP 98863
301.1854933,63.89020481,6.284,HIP 98872
301.2224688,68.02716005,6.28,HIP 98890
301.2725567,-11.59941516,6.39,HIP 98910
301.278156,51.83939777,6.14,HIP 98915
301.2895539,19.99107302,5.093,HIP 98920
301.339553,56.34141907,6.18,HIP 98946
301.3606091,15.50042875,6.34,HIP 98954
301.3865229,-67.32089615,6.07,HIP 98959
301.3869915,61.9954203,5.408,HIP 98962
301.5508967,-4.078196625,6.469,HIP 99024
301.722532,23.61442478,5.056,HIP 99080
301.8464894,-52.88079278,4.94,HIP 99120
301.8962109,-55.01601367,6.25,HIP 99137
301.9226702,34.42290676,6.141,HIP 99145
302.0075931,-0.678184624,5.968,HIP 99171
302.0270924,16.6643874,6.4,HIP 99176
302.0397897,-52.57779576,6.46,HIP 99188
302.0853061,-66.35469286,6.46,HIP 99200
302.1302974,-10.06259531,6.174,HIP 99221
302.1594947,10.72586742,6.339,HIP 99234
302.1817036,-66.18206744,3.56,HIP 99240
302.2222864,77.71142099,4.4,HIP 99255
302.2660424,-47.06792845,6.457,HIP 99270
302.3431603,56.02682734,6.49,HIP 99294
302.3567461,36.83962054,4.93,HIP 99303
302.6397383,26.90416796,5.507,HIP 99404
302.7647575,21.13457898,6.24,HIP 99445
302.7919905,-8.842344712,6.49,HIP 99457
302.7997449,-36.10120881,5.32,HIP 99461
302.8261945,-0.821463594,3.22,HIP 99473
302.8375701,21.87493637,6.269,HIP 99479
302.8952992,62.07854771,5.7,HIP 99500
302.9498915,26.80899109,5.487,HIP 99518
302.9912419,-12.39240204,6.34,HIP 99529
303.002923,26.4788066,5.92,HIP 99531
303.0993338,-42.7800599,6.191,HIP 99570
303.107794,-12.61749753,5.85,HIP 99572
303.1321566,51.46356499,6.043,HIP 99579
303.3078535,-1.009363387,5.47,HIP 99631
303.3252244,46.81567526,4.819,HIP 99639
303.3485904,38.72901945,6.5,HIP 99653
303.3494419,56.56772314,4.271,HIP 99655
303.3650679,60.64056952,5.78,HIP 99663
303.3848699,-47.71322105,6.47,HIP 99666
303.407951,46.74132267,3.8,HIP 99675
303.4283891,43.37901139,6.14,HIP 99685
303.520339,36.60488278,6.464,HIP 99719
303.5605397,28.69481717,5.189,HIP 99738
303.5692445,15.19760734,4.946,HIP 99742
303.5792719,-52.44576537,5.632,HIP 99747
303.6121096,-63.4157891,6.086,HIP 99762
303.6334681,36.80630581,4.99,HIP 99770
303.8162336,25.59196191,4.75,HIP 99824
303.8224641,-27.03297545,5.723,HIP 99825
303.8490363,33.72908588,5.698,HIP 99841
303.8680176,47.71422609,3.98,HIP 99848
303.8759943,23.50890307,5.176,HIP 99853
303.9302227,50.23291052,6.36,HIP 99870
303.9422633,27.81419889,4.52,HIP 99874
303.9608842,-30.00527459,6.275,HIP 99878
304.0025647,45.57952502,5.864,HIP 99889
304.0142762,38.89800654,6.275,HIP 99893
304.0250157,4.580794438,6.446,HIP 99894
304.0824507,21.59870233,6.11,HIP 99913
304.0950241,-12.3371194,6.299,HIP 99918
304.0983788,-36.45357419,6.4,HIP 99920
304.1173106,37.05639635,6.448,HIP 99929
304.1961928,24.67110133,5.302,HIP 99951
304.2303571,40.3650759,5.236,HIP 99968
304.2518466,8.963224398,6.49,HIP 99985
304.3710689,42.72206194,6.273,HIP 100016
304.3813743,29.14756227,6.22,HIP 100018
304.4119547,-12.50821219,4.27,HIP 100027
304.4466749,38.03293031,4.82,HIP 100044
304.5058204,-21.80995838,5.851,HIP 100062
304.513565,-12.54485212,3.58,HIP 100064
304.5291175,40.73208337,5.84,HIP 100069
304.6031278,55.39709615,6,HIP 100097
304.6193967,36.99980421,5.58,HIP 100108
304.6628,34.98277055,5.162,HIP 100122
304.7069498,46.32219298,6.443,HIP 100142
304.7332465,-47.71077893,6.28,HIP 100151
304.7397383,39.00418466,6.36,HIP 100155
304.7624974,-63.23074217,6.279,HIP 100165
304.824382,-47.58029035,6.13,HIP 100184
304.8483512,-19.11852538,5.265,HIP 100195
304.8720665,13.21676585,6.21,HIP 100208
304.9024776,47.89419352,5.9,HIP 100219
304.90303,62.25744377,5.709,HIP 100221
304.9302698,-1.078512783,6.042,HIP 100232
304.9835103,46.83731794,6.478,HIP 100250
305.0007861,13.54808849,5.938,HIP 100256
305.0250487,68.88031783,5.55,HIP 100261
305.0634076,39.40321385,6.33,HIP 100268
305.0855142,14.56925573,6.17,HIP 100274
305.0891947,17.79292617,5.808,HIP 100276
305.1276718,53.59568767,6.197,HIP 100295
305.1346417,-55.05088436,6.259,HIP 100300
305.1658991,-12.75908063,4.76,HIP 100310
305.1939496,-14.78488992,6.1,HIP 100325
305.2162368,-35.67367528,6.463,HIP 100332
305.2527775,-14.7814076,3.08,HIP 100345
305.2980177,63.98011739,5.69,HIP 100357
305.367732,-66.74968927,6.5,HIP 100379
305.4209855,-49.99941669,6.28,HIP 100412
305.5127301,41.13213666,6.383,HIP 100434
305.5142934,24.44610139,5.56,HIP 100435
305.5223652,45.79499935,5.572,HIP 100437
305.557091,40.25667916,2.23,HIP 100453
305.6145927,-42.049562,5.59,HIP 100469
305.6554458,31.26496492,6.072,HIP 100486
305.6887317,41.02601254,5.93,HIP 100501
305.7182051,14.55109758,6.152,HIP 100511
305.7313837,42.98354367,6.3,HIP 100515
305.7532909,-9.654710523,6.283,HIP 100524
305.7945558,5.342981663,5.301,HIP 100541
305.934871,37.47644707,5.9,HIP 100574
305.9650575,32.19013379,4.44,HIP 100587
305.9715694,-42.42287155,5.64,HIP 100591
305.9715879,-42.42284322,5.93,HIP 100591
306.134858,53.55192783,6.479,HIP 100651
306.1562424,1.068404843,6.136,HIP 100664
306.1739882,1.368564559,6.42,HIP 100672
306.2288238,-83.31061948,6.142,HIP 100697
306.2708691,59.60009889,6.441,HIP 100714
306.3617811,-28.66326383,5.858,HIP 100738
306.4119044,-56.73508973,1.918,HIP 100751
306.4188708,21.40964412,5.672,HIP 100754
306.4271857,-2.800374563,6.1,HIP 100758
306.43381,10.05600067,6.307,HIP 100762
306.4496952,-40.79618484,6.08,HIP 100764
306.5048675,19.86549313,6.444,HIP 100779
306.5066574,13.91161255,6.35,HIP 100781
306.5964783,17.31555944,6.222,HIP 100807
306.5978075,56.63869462,6.369,HIP 100808
306.7594479,49.38336233,5.715,HIP 100859
306.7823918,34.32906966,6.398,HIP 100866
306.8091256,20.4764867,6.43,HIP 100876
306.8300078,-18.21169401,5.14,HIP 100881
306.892746,38.44035066,5.62,HIP 100907
307.031415,8.4374481,6.229,HIP 100953
307.0607659,81.42270827,5.368,HIP 100965
307.0699266,2.937230696,6.195,HIP 100969
307.1037687,-3.357791265,6.117,HIP 100977
307.1816244,-15.74149703,6.41,HIP 101011
307.194765,-35.595863,6.077,HIP 101017
307.2150616,-17.81368308,4.93,HIP 101027
307.2622479,83.62541793,6.19,HIP 101044
307.3349589,36.45472715,5.899,HIP 101067
307.3488981,30.36855529,4.01,HIP 101076
307.3629619,56.06819172,5.912,HIP 101084
307.3805911,-22.3915653,6.126,HIP 101090
307.3954386,62.99411033,4.22,HIP 101093
307.4125002,-2.885528157,4.9,HIP 101101
307.4746229,-18.58318352,5.897,HIP 101123
307.5029919,72.53170115,6.221,HIP 101134
307.5147539,48.95156682,4.936,HIP 101138
307.574836,10.89592314,6.08,HIP 101160
307.5748413,10.89592698,6.2,HIP 101160
307.7366653,-29.11266149,6.343,HIP 101211
307.7423121,20.6061488,6.2,HIP 101213
307.7467878,36.93583988,6.216,HIP 101214
307.7679439,-15.05616538,6.11,HIP 101221
307.8284023,49.2202955,5.44,HIP 101243
307.8381307,52.30952336,6.207,HIP 101245
307.8766946,74.95462607,5.185,HIP 101260
307.9010989,34.33037237,6.467,HIP 101268
307.9437891,56.77986268,6.141,HIP 101285
307.9926218,25.80496962,6.362,HIP 101300
308.085058,2.132804373,6.46,HIP 101339
308.0987279,-9.853384506,5.65,HIP 101345
308.2181658,-24.94382608,6.339,HIP 101384
308.3032203,11.30326639,4.03,HIP 101421
308.3234859,-80.96488735,5.767,HIP 101427
308.4757837,35.25084418,4.636,HIP 101474
308.4785148,46.69385208,5.769,HIP 101475
308.4794691,-44.51604562,5.118,HIP 101477
308.4876748,13.02720387,5.38,HIP 101483
308.499683,4.898662483,6.418,HIP 101489
308.5415971,20.98518641,6.47,HIP 101505
308.5487353,-13.72109127,6.116,HIP 101507
308.6974663,-30.47347074,6.402,HIP 101552
308.7100149,51.85422268,6.18,HIP 101556
308.7311499,-38.08989127,6.432,HIP 101558
308.7761305,-71.18877941,6.4,HIP 101570
308.8272342,14.67421499,4.647,HIP 101589
308.8844019,-16.52587563,6.177,HIP 101608
308.8952086,-60.58174912,4.745,HIP 101612
308.9492019,-44.3376105,6.37,HIP 101623
308.9654995,-69.61058352,6.084,HIP 101626
309.0347449,25.88265707,6.406,HIP 101641
309.1598255,-63.12096791,6.34,HIP 101684
309.181805,-2.549954643,4.88,HIP 101692
309.2694684,26.46194622,5.583,HIP 101716
309.3265893,0.096959383,6.211,HIP 101746
309.3482671,38.32866656,6.202,HIP 101756
309.382407,31.57253969,6.304,HIP 101765
309.3862906,31.52191088,6.496,HIP 101768
309.3872554,14.59508875,3.63,HIP 101769
309.3918007,-47.29150145,3.11,HIP 101772
309.3971353,-61.52992114,4.849,HIP 101773
309.4546657,11.37767523,5.418,HIP 101800
309.4676211,-25.10921599,6.377,HIP 101808
309.4780321,18.26858187,5.89,HIP 101810
309.5775265,-81.28906281,5.889,HIP 101843
309.5845187,-1.10511725,4.33,HIP 101847
309.6305785,21.20116256,4.82,HIP 101867
309.632977,24.11595912,5.049,HIP 101868
309.6457963,23.6804964,5.929,HIP 101870
309.6832772,13.31512652,5.71,HIP 101882
309.7479857,30.33426695,5.673,HIP 101899
309.7507555,56.00484843,6.45,HIP 101900
309.7707002,15.83819755,5.98,HIP 101909
309.7744174,-4.929514885,6.45,HIP 101911
309.7943701,21.81744234,6.075,HIP 101919
309.8052116,-2.412974801,6.22,HIP 101921
309.8180114,-14.95477306,5.38,HIP 101923
309.8537196,0.486431945,5.153,HIP 101936
309.9094985,15.91216001,3.8,HIP 101958
309.9656602,-62.90781653,6.225,HIP 101965
309.9661452,11.24963895,6.385,HIP 101966
310.0109895,-60.54889405,5.121,HIP 101983
310.0122681,-18.13865741,5.1,HIP 101984
310.0131634,43.4588776,5.965,HIP 101986
310.0489796,-23.77386628,6.37,HIP 101997
310.0826163,-33.43184615,5.466,HIP 102014
310.1354939,-16.12417635,5.799,HIP 102026
310.1495937,-26.64515895,6.5,HIP 102032
310.1511574,29.80555327,6.03,HIP 102033
310.1880863,19.93553614,6.44,HIP 102040
310.2317736,-42.39668859,6.26,HIP 102057
310.2515054,39.08232852,6.497,HIP 102062
310.2605926,32.30728852,5.638,HIP 102066
310.3175331,14.58287795,5.998,HIP 102080
310.3485736,-31.59828707,5.74,HIP 102092
310.3510904,-25.99991055,6.29,HIP 102094
310.3527687,-42.13378018,6.35,HIP 102096
310.3579798,45.28033881,1.25,HIP 102098
310.4337568,-75.35080084,6.44,HIP 102125
310.4854228,41.71687448,5.664,HIP 102155
310.4878189,-66.76068072,5.134,HIP 102157
310.4923522,17.52149012,6.238,HIP 102158
310.5124469,-76.18059206,5.977,HIP 102162
310.5526272,50.3400186,5.401,HIP 102177
310.6468172,82.53115697,5.75,HIP 102208
310.6653585,60.60131767,6.16,HIP 102216
310.7206729,-39.55883056,6.289,HIP 102230
310.7959214,66.65744732,5.6,HIP 102253
310.8070154,57.11399188,6.334,HIP 102258
310.8507988,35.58779921,6.47,HIP 102276
310.8647231,15.07457868,4.417,HIP 102281
311.0097249,-51.92097035,4.495,HIP 102333
311.0918821,56.4884052,5.95,HIP 102358
311.1376272,69.75181247,6.48,HIP 102370
311.2188031,25.27062987,4.91,HIP 102388
311.2395566,-66.20321158,3.408,HIP 102395
311.304668,-27.24728015,6.492,HIP 102414
311.3223965,61.83878173,3.41,HIP 102422
311.3380386,57.57971652,4.51,HIP 102431
311.3676489,18.09003843,6.38,HIP 102440
311.415638,30.71971454,4.23,HIP 102453
311.5238875,-25.27089819,4.122,HIP 102485
311.5416167,-21.51403602,5.902,HIP 102487
311.5528012,33.97032834,2.48,HIP 102488
311.5775275,-36.12015283,6.481,HIP 102496
311.5836158,-39.19926638,5.47,HIP 102497
311.5883532,52.9952986,6.341,HIP 102499
311.6608044,46.53169012,6.303,HIP 102530
311.661921,16.12412827,4.96,HIP 102531
311.6645826,16.12429395,4.25,HIP 102532
311.7648396,-2.486908635,6.26,HIP 102561
311.7948014,34.3741225,4.93,HIP 102571
311.8365339,45.57993436,6.411,HIP 102585
311.852215,36.49069443,4.76,HIP 102589
311.8522403,36.49071491,4.54,HIP 102589
311.8522574,36.49096451,6.25,HIP 102589
311.8893955,80.55225997,5.371,HIP 102599
311.9189566,-9.495776927,3.77,HIP 102618
311.934327,-5.027701148,4.44,HIP 102624
311.9494947,3.30646661,6.4,HIP 102631
311.9513875,6.008208667,5.64,HIP 102633
311.9553603,47.83186804,5.586,HIP 102635
312.0768155,-44.19683298,6.477,HIP 102670
312.1214697,-43.98848406,5.1,HIP 102693
312.2345483,46.11413435,4.86,HIP 102724
312.3218241,-0.563337181,6.36,HIP 102770
312.3224621,64.04225861,6.451,HIP 102771
312.3233879,-25.78124433,5.849,HIP 102772
312.3257146,-68.77652113,5.407,HIP 102773
312.3355955,-18.03585624,6.193,HIP 102780
312.3706774,-46.22682698,4.882,HIP 102790
312.4073638,12.54512747,5.991,HIP 102805
312.4510847,7.864186844,6.318,HIP 102819
312.4776754,46.6613367,6.333,HIP 102827
312.4920044,-33.77970399,4.89,HIP 102831
312.496219,5.544585579,6.188,HIP 102833
312.6740697,-12.5449022,5.872,HIP 102891
312.6964515,-32.05460473,6.405,HIP 102901
312.753159,-37.91333116,5.5,HIP 102916
312.8572844,-5.62663108,6.07,HIP 102945
312.8572878,-5.626633419,6.4,HIP 102945
312.8676599,28.25050545,5.77,HIP 102949
312.8752124,-51.60817858,5.044,HIP 102950
312.9104534,-62.42932812,5.65,HIP 102962
312.9553772,-26.91913485,4.12,HIP 102978
312.994841,-33.17797364,6.055,HIP 102989
313.0016222,32.84889709,6.44,HIP 102993
313.0320425,27.0969442,4.568,HIP 103004
313.0362243,-5.507058186,5.554,HIP 103005
313.1634619,-8.983327395,4.72,HIP 103045
313.2733254,-11.57365407,6.389,HIP 103077
313.280698,29.64909852,6.355,HIP 103079
313.311495,44.3872633,4.77,HIP 103089
313.3273715,45.18168078,5.462,HIP 103094
313.3540028,-30.71895299,6.342,HIP 103103
313.4174391,-39.80986368,5.334,HIP 103127
313.4745487,33.43789256,5.47,HIP 103145
313.4932793,-6.889459356,6.434,HIP 103154
313.5273708,-27.9252373,6.409,HIP 103168
313.6401632,28.05762369,5.01,HIP 103200
313.646282,-50.72734256,6.219,HIP 103206
313.6847969,75.92557254,5.988,HIP 103219
313.6992352,-17.92289458,5.782,HIP 103226
313.7024921,-58.45414476,3.65,HIP 103227
313.9028708,13.72153627,5.182,HIP 103294
313.9107077,12.56857706,5.54,HIP 103298
313.9194923,4.53272137,6.05,HIP 103301
313.9575166,47.41765669,5.64,HIP 103312
314.0708815,56.88751765,6.218,HIP 103346
314.1061562,50.72859675,5.82,HIP 103359
314.107898,49.19583119,5.913,HIP 103360
314.1449079,44.92472247,5.96,HIP 103371
314.1972153,-26.29637787,5.7,HIP 103389
314.2251107,-9.697541799,5.48,HIP 103401
314.2934114,41.16713095,3.94,HIP 103413
314.2940728,0.46377989,6.047,HIP 103414
314.4193535,-16.03153898,5.869,HIP 103460
314.5681277,22.32590735,5.288,HIP 103511
314.5811099,44.47170581,5.547,HIP 103519
314.6080564,10.83928635,5.506,HIP 103527
314.6251411,50.46178914,5.9,HIP 103530
314.6289748,41.93992549,6.156,HIP 103532
314.6743328,-14.48312505,5.963,HIP 103545
314.7684236,4.293559756,6.31,HIP 103569
314.7686751,4.293505178,5.96,HIP 103569
314.8525807,42.3244637,6.465,HIP 103596
314.8557696,59.43860015,5.526,HIP 103598
314.9005817,-19.03527855,6.25,HIP 103616
314.9564755,47.52093437,4.75,HIP 103632
314.9987192,-36.12963847,6.096,HIP 103646
315.0166244,7.516188253,5.995,HIP 103652
315.0895123,-51.26531341,5.761,HIP 103673
315.115368,19.32958138,5.702,HIP 103675
315.1410035,-4.73025963,6.192,HIP 103682
315.1809271,-53.73906902,6.26,HIP 103693
315.2156907,-17.53089521,6.05,HIP 103703
315.2955323,46.15577644,5.432,HIP 103732
315.3036032,36.02601183,5.997,HIP 103734
315.3227848,-32.2577301,4.654,HIP 103738
315.3667421,-68.20960768,6.36,HIP 103752
315.438664,-26.88099818,6.037,HIP 103777
315.5873254,39.50903291,6.44,HIP 103822
315.6008323,44.79097928,6.23,HIP 103828
315.6131894,-38.53096957,5.94,HIP 103836
315.7025812,45.84889105,6.486,HIP 103871
315.7414708,-38.63144437,5.305,HIP 103882
315.7484452,-0.924744935,6.488,HIP 103889
315.7574783,14.73002685,6.329,HIP 103891
315.7701647,38.65741384,6.097,HIP 103894
315.792456,-27.73159231,6.26,HIP 103902
315.8587092,50.35191528,6.364,HIP 103929
315.9311111,46.86313706,6.31,HIP 103949
315.9484267,53.28591168,5.918,HIP 103956
315.967232,41.62817456,6.324,HIP 103963
316.019685,-5.823059619,5.8,HIP 103981
316.1012369,-19.85509188,4.84,HIP 104019
316.1443817,5.502864354,5.585,HIP 104031
316.1735022,2.942274269,6.413,HIP 104041
316.1794278,-77.02376836,5.15,HIP 104043
316.189065,2.269779335,6.349,HIP 104048
316.2327497,43.92785335,3.73,HIP 104060
316.3093697,-54.72704156,5.163,HIP 104085
316.3719404,78.12639144,5.907,HIP 104105
316.4867853,-17.23286284,4.07,HIP 104139
316.5047418,-30.12514534,5.687,HIP 104148
316.5970914,71.4317978,5.877,HIP 104171
316.5978325,26.92436084,6.13,HIP 104172
316.6028221,-32.34161896,5.196,HIP 104174
316.6063326,-41.38596449,5.505,HIP 104177
316.6260175,31.18465636,5.82,HIP 104185
316.6503893,47.64840339,4.514,HIP 104194
316.6660095,3.80311853,6.487,HIP 104202
316.7247483,38.74941732,5.21,HIP 104214
316.730266,38.74204403,6.03,HIP 104217
316.7819507,-25.00585264,4.5,HIP 104234
316.890182,15.65865759,6.26,HIP 104281
316.9355526,-45.37945646,6.44,HIP 104296
316.9362263,-17.45590132,6.17,HIP 104297
317.1172452,6.989359656,6.18,HIP 104357
317.1362307,-63.92825957,5.75,HIP 104364
317.1401043,-21.19367071,5.316,HIP 104365
317.1620406,30.20563553,5.71,HIP 104371A
317.1952649,-88.95649954,5.42,HIP 104382
317.343013,-36.7058638,6.46,HIP 104441
317.3436067,-73.17281682,5.67,HIP 104440
317.3874969,-20.55666083,6.242,HIP 104452
317.3985347,-11.3716904,4.52,HIP 104459
317.4927688,2.943697109,6.43,HIP 104481
317.5648888,53.56310078,5.747,HIP 104516
317.585417,10.1315811,4.68,HIP 104521
317.6304835,10.04891338,6.057,HIP 104538
317.6955819,-9.354073767,6.267,HIP 104557
317.8372338,-72.54435622,6.186,HIP 104597
317.9222427,-14.47237689,6.445,HIP 104634
317.9510613,59.98656486,6.09,HIP 104642
318.0571367,-40.26936139,5.83,HIP 104680
318.2341083,30.22689868,3.21,HIP 104732
318.2627845,-39.42491937,5.26,HIP 104738
318.3221971,-27.61936407,5.388,HIP 104750
318.3290064,-36.42352823,5.954,HIP 104752
318.3354342,-70.12625471,5.071,HIP 104755
318.339936,81.23096966,6.12,HIP 104756
318.3601062,36.63326084,6.071,HIP 104765
318.3699533,15.98242209,6.252,HIP 104771
318.427011,64.40395283,6.39,HIP 104788
318.5428503,29.90096082,6.166,HIP 104822
318.6200638,10.00697941,4.49,HIP 104858
318.6543706,0.092255603,6.39,HIP 104872
318.6978855,38.04531782,3.73,HIP 104887
318.777574,-17.34517878,6.037,HIP 104914
318.8099503,-40.50606361,6.212,HIP 104925
318.9049088,47.97399554,6.441,HIP 104962
318.9079148,-20.65169521,5.152,HIP 104963
318.9268682,77.01229692,5.898,HIP 104968
318.9368431,-15.17150134,5.317,HIP 104974
318.9410961,-53.26308879,5.719,HIP 104978
318.9449369,-36.21070914,6.14,HIP 104980
318.9559882,5.247891952,3.933,HIP 104987
319.0713711,44.23823095,6.37,HIP 105017
319.0740558,-9.21466516,6.46,HIP 105019
319.1234107,42.25179014,6.21,HIP 105034
319.1644638,-1.607767506,6.479,HIP 105046
319.2585528,53.99769288,6.13,HIP 105064
319.3063958,-13.27897168,6.402,HIP 105079
319.3093639,55.79800166,5.975,HIP 105080
319.328287,58.61148353,6.425,HIP 105091
319.3465942,42.68357199,6.159,HIP 105101
319.3539678,39.39467973,4.24,HIP 105102
319.4795244,34.89689596,4.42,HIP 105138
319.4845255,-32.17254768,4.708,HIP 105140
319.4886936,-17.98513863,5.383,HIP 105143
319.50204,-64.68158036,6.313,HIP 105148
319.5461362,-4.519479895,5.812,HIP 105164
319.6132759,43.94594421,5,HIP 105186
319.6351039,61.18439634,6.49,HIP 105193
319.6448847,62.58557446,2.46,HIP 105199
319.7167789,11.20338078,5.951,HIP 105224
319.7257475,-28.76581889,6.4,HIP 105228
319.730539,41.04051916,6.15,HIP 105229
319.8153551,58.62350674,5.75,HIP 105259
319.8424131,38.23746356,5.882,HIP 105269
319.8425866,64.87185701,5.18,HIP 105268
319.8697935,49.51029453,5.74,HIP 105282
319.9666227,-53.44942608,4.483,HIP 105319
320.0395146,-45.02189129,6,HIP 105334
320.0586609,22.02617841,6.282,HIP 105344
320.1393635,60.75640762,6.104,HIP 105370
320.190081,-40.80961671,4.82,HIP 105382
320.2085555,32.45221695,5.68,HIP 105390
320.2679972,-4.56012486,5.848,HIP 105412
320.2701082,7.354504324,5.798,HIP 105413
320.3191693,-49.93824762,6.38,HIP 105425
320.3414065,32.61273565,6.037,HIP 105432
320.5017423,49.38884725,5.671,HIP 105497
320.5216646,19.80451042,4.09,HIP 105502
320.5616499,-16.83454389,4.27,HIP 105515
320.6752421,30.30988332,6.06,HIP 105558
320.7233893,6.811139838,5.148,HIP 105570
320.7344103,-9.319328025,5.965,HIP 105574
320.7520612,-22.66904678,5.6,HIP 105576
320.9516184,37.35147822,6.43,HIP 105637
320.9828957,-25.20248422,6.47,HIP 105646
320.9951097,24.27413623,5.688,HIP 105652
321.0310388,25.31242915,6.19,HIP 105660
321.0330397,-22.74708315,6.373,HIP 105662
321.0399717,-20.8518699,5.366,HIP 105665
321.0478825,-12.87810896,5.476,HIP 105668
321.0697914,-69.73387785,6.41,HIP 105678
321.0868492,-46.61470558,6.293,HIP 105685
321.0963917,24.52839226,6.339,HIP 105689
321.1023488,10.17422155,6.317,HIP 105695
321.1034082,-41.00669537,5.775,HIP 105696
321.1416895,26.17455867,5.658,HIP 105703
321.2064663,80.52482454,5.965,HIP 105727
321.2153134,-3.3983562,6.375,HIP 105729
321.3042624,-9.748557179,5.713,HIP 105761
321.320657,-3.556746335,5.469,HIP 105767
321.3251944,-71.79905873,6.09,HIP 105768
321.3314536,46.71434132,5.58,HIP 105769
321.4459379,36.6673845,5.94,HIP 105811
321.4649367,0.53434289,6.45,HIP 105819
321.56433,-54.66045878,6.082,HIP 105841
321.5953104,-37.82943051,5.62,HIP 105854
321.6108541,-65.36619807,4.22,HIP 105858
321.6110879,19.37564172,6.064,HIP 105860
321.6667944,-22.41132035,3.74,HIP 105881
321.687374,52.89853623,5.987,HIP 105891
321.7150914,48.83516661,5.31,HIP 105898
321.8117571,-21.19621435,5.76,HIP 105928
321.8390245,37.11679614,5.293,HIP 105942
321.8553203,59.75007706,6.129,HIP 105949
321.9169071,27.60859443,5.379,HIP 105966
321.9422576,66.80909698,5.41,HIP 105972
322.1034924,8.195647706,6.41,HIP 106021
322.1649869,70.56071519,3.23,HIP 106032
322.1808363,-21.80717976,4.5,HIP 106039
322.1871894,-69.50538406,5.62,HIP 106044
322.219746,55.41870773,6.127,HIP 106052
322.2490529,22.17943915,5.95,HIP 106062
322.2496577,17.90591197,6.401,HIP 106064
322.2506112,-53.70591202,6.38,HIP 106065
322.265589,-31.23855992,6.5,HIP 106067
322.3622907,46.54058555,5.217,HIP 106093
322.3937315,6.581378328,6.41,HIP 106103
322.4870602,23.63884029,4.509,HIP 106140
322.5847113,52.95799564,6.007,HIP 106171
322.7470485,60.45943182,5.522,HIP 106227
322.7901224,12.13747571,6.093,HIP 106243
322.8644566,52.61986509,6.18,HIP 106267
322.889717,-5.571174828,2.89,HIP 106278
322.9589358,23.84516277,6.42,HIP 106306
323.0127688,-84.81006871,6.404,HIP 106320
323.024483,-41.17931007,5.286,HIP 106327
323.0607073,-33.94462598,5.958,HIP 106340
323.1385911,-24.59041758,6.428,HIP 106363
323.2358001,49.97763291,5.755,HIP 106393
323.3233855,-52.73777293,6.404,HIP 106419
323.3245195,45.85401514,6.209,HIP 106420
323.3381099,-80.03935968,6.466,HIP 106424
323.3479782,-44.84870535,5.563,HIP 106429
323.4773935,-82.68308524,6.38,HIP 106474
323.495221,45.5918389,4.02,HIP 106481
323.5714893,-42.92467973,6.324,HIP 106500
323.6144306,51.69846687,6.163,HIP 106518
323.6415611,22.75452158,6.451,HIP 106527
323.6912977,18.32893178,6.47,HIP 106550
323.6941119,38.53406679,4.91,HIP 106551
323.7127176,-20.08426081,5.696,HIP 106559
323.7208415,-29.69611836,6.42,HIP 106564
323.8164856,-23.45431441,6.382,HIP 106590
323.8234187,-3.983304736,5.778,HIP 106592
323.8296521,28.19760687,6.31,HIP 106595
323.8580647,68.21929164,6.45,HIP 106604
323.8626555,24.45216011,6.22,HIP 106605
324.0104059,45.3745898,5.38,HIP 106642
324.0457239,-26.17151577,5.725,HIP 106654
324.0582575,30.05542121,6.26,HIP 106661
324.2033366,-33.04789619,6.099,HIP 106703
324.2373967,40.41352563,5.035,HIP 106711
324.2701297,-19.46601122,4.55,HIP 106723
324.3661418,44.6965486,6.2,HIP 106752
324.3906775,-0.390561808,6.214,HIP 106758
324.4117297,54.04219679,6.159,HIP 106771
324.4318583,6.618391456,6.177,HIP 106783
324.4379574,-7.854201597,4.69,HIP 106786
324.4392924,19.31860917,5.448,HIP 106787
324.4801006,62.08194177,4.73,HIP 106801
324.5118678,-64.82416741,6.206,HIP 106818
324.6330854,5.771745127,5.656,HIP 106856
324.6881895,25.49877653,6.197,HIP 106872
324.7349171,-79.44258305,6.17,HIP 106881
324.7400816,57.48904278,5.62,HIP 106886
324.754953,20.26545092,5.762,HIP 106897
324.7754821,-33.67885305,6.277,HIP 106907
324.8671057,-10.57687242,6.07,HIP 106938
324.8886133,2.243560929,5.1,HIP 106944
324.9988239,-52.35900033,6.202,HIP 106978
325.0226893,-16.6623712,3.67,HIP 106985
325.0462918,43.27383775,5.086,HIP 106999
325.1404629,-55.73797851,6.328,HIP 107030
325.1804467,54.87215525,6.15,HIP 107041
325.3689251,-77.39000876,3.728,HIP 107089
325.3869117,-14.04761244,5.18,HIP 107095
325.3927309,40.80521969,6.075,HIP 107097
325.4425617,-25.10151549,6.498,HIP 107112
325.5029045,-23.26285718,5.24,HIP 107128
325.5045129,35.51019998,5.84,HIP 107129
325.5235861,51.18962768,4.66,HIP 107136
325.5348071,45.76569764,6.23,HIP 107140
325.5421356,1.285254153,5.641,HIP 107144
325.5643804,5.680138787,5.301,HIP 107151
325.595662,41.07702046,5.726,HIP 107162
325.6373351,10.8243156,6.051,HIP 107173
325.6617083,49.60024711,6.089,HIP 107186
325.664617,-18.86632088,4.726,HIP 107188
325.6890226,59.27084343,6.088,HIP 107197
325.766847,72.32008554,5.173,HIP 107230
325.7683211,-14.39971028,5.879,HIP 107232
325.776964,41.15497297,5.505,HIP 107235
325.8063888,-19.62096181,6.209,HIP 107238
325.8568847,38.28359108,5.695,HIP 107253
325.8769148,58.78004609,4.08,HIP 107259
325.915704,7.528657063,6.47,HIP 107271
325.9921113,22.81531736,6.42,HIP 107297
325.9959615,-57.32524761,6.482,HIP 107299
326.0040172,-14.74937218,5.949,HIP 107302
326.0352573,28.74290392,6.12,HIP 107310
326.035743,28.74262986,4.7,HIP 107310
326.0464839,9.875008653,2.39,HIP 107315
326.1228015,-38.55252812,6.283,HIP 107344
326.1278992,17.35001747,4.35,HIP 107348
326.1613968,25.64503776,4.135,HIP 107354
326.2219964,62.46056907,5.94,HIP 107374
326.236707,-33.02578182,4.34,HIP 107380
326.2510611,-9.082427672,5.079,HIP 107382
326.3016621,52.26757582,6.369,HIP 107398
326.3280664,-49.49875974,6.462,HIP 107409
326.3621881,61.12080561,4.29,HIP 107418
326.3701199,-71.00884972,6.011,HIP 107423
326.4354694,35.85730878,6.43,HIP 107445
326.5181814,22.9488791,5.266,HIP 107472
326.5677888,-9.275935228,6,HIP 107487
326.633738,-11.36595523,5.567,HIP 107517
326.6983741,49.30957063,4.18,HIP 107533
326.7535404,70.15088249,6.45,HIP 107555
326.7601843,-16.12728709,2.83,HIP 107556
326.7698344,17.19404059,6.174,HIP 107558
326.8081755,2.686122505,5.624,HIP 107575
326.8553972,60.69268874,5.514,HIP 107586
326.9093282,-5.916807985,6.168,HIP 107596
326.933958,-30.89830629,5.017,HIP 107608
327.0349759,36.58038841,6.26,HIP 107637
327.0656298,-47.30361608,5.58,HIP 107649
327.1223102,38.64858611,6.091,HIP 107664
327.2836476,66.79203704,6.48,HIP 107710
327.3292115,61.27276143,6.17,HIP 107723
327.3619439,20.46244467,6.267,HIP 107734
327.4170586,41.14878703,6.48,HIP 107749
327.4208965,-12.7228807,6.298,HIP 107750
327.4612265,30.17421243,5.069,HIP 107763
327.5005164,-64.71253772,5.62,HIP 107773
327.5360704,17.2856948,5.336,HIP 107788
327.5540898,-16.84491076,6.38,HIP 107797
327.696563,-69.62937403,5.505,HIP 107835
327.7272963,-82.71890474,5.46,HIP 107843
327.7273481,-82.7189014,5.29,HIP 107843
327.770753,39.53665794,6.193,HIP 107856
327.8927026,19.82668199,5.768,HIP 107887
327.9051899,65.75271317,6.38,HIP 107893
327.9239461,-18.62293867,6.16,HIP 107901
328.0018942,55.79197931,6.419,HIP 107929
328.0043307,55.79674959,5.657,HIP 107930
328.054187,79.55177422,6.48,HIP 107952
328.0757652,21.27316215,6.33,HIP 107956
328.1246533,28.79354186,5.53,HIP 107975
328.2657026,25.92513584,5.081,HIP 108022
328.3240435,-13.55176853,5.08,HIP 108036
328.405786,19.66846665,5.676,HIP 108060
328.4821513,-37.36487222,3.01,HIP 108085
328.4906906,6.864804926,6.143,HIP 108090
328.5432198,-4.276175894,5.704,HIP 108102
328.5725738,19.71812329,6.341,HIP 108119
328.6496443,-3.301273496,6.23,HIP 108144
328.7214745,56.6112264,5.8,HIP 108165
328.7974757,-61.88660963,5.96,HIP 108195
328.8358124,61.54181163,6.125,HIP 108209
328.8791657,65.3208095,5.86,HIP 108226
328.9818282,-30.60592054,6.414,HIP 108259
329.0143569,-52.46375759,6.49,HIP 108268
329.0585684,-57.89958766,6.168,HIP 108281
329.0948778,-37.25365462,5.443,HIP 108294
329.0999348,21.23985879,6.37,HIP 108296
329.1630896,63.62555045,4.9,HIP 108317
329.2348845,12.07649373,5.533,HIP 108339
329.258958,-37.74684534,6.168,HIP 108347
329.2962541,66.15615426,6.394,HIP 108364
329.4627189,74.99671522,6.34,HIP 108420
329.4794731,-54.99257612,4.4,HIP 108431
329.5554512,-5.424921271,6.331,HIP 108453
329.6253301,-59.01214541,6.141,HIP 108478
329.682475,-21.18293197,6.11,HIP 108494
329.7230135,62.69798815,5.979,HIP 108505
329.7291059,-4.373108728,6.22,HIP 108506
329.8246332,-38.39509524,5.495,HIP 108543
330.033021,6.717447272,6,HIP 108612
330.1010337,-55.88348687,6.004,HIP 108626
330.1112498,33.00592699,6.47,HIP 108632
330.2092689,-28.45373852,5.72,HIP 108661
330.2708969,0.604718001,5.597,HIP 108691
330.2722959,13.11983809,5.599,HIP 108693
330.2884764,8.257165637,5.633,HIP 108699
330.4607778,52.88225004,5.776,HIP 108758
330.4692255,-77.66254236,6.389,HIP 108759
330.5057305,10.97380869,6.367,HIP 108766
330.5190526,58.00036382,5.542,HIP 108772
330.5493992,-17.903473,6.283,HIP 108784
330.7360862,44.64986136,5.596,HIP 108845
330.7659279,-76.11845906,5.926,HIP 108849
330.8185756,-6.522407352,5.543,HIP 108868
330.8285169,-2.155364954,4.69,HIP 108874
330.8293025,11.38654844,5.822,HIP 108875
330.8402234,-56.78597855,4.69,HIP 108870
330.9425715,64.62818481,6.342,HIP 108917
330.9476656,64.62797113,4.45,HIP 108917
330.9477291,64.62797577,4.29,HIP 108917
330.9707377,63.11992085,5.3,HIP 108924
331.0993167,-29.91653152,6.46,HIP 108952
331.1438226,32.94174596,6.37,HIP 108969
331.1531931,-26.82235984,5.953,HIP 108975
331.1975934,-0.906344379,5.271,HIP 108991
331.2520785,62.7856712,5.265,HIP 109005
331.2644218,14.81593377,6.42,HIP 109009
331.286624,62.2798146,5.11,HIP 109017
331.2972267,26.67369038,5.744,HIP 109023
331.3187463,46.74483539,6.13,HIP 109033
331.3944769,28.96397975,5.7,HIP 109056
331.4197957,5.058530164,4.84,HIP 109068
331.4459814,-0.319850955,2.94,HIP 109074
331.4602062,45.11250086,6.494,HIP 109079
331.4625667,-59.63607214,5.607,HIP 109081
331.4634108,48.23149381,6.254,HIP 109082
331.5081362,45.0143473,5.07,HIP 109102
331.5286867,-39.54335301,4.458,HIP 109111
331.5511085,45.24868707,6.181,HIP 109121
331.556527,56.34339443,6.382,HIP 109124
331.6092806,-13.86968056,4.27,HIP 109139
331.752773,25.345099,3.77,HIP 109176
331.7901363,58.84071984,6.341,HIP 109190
331.8566048,53.30743713,6.171,HIP 109205
331.8691364,19.47552862,5.74,HIP 109209
331.8748605,18.00071331,6.35,HIP 109212
331.9595995,21.70292675,5.78,HIP 109240
332.0582697,-46.96097438,1.71,HIP 109268
332.0678484,49.79699012,6.4,HIP 109272
332.071825,25.54352068,6.072,HIP 109276
332.0958806,-32.98846991,4.5,HIP 109285
332.108048,-34.04384058,4.99,HIP 109289
332.1700759,45.74225218,6.11,HIP 109303
332.1776837,-33.125693,6.386,HIP 109306
332.245793,-18.5195934,5.793,HIP 109332
332.3067712,33.17235479,5.582,HIP 109352
332.3706626,-23.65911095,6.36,HIP 109375
332.4517944,72.34120548,4.786,HIP 109400
332.482088,-34.014966,5.371,HIP 109404
332.4911681,-48.10766097,6.424,HIP 109408
332.4968459,33.17822233,4.29,HIP 109410
332.5006357,-28.2924339,6.436,HIP 109412
332.5365841,-32.54840842,4.92,HIP 109422
332.5499526,6.197921588,3.55,HIP 109427
332.5637498,72.1112645,6.346,HIP 109434
332.5792554,19.61633936,6.179,HIP 109439
332.58795,-3.89408825,6.282,HIP 109442
332.5918136,14.62985983,6.359,HIP 109445
332.6257639,20.9779841,6.438,HIP 109458
332.6406128,-4.266855221,5.98,HIP 109466
332.6559681,11.62453902,5.774,HIP 109471
332.6561774,-11.56493865,5.422,HIP 109472
332.6616227,70.13257468,5.52,HIP 109474
332.7136571,58.20126183,3.35,HIP 109492
332.7154542,30.55300001,6.32,HIP 109493
332.759907,-21.23279695,6.09,HIP 109509
332.7912233,50.82341511,5.377,HIP 109521
332.8774021,59.4144873,5.05,HIP 109556
332.9638789,16.04055499,5.93,HIP 109577
332.9791007,-76.11602189,6.127,HIP 109584
333.0083985,60.75909786,5.359,HIP 109592
333.0337238,24.95064256,5.923,HIP 109602
333.0935378,63.29103495,5.778,HIP 109620
333.1073268,-14.19396563,6.043,HIP 109624
333.1827852,-4.720678143,6.4,HIP 109647
333.1992679,34.60459099,5.343,HIP 109654
333.2198516,73.30719447,6.082,HIP 109659
333.2395153,-26.32779188,6.182,HIP 109667
333.2917342,18.27981125,6.488,HIP 109691
333.2938035,86.10800323,5.258,HIP 109693
333.4112439,28.60801648,5.867,HIP 109730
333.4351396,-25.18090378,5.584,HIP 109737
333.4551677,45.44061161,5.53,HIP 109745
333.4570975,63.16233805,6.121,HIP 109746
333.469698,39.71492468,4.49,HIP 109754
333.5751369,-21.07456717,5.526,HIP 109786
333.5766725,17.18934084,6.49,HIP 109788
333.5781303,-27.76690635,5.43,HIP 109789
333.6610537,-41.38166514,6.23,HIP 109821
333.6848389,42.95389967,5.72,HIP 109831
333.8959883,-44.45149797,6.089,HIP 109902
333.9038284,-41.34676263,4.798,HIP 109908
333.9924037,37.74873523,4.15,HIP 109937
333.9992862,8.549573864,6.192,HIP 109939
334.1106323,-41.6271817,5.117,HIP 109973
334.1106797,57.22023814,5.882,HIP 109972
334.1235281,27.80402963,6.37,HIP 109977
334.1402269,-1.596390088,6.143,HIP 109984
334.1560991,-25.89816203,6.14,HIP 109990
334.2001909,-12.83143288,5.333,HIP 110000
334.2084862,-7.783288743,4.16,HIP 110003
334.2190306,-9.040054751,5.791,HIP 110009
334.2493245,-23.14024139,6.177,HIP 110018
334.2770816,-5.387165456,5.751,HIP 110023
334.3680119,49.12695652,6.45,HIP 110055
334.4608143,-77.5115552,5.472,HIP 110078
334.5178005,-0.237654998,6.379,HIP 110091
334.5526994,62.80439004,5.741,HIP 110103
334.5650558,-53.62707411,5.39,HIP 110109
334.6254685,-60.25962954,2.82,HIP 110130
334.7341937,37.76928676,6.179,HIP 110171
334.7530866,-13.30499272,5.959,HIP 110179
335.0070026,-80.43974713,5.177,HIP 110256
335.0496524,-7.821101943,5.339,HIP 110273
335.1148858,5.789502629,5.37,HIP 110298
335.1511407,-57.50978193,6.396,HIP 110311
335.1615407,58.40990474,6.448,HIP 110314
335.1646663,50.98081448,6.37,HIP 110316
335.2324884,8.186742089,6.163,HIP 110341
335.2502405,26.93516065,6.48,HIP 110346
335.2564471,46.53656978,4.54,HIP 110351
335.330579,28.33052968,4.81,HIP 110371
335.3794796,12.20518412,4.99,HIP 110386
335.3982006,-21.59823011,5.124,HIP 110391
335.4140482,-1.387349194,3.834,HIP 110395
335.4619763,42.07816178,6.369,HIP 110408
335.7095045,36.65904489,6.457,HIP 110487
335.7507803,57.28461284,6.168,HIP 110497
335.752169,62.41935868,6.032,HIP 110498
335.7832793,-45.92848835,5.62,HIP 110506
335.878537,-24.76266282,5.527,HIP 110529
335.8839583,-7.194412278,5.907,HIP 110532
335.8900971,52.22904672,4.44,HIP 110538
336.0286847,-4.837019239,5.779,HIP 110578
336.1127496,-13.52936978,5.752,HIP 110602
336.1291312,49.47639183,4.58,HIP 110609
336.1536891,-72.2554134,5.29,HIP 110618
336.2348695,-57.79745589,5.31,HIP 110649
336.2941839,-70.43162138,5.768,HIP 110668
336.3192625,1.377398458,4.64,HIP 110672
336.419581,18.4443122,6.264,HIP 110696
336.463146,-75.01568786,6.119,HIP 110712
336.5034311,70.77090341,5.469,HIP 110725
336.5228108,-48.43854109,6,HIP 110736
336.5446002,-23.68244645,6.276,HIP 110746
336.6427934,-16.74158936,6.32,HIP 110778B
336.6429176,-16.74219468,6.22,HIP 110778A
336.6557108,4.39377933,5.81,HIP 110785
336.6768097,78.78587326,5.84,HIP 110787
336.772127,65.13226676,5.515,HIP 110817
336.8331795,-64.96636021,4.49,HIP 110838
336.8604105,39.8100259,6.16,HIP 110849
336.9427287,31.84004619,5.986,HIP 110873
336.9646797,4.695667906,4.8,HIP 110882
337.0463558,27.01880531,6.49,HIP 110907
337.0812055,64.08515502,6.285,HIP 110919
337.1569601,-67.48906095,5.564,HIP 110935
337.163376,-39.13179064,5.473,HIP 110936
337.2078601,-0.020544972,4.49,HIP 110960 
337.20787,-0.01996465,4.34,HIP 110960
337.2079452,-0.01994285,3.65,HIP 110960
337.283261,9.129035045,5.574,HIP 110986
337.2885279,58.40409645,6.3,HIP 110988
337.2926136,26.76319797,5.778,HIP 110992
337.2927611,58.41519378,3.75,HIP 110991
337.3173915,-43.4955616,3.97,HIP 110997
337.3826173,47.7069059,4.37,HIP 111022
337.4393048,-43.74921888,4.11,HIP 111043
337.4418931,-27.10726174,5.95,HIP 111045
337.4707415,78.82428668,5.46,HIP 111056
337.4913825,4.431693678,5.7,HIP 111062
337.5061804,-12.91511821,6.4,HIP 111066
337.5075602,32.57263848,5.65,HIP 111068
337.5270985,49.35641243,6.42,HIP 111072
337.5722959,-14.58573259,6.347,HIP 111086
337.6219196,43.12337646,4.511,HIP 111104
337.6617558,-10.67791806,4.81,HIP 111123
337.7240546,-26.07375114,6.43,HIP 111138
337.8229226,50.28249164,3.77,HIP 111169
337.8263678,-6.555296914,6.16,HIP 111170
337.8267423,-2.911265073,6.139,HIP 111171
337.8763772,-32.3460753,4.29,HIP 111188
337.8931308,29.54275986,6.33,HIP 111191
337.9063132,-85.9672529,5.752,HIP 111196
337.922153,-10.90550411,6.381,HIP 111200
338.0676027,76.22644103,5.7,HIP 111242
338.0780103,54.0370313,6.37,HIP 111247
338.1099037,39.77973175,5.88,HIP 111259
338.1954525,15.86326455,6.33,HIP 111296
338.2502571,-61.98212182,4.81,HIP 111310
338.3201227,70.37371487,6.32,HIP 111325
338.4193726,56.62473764,5.72,HIP 111362
338.5121404,-1.574267223,5.875,HIP 111394
338.6734824,-20.70821581,5.203,HIP 111449
338.839089,-0.117497407,4.03,HIP 111497
338.8605136,-78.77158469,6.139,HIP 111504
338.9015657,-23.99109413,5.964,HIP 111515
338.9533394,-17.46042871,6.37,HIP 111539
338.9666421,56.07057473,6.373,HIP 111543
338.9670794,39.62814993,5.67,HIP 111544
338.9678448,39.63432966,5.69,HIP 111546
338.9705462,-57.88375116,6.224,HIP 111548
338.9724271,50.07078813,6.275,HIP 111550
339.0329221,35.57750182,6.105,HIP 111567
339.1220928,-40.58270467,6.276,HIP 111594
339.1476672,-31.6637908,5.808,HIP 111600
339.1513742,11.69663609,6.419,HIP 111601
339.2028276,35.65241931,6.275,HIP 111627
339.2452223,-40.59103503,5.874,HIP 111643
339.2702034,12.57681698,6.28,HIP 111649
339.3040226,75.37181128,5.777,HIP 111660
339.343408,51.54512102,4.63,HIP 111674
339.4390856,-4.228054801,5.03,HIP 111710
339.5724867,45.18293251,6.37,HIP 111753
339.5922745,-7.897558296,6.244,HIP 111761
339.6580138,56.79563274,5.167,HIP 111795
339.6627157,63.58447137,5.188,HIP 111797
339.6861316,-28.74821399,6.457,HIP 111801
339.7144444,-33.08134633,5.66,HIP 111809
339.7191408,19.52225107,5.82,HIP 111810
339.8153277,39.05026976,4.88,HIP 111841
339.8930546,37.59281703,6.023,HIP 111869
339.9341028,-28.32565964,6.314,HIP 111879
339.9458797,19.68112613,6.324,HIP 111884
340.0766958,53.84592669,5.92,HIP 111925
340.0929383,-30.65886978,5.89,HIP 111934
340.128577,44.27630746,4.46,HIP 111944
340.1639511,-27.04361529,4.177,HIP 111954
340.1998867,-3.554308379,6.31,HIP 111965
340.2038212,-57.42231912,5.967,HIP 111967
340.219521,14.549192,6.05,HIP 111974
340.365503,10.83136331,3.41,HIP 112029
340.3693729,40.22544715,5.229,HIP 112031
340.3804501,30.96586271,6.36,HIP 112032
340.439184,29.30767528,4.79,HIP 112051
340.4893994,14.51639399,5.921,HIP 112067
340.5867041,53.90874786,6.106,HIP 112098
340.5920293,-29.36104813,6.168,HIP 112102
340.6536806,-47.21081271,6.06,HIP 112117
340.6668761,-46.88457644,2.11,HIP 112122
340.679507,-44.24802288,6.067,HIP 112127
340.7310279,37.80273339,6.421,HIP 112144
340.7505369,30.22121471,2.95,HIP 112158
340.764223,-8.31144066,6.45,HIP 112168
340.8094302,-6.96293733,6.405,HIP 112179
340.8749011,-41.41434553,4.835,HIP 112203
340.8968052,-18.83037508,4.69,HIP 112211
341.0217365,39.46534794,5.99,HIP 112241
341.022828,41.81923481,5.08,HIP 112242
341.0686633,-60.49961716,6.298,HIP 112259
341.204658,52.51720988,6.41,HIP 112300
341.2207496,39.20102551,6.441,HIP 112305
341.3673995,19.36655693,6.269,HIP 112358
341.4078414,-53.50011987,4.846,HIP 112374
341.4199357,-46.54732419,5.51,HIP 112381
341.5146291,-81.38161444,4.128,HIP 112405
341.5425922,44.5460548,5.84,HIP 112417
341.6178872,-49.68578952,6.48,HIP 112432
341.6328246,23.5656561,3.93,HIP 112440
341.6732494,12.17288579,4.2,HIP 112447
341.8298406,-34.16172015,6.296,HIP 112501
341.8468239,58.48302947,6.36,HIP 112508
341.8711215,83.15382875,4.78,HIP 112519
341.8880143,-19.61337475,5.26,HIP 112529
341.8985944,-65.56025204,6.49,HIP 112533
341.9282061,-14.05642814,5.681,HIP 112542
341.9841797,-25.9120348,6.309,HIP 112567
342.0459788,37.41669004,5.809,HIP 112590
342.0891039,-61.68436444,6.365,HIP 112603
342.1258761,-10.55547716,6.18,HIP 112615
342.1387419,-51.31686481,3.466,HIP 112623
342.1844,62.93841289,6.063,HIP 112635
342.1995689,54.41489234,6.124,HIP 112641
342.230323,-63.71840378,6.5,HIP 112655
342.3227939,-70.34798446,6.333,HIP 112694
342.3979208,-13.59262854,3.98,HIP 112716
342.4200729,66.20040505,3.54,HIP 112724
342.4429782,55.9027767,5.439,HIP 112731
342.496762,-32.80546758,6.332,HIP 112746
342.5008045,24.60158128,3.48,HIP 112748
342.5420578,50.67691907,6.23,HIP 112761
342.590744,41.95339483,5.91,HIP 112778
342.5950579,-80.12384496,5.311,HIP 112781
342.6630306,19.14120556,6.49,HIP 112803
342.7589957,-39.15683573,5.4,HIP 112832
342.7627613,85.37373481,5.891,HIP 112833
342.8372436,-29.53630658,5.987,HIP 112862
342.9373101,-59.88138153,6.454,HIP 112895
343.0084744,43.31241718,4.938,HIP 112917
343.0417237,-63.18866797,6.21,HIP 112924
343.1300712,-32.8757588,5.023,HIP 112948
343.1313757,-32.87546049,4.51,HIP 112948
343.1536419,-7.579596924,3.79,HIP 112961
343.217704,50.41228515,6.463,HIP 112986
343.2594433,16.8411946,5.89,HIP 112997
343.2657688,60.10103099,5.984,HIP 112998
343.2974018,40.16736135,6.32,HIP 113009
343.3696038,-11.61651476,5.78,HIP 113031
343.4080515,-48.59828442,6.04,HIP 113044
343.5235305,-19.17514899,6.38,HIP 113080
343.5290949,40.37687034,5.805,HIP 113084
343.6040448,84.34617534,4.684,HIP 113116
343.6421741,-7.204624732,6.181,HIP 113127
343.6484467,16.94183501,6.36,HIP 113131
343.6625261,-15.82081957,3.28,HIP 113136
343.6645081,-70.07370891,6.05,HIP 113137
343.6894579,-16.27195728,5.56,HIP 113148
343.7478558,1.064902669,6.11,HIP 113167
343.7610304,37.07682836,5.901,HIP 113174
343.7956735,-4.987902539,5.757,HIP 113184
343.8069537,8.81618146,4.9,HIP 113186
343.8121052,-36.38857572,6.407,HIP 113189
343.8774877,-20.13942098,6.35,HIP 113204
343.9354497,36.35139584,5.725,HIP 113222
343.9647137,-31.63323432,6.067,HIP 113234
343.9870841,-32.53962394,4.208,HIP 113246
344.098458,41.60387458,5.587,HIP 113281
344.100219,-31.56556405,6.48,HIP 113283
344.1083266,49.73354408,4.94,HIP 113288
344.1991679,-47.9692204,5.714,HIP 113307
344.2687586,48.68406823,5.43,HIP 113327
344.3216432,-4.810094613,6.313,HIP 113345
344.3665854,20.76883251,5.46,HIP 113357
344.3866847,3.81024214,6.282,HIP 113360
344.4126927,-29.62223703,1.16,HIP 113368
344.4197409,39.30877579,6.18,HIP 113371
344.5647537,-2.395384232,6.163,HIP 113421
344.5985867,-1.41020702,6.374,HIP 113433
344.6458617,-35.52322903,6.144,HIP 113447
344.6461688,9.356854712,6.44,HIP 113445
344.6776037,7.340079426,6.34,HIP 113465
344.7875198,59.8146522,6.45,HIP 113498
344.7930869,52.65453067,6.293,HIP 113501
344.799241,11.7288421,6.08,HIP 113503
344.8643906,0.962924507,5.426,HIP 113521
344.8986346,-13.07089735,6.1,HIP 113531
344.8989908,-29.46231185,5.503,HIP 113532
345.0212551,56.94537524,5.13,HIP 113561
345.0241219,-25.16417995,5.656,HIP 113562
345.1026679,-25.62684765,6.296,HIP 113593
345.1433053,45.37480592,6.49,HIP 113603
345.1579458,0.185863813,6.224,HIP 113610
345.1787515,3.011804134,5.848,HIP 113622
345.2200315,-52.75411086,4.115,HIP 113638
345.281577,-50.95002841,5.672,HIP 113657
345.3307727,-28.85396125,5.542,HIP 113669
345.3460192,-22.79089405,6.28,HIP 113673
345.3485065,-7.0611535,6.215,HIP 113674
345.3779769,57.10546041,6.207,HIP 113684
345.3821214,-4.711459314,5.933,HIP 113686
345.431586,3.530909858,6.45,HIP 113705
345.4802708,42.32601552,3.62,HIP 113726
345.521504,39.2361985,5.22,HIP 116076
345.5471864,44.57285906,6.43,HIP 113750
345.6356528,-6.57401156,6.2,HIP 113781
345.6515956,42.75779314,5.18,HIP 113788
345.655808,77.6323642,3.21,HIP 116727
345.6843771,-20.87071175,5.976,HIP 113801
345.6881161,44.05874957,6.42,HIP 113802
345.8391015,58.56386498,6.428,HIP 113852
345.8742311,-34.74941542,5.124,HIP 113860
345.8870104,67.20921066,5.23,HIP 113864
345.9435728,28.08278712,2.42,HIP 113881
345.9692217,3.82004564,4.52,HIP 113889
345.9984953,-41.47889468,5.796,HIP 113902
346.0032479,6.616340803,6.417,HIP 113904
346.1651153,-53.96490215,5.363,HIP 113957
346.1902227,15.20526715,2.48,HIP 113963
346.2175839,-68.8202257,5.514,HIP 113969
346.2907785,-7.69380148,5.47,HIP 113996
346.3035566,-17.07924434,6.143,HIP 113998
346.3234711,1.307126817,6.388,HIP 114005
346.6534074,59.41975982,4.84,HIP 114104
346.6701988,-23.74299002,4.47,HIP 114119
346.7197061,-43.52035585,4.4,HIP 114131
346.7197103,-43.52035715,4.332,HIP 114131
346.723437,-38.89229097,5.7,HIP 114132
346.7510864,9.409492729,4.52,HIP 114144
346.7709694,35.63649227,6.379,HIP 114152
346.7780912,25.46827052,4.74,HIP 114155
346.7893352,-49.60613322,6.31,HIP 114159
346.7918956,52.81660019,6.12,HIP 114162
346.7935508,59.72739377,6.419,HIP 114163
346.8115598,-50.68668489,6.24,HIP 114167
346.8655152,32.82534366,6.34,HIP 114187
346.8696488,21.13425299,5.953,HIP 114189
346.9136133,46.38723061,5.294,HIP 114200
346.9489442,63.63346487,6.26,HIP 114212
346.9743907,75.38749863,4.41,HIP 114222
346.9744639,75.38751086,4.61,HIP 114222
346.9883551,64.22252286,6.212,HIP 114227
347.0877446,-28.82370084,5.6,HIP 114254
347.0993352,-79.48068745,6.108,HIP 114258
347.1483159,-73.58611821,6.15,HIP 114268
347.1704564,2.12787662,5.43,HIP 114273
347.3616502,-21.17241521,3.64,HIP 114341
347.3810724,8.677156565,5.14,HIP 114347
347.4339121,59.33269085,5.679,HIP 114365
347.4359598,-28.08856941,5.868,HIP 114366
347.4363799,-67.8762833,6.45,HIP 114367
347.4564574,-14.51055519,6.43,HIP 114371
347.4787063,-22.45760691,4.8,HIP 114375
347.4889458,-42.86124189,5.83,HIP 114382
347.5060876,9.822082456,5.386,HIP 114389
347.5405642,-40.59154645,5.97,HIP 114407
347.5513983,-66.85764429,6.47,HIP 114408
347.5897011,-45.24670947,3.877,HIP 114421
347.6776545,17.59437306,5.661,HIP 114449
347.9341259,8.720116251,5.154,HIP 114520
348.0522213,-80.91269717,6.41,HIP 114550
348.1375146,49.4062072,4.52,HIP 114570
348.2666082,29.44152622,6.331,HIP 114607
348.320729,57.16835662,5.57,HIP 114622
348.360435,11.0650043,5.852,HIP 114641
348.4973346,19.63390236,6.47,HIP 114686
348.5274488,-62.70000224,6.12,HIP 114699
348.5599245,50.61789491,6.31,HIP 114714
348.5806593,-6.049006425,4.22,HIP 114724
348.5904865,29.77183092,6.395,HIP 114725
348.6520479,24.10289661,6.34,HIP 114742
348.6546045,74.23127155,5.89,HIP 114745
348.6673861,-10.68871969,6.12,HIP 114750
348.7442495,-41.10539456,5.768,HIP 114775
348.8927393,-3.496378408,5.55,HIP 114822
348.9072471,70.88808179,5.55,HIP 114831
348.9428786,28.2478976,6.5,HIP 114844
348.9728919,-9.087734712,4.25,HIP 114855
349.1657956,-44.48916359,5.918,HIP 114921
349.2076246,-41.19439369,6.48,HIP 114937
349.2122461,-7.726499334,5.06,HIP 114939
349.2403645,-62.0011978,5.647,HIP 114948
349.2864874,-28.43827543,6.25,HIP 114969
349.2914046,3.282290469,3.7,HIP 114971
349.3194733,45.16416672,6.455,HIP 114981
349.3287427,75.29902627,6.34,HIP 114984
349.3573185,-58.23570138,3.98,HIP 114996
349.4170178,-11.71294309,6.327,HIP 115015
349.4360303,49.01530081,4.86,HIP 115022
349.4758905,-9.182518757,4.4,HIP 115033
349.4833814,45.48892204,6.479,HIP 115036
349.5411835,-40.82436196,5.537,HIP 115054
349.5834303,-67.47117751,6.13,HIP 115062
349.597176,41.77366785,5.97,HIP 115065
349.6562189,68.11144364,4.87,HIP 115088
349.70599,-32.53202192,4.406,HIP 115102
349.7403194,-9.610748713,5.003,HIP 115115
349.7637143,-28.38784185,6.49,HIP 115121
349.7779967,-13.45884055,5.18,HIP 115126
349.7860393,-79.47238168,6.331,HIP 115129
349.850444,-18.07537383,5.94,HIP 115144
349.8642246,34.79318249,6.315,HIP 115148
349.8741989,48.62532308,5.44,HIP 115152
349.9297848,-33.70805237,6.349,HIP 115178
349.9684391,42.0780699,5.789,HIP 115191
350.0599148,61.97012798,6.4,HIP 115218
350.0857627,5.381307885,5.069,HIP 115227
350.1438991,62.21326427,6.36,HIP 115245
350.1593593,23.74035506,4.58,HIP 115250
350.1703621,-5.9079695,6.172,HIP 115257
350.1837435,44.11616659,6.24,HIP 115261
350.2064933,30.41492463,5.557,HIP 115271
350.2090662,-50.3065537,6.101,HIP 115272A
350.2219317,38.18232419,5.765,HIP 115280
350.314579,-26.98676818,5.656,HIP 115312
350.478898,31.81246549,5.348,HIP 115355
350.6190782,25.91848404,6.354,HIP 115389
350.6355531,60.13348671,5.513,HIP 115395
350.663213,-15.03934014,5.22,HIP 115404
350.6688002,20.82871443,6.267,HIP 115407
350.7365537,-60.05584027,6.114,HIP 115433
350.7426076,-20.10058209,3.98,HIP 115438
350.7690325,12.3139101,5.081,HIP 115444
350.8831051,0.291327749,6.34,HIP 115476
350.9392635,-43.12442681,6.104,HIP 115496
350.9771722,-53.80873986,6.108,HIP 115510
351.0165807,-21.77441177,6.475,HIP 115522
351.0327202,-18.6879972,6.186,HIP 115528
351.0369537,41.61287755,6.41,HIP 115530
351.0552532,-51.89117334,5.731,HIP 115537
351.2094267,62.28281016,4.955,HIP 115590
351.2118021,32.38488066,5.548,HIP 115591
351.3311032,-56.84898376,5.597,HIP 115620
351.3449286,23.40410081,4.4,HIP 115623
351.5116078,-20.64201799,4.39,HIP 115669
351.6478056,-21.74083674,6.44,HIP 115709
351.6523375,-52.72157764,5.522,HIP 115713
351.7331495,1.255604976,4.94,HIP 115738
351.7538776,87.30751146,5.56,HIP 115746
351.7808338,42.91200991,5.736,HIP 115755
351.7809305,-66.58089784,6.457,HIP 115756
351.7879546,-50.15724411,6.199,HIP 115759
351.8116375,1.122607042,6.25,HIP 115768
351.8124697,-58.47610857,5.636,HIP 115769
351.8192892,70.35978253,5.6,HIP 115770
351.9182764,25.1672793,5.979,HIP 115806
351.9920611,6.378992306,4.3,HIP 115830
352.0028887,-35.54448175,6.335,HIP 115833
352.015773,-87.48221294,5.49,HIP 115836
352.0216466,-11.44975543,6.375,HIP 115839
352.2527615,-9.266097965,6.191,HIP 115906
352.2534443,-44.49806825,6.432,HIP 115907
352.2540898,-63.11065544,5.68,HIP 115908
352.2736537,23.04808286,6.44,HIP 115915
352.2887468,12.76054988,4.56,HIP 115919
352.3624455,-1.791213968,6.34,HIP 115945
352.3836741,-4.532748021,6.25,HIP 115953
352.508086,58.54892005,4.886,HIP 115990
352.5308899,49.13314507,6.152,HIP 115996
352.6648376,38.66225371,6.059,HIP 116030
352.7547586,-6.288079365,6.391,HIP 116060
352.8623393,-44.84358144,6.02,HIP 116097
352.8812616,-4.087402929,6.49,HIP 116106
352.9251576,-21.36946231,6.239,HIP 116118
352.9292907,28.40348753,6.388,HIP 116119
352.9898617,-1.08589569,6.384,HIP 116146
353.1209587,23.84361239,6.4,HIP 116187
353.2427529,-37.81828488,4.37,HIP 116231
353.319259,-20.91449504,4.758,HIP 116247
353.3315788,-77.38533182,5.806,HIP 116250
353.367054,22.49878071,5.42,HIP 116264
353.4291071,45.05809555,6.246,HIP 116292
353.481212,20.84093268,6.111,HIP 116307
353.4882784,31.32527864,5.51,HIP 116310
353.488283,31.32527939,5.008,HIP 116310
353.4884462,31.32528724,5.95,HIP 116310
353.5375622,-1.247561303,5.87,HIP 116323
353.6564035,40.23643963,5.563,HIP 116354
353.659178,33.49732829,5.621,HIP 116355
353.6947585,38.02400134,6.173,HIP 116365
353.7056647,-15.2460023,5.944,HIP 116368
353.7460116,71.64204417,5.84,HIP 116380
353.7690015,-42.6151398,4.71,HIP 116389
353.8690767,1.313137529,6.463,HIP 116422
353.883633,-7.464429885,6.407,HIP 116428
353.9830923,24.56101424,6.47,HIP 116465
354.0970193,2.10222164,5.68,HIP 116495
354.1271371,32.90421305,6.335,HIP 116505
354.3910116,46.45815131,3.82,HIP 116584
354.4148333,-13.06024123,5.654,HIP 116591
354.4155967,16.82549815,6.249,HIP 116592
354.4624768,-45.49235208,4.74,HIP 116602
354.4866762,18.40066614,5.482,HIP 116611
354.512626,-15.09510554,6.38,HIP 116624
354.5341679,43.26807305,4.29,HIP 116631
354.599526,-76.86954352,5.983,HIP 116653
354.7847152,50.47173265,5.35,HIP 116709
354.792393,75.29288156,5.946,HIP 116714
354.8380724,74.00267756,5.973,HIP 116728
354.866434,-46.63779989,6.09,HIP 116737
354.8664421,-46.63784566,6.5,HIP 116737
354.9461225,-14.22215365,4.977,HIP 116758
354.9793349,9.677297003,5.96,HIP 116768
354.9876692,5.626292753,4.12,HIP 116771
355.1021156,44.33393296,4.14,HIP 116805
355.1589533,-32.07312418,5.303,HIP 116820
355.2871345,-11.68065142,5.92,HIP 116853
355.361605,49.5124166,6.26,HIP 116876
355.3937023,-18.02707435,5.344,HIP 116889
355.4408599,-17.81653195,4.83,HIP 116901
355.4773439,57.2599539,6.22,HIP 116912
355.4862075,7.250548596,5.891,HIP 116918
355.511689,1.780042138,4.51,HIP 116928
355.5611122,44.99171488,6.41,HIP 116941
355.6159269,-15.44802895,5.257,HIP 116957
355.6310782,61.67937324,6.395,HIP 116962
355.6806054,-14.54490553,4.484,HIP 116971
355.682759,16.33571983,6.293,HIP 116972
355.7710675,51.93933322,6.44,HIP 116991
355.8431615,10.33153802,5.071,HIP 117020
355.9978553,29.3614556,4.96,HIP 117073
356.0055058,-45.08312041,6.09,HIP 117075
356.0501931,-64.4044521,5.711,HIP 117088
356.0503254,-18.27694956,5.239,HIP 117089
356.105966,-70.49022569,6.07,HIP 117105
356.1211058,-26.24663427,6.23,HIP 117107
356.1702691,-78.79144058,5.738,HIP 117125
356.2016508,55.79968725,6.44,HIP 117133
356.5038501,-18.67833299,5.616,HIP 117218
356.5052344,-40.18256568,6.302,HIP 117219
356.5052535,-18.67969531,6.42,HIP 117218
356.5085293,46.42027402,4.966,HIP 117221
356.5979852,3.486810847,5.02,HIP 117245
356.653069,66.78224481,5.937,HIP 117265
356.7579936,57.45135904,5.503,HIP 117299
356.7643933,58.65199104,4.873,HIP 117301
356.8162997,-11.91112813,5.731,HIP 117314
356.8166518,-50.22645888,5.166,HIP 117315
356.887705,46.83256158,6.13,HIP 117340
356.978212,67.80680903,5.044,HIP 117371
356.9855913,-2.761597863,5.49,HIP 117375
357.1353309,-6.38042354,6.069,HIP 117420
357.2056922,2.214414829,6.457,HIP 117445
357.2090463,62.21451542,5.59,HIP 117447
357.2248786,59.97895632,6.324,HIP 117450
357.2314426,-28.13027125,4.57,HIP 117452
357.2996863,58.96320137,6.355,HIP 117472
357.3644758,1.076129025,5.7,HIP 117491
357.3817054,-15.86127467,6.213,HIP 117494
357.414145,28.84238948,5.96,HIP 117500
357.4206646,36.42528149,5.9,HIP 117503
357.4566471,-25.33134626,6.42,HIP 117510
357.5613736,-9.974137041,5.936,HIP 117541
357.5926391,51.6216611,6.472,HIP 117551
357.6386866,-14.40149698,5.691,HIP 117567
357.6484982,-47.37694259,6.49,HIP 117571
357.8385419,9.313356455,5.78,HIP 117628
357.8389097,-18.90916414,5.18,HIP 117629
357.9909953,2.930386433,5.554,HIP 117683
358.0269716,-82.01882322,5.106,HIP 117689
358.0974601,21.67110072,6.113,HIP 117710
358.1058714,75.54454303,6.38,HIP 117712
358.1220326,19.12028599,5.08,HIP 117718
358.1249611,-14.25121162,5.848,HIP 117722
358.1546134,10.94728679,5.3,HIP 117730
358.2105387,-8.996757816,5.747,HIP 117756
358.2315133,-3.155481555,5.94,HIP 117761
358.2698366,2.090616272,6.28,HIP 117774
358.3368506,-24.22925228,6.231,HIP 117797
358.5959689,57.49938187,4.59,HIP 117863
358.6609214,-40.30006163,6.03,HIP 117880
358.6942675,0.109312521,5.61,HIP 117887
358.7824693,7.070971145,6.209,HIP 117927
358.819114,-31.92147801,6.076,HIP 117931
358.8459107,25.95499455,6.5,HIP 117939
358.8894811,47.35580382,5.989,HIP 117956
358.8909946,57.41216871,6,HIP 117957
359.1247789,-24.73721812,6.315,HIP 118029
359.1729221,22.6480934,6.166,HIP 118048
359.2651345,42.65823243,6.02,HIP 118071
359.2839941,-26.62344348,6.249,HIP 118076
359.2853003,55.70570537,5.561,HIP 118077
359.2921442,-20.83364131,6.44,HIP 118081
359.3329547,-62.9565974,5.943,HIP 118092
359.3869239,-82.16980825,5.724,HIP 118114
359.3897157,60.02360088,6.461,HIP 118116
359.396161,-64.29822982,4.989,HIP 118121
359.439694,25.14140525,4.66,HIP 118131
359.5884374,-15.84748362,6.276,HIP 118178
359.6036178,51.38880917,4.8,HIP 118188
359.6682139,-3.555969807,4.886,HIP 118209
359.7324145,-52.74580626,5.133,HIP 118234
359.7522429,55.75492949,5.01,HIP 118243 
359.8662327,-29.48516549,5.573,HIP 118277
359.9790714,-65.57713262,4.47,HIP 118322