RA,Dec,MagV,Identifier,Name,Bayer,HR,HD,IAUboundary
0.099583247,26.918108,6.434,HIP 34,-,-,9078,224758,Peg
0.128698178,59.55968082,6.177,HIP 43,-,-,9079,224784,Cas
0.143087896,-53.09771355,6.48,-,-,-,-,224782A,Phe
0.181810391,45.25333529,6.347,HIP 63,-,CG And,9080,224801,And
0.269095377,-48.80987439,5.698,HIP 88,-,τ Phoenicis,9081,224834,Phe
0.330214159,49.98155694,6.217,HIP 106,-,-,9083,224870,Cas
0.333829527,-50.33737026,5.524,HIP 107,-,-,9082,224865,Phe
0.398747712,-77.06572535,4.783,HIP 122,-,θ Octantis,9084,224889,Oct
0.404233491,61.22279986,5.567,HIP 124,-,-,9085,224893,Cas
0.414410077,73.61184647,6.492,HIP 128,-,-,-,224890,Cep
0.432705044,42.36714334,6.24,HIP 137,-,-,9086,224906,And
0.456033803,-3.027503283,5.1,HIP 145,-,29 Psc,9087,224926,Psc
0.490081132,-6.014070557,4.41,HIP 154,-,30 Psc,9089,224935,Psc
0.543119664,27.08183308,5.75,HIP 171,-,85 Peg,9088,224930,Peg
0.583029427,-29.72044125,5.022,HIP 183,-,ζ Sculptoris,9091,224990,Scl
0.600694731,8.956824883,6.325,HIP 186,-,31 Psc,9092,224995,Psc
0.623758727,8.485463714,5.69,HIP 194,-,32 Psc,9093,225003,Psc
0.650386057,66.09896335,5.842,HIP 207,-,-,9094,225009,Cas
0.739534104,-20.04588302,6.238,HIP 238,-,4 G. Cet,9095,225045,Cet
0.782725268,-24.14514473,6.443,HIP 253,-,5 G. Cet,9096,225069,Cet
0.857148477,63.64051696,6.22,HIP 274,-,-,9097,225094,Cas
0.934949296,-17.33599144,4.536,HIP 301,Hydor,2 Cet,9098,225132,Cet
0.965171424,66.71218559,6.323,HIP 302,-,V398 Cep,9099,225136,Cep
1.056926888,62.28766423,5.884,HIP 330,-,9 Cas,9100,225180,Cas
1.082461733,-16.52903662,5.769,HIP 343,-,7 G. Cet,9101,225197,Cet
1.084654682,-29.2688223,6.39,HIP 345,-,-,9102,225200,Scl
1.125494801,-10.50952192,4.924,HIP 355,-,3 Cet,9103,225212,Cet
1.152435523,42.09252227,6.14,HIP 365,-,-,9105,225218,And
1.172116401,-71.4368901,5.585,HIP 377,-,-,9108,225253,Tuc
1.174922087,67.16644512,5.676,HIP 379,-,-,9104,225216,Cep
1.223852864,34.65966701,6.11,HIP 394,-,-,9107,225239,And
1.233329181,26.64877089,6.25,HIP 399,-,-,9109,225276,Peg
1.254933697,27.67479084,6.462,HIP 410,-,-,-,225292,Peg
1.265928128,-0.503035727,6.298,HIP 417,-,-,2,6,Psc
1.275628669,61.31397009,5.791,HIP 418,-,-,9110,225289,Cas
1.33392155,-5.707619916,4.61,HIP 443,-,33 Psc,3,28,Psc
1.424840055,13.39626813,5.537,HIP 476,-,86 Peg,4,87,Peg
1.565891108,58.43669646,6.42,HIP 518A,-,-,-,-,Cas
1.579897185,-49.07518646,5.76,HIP 522,-,-,6,142,Phe
1.610572193,64.19615797,5.59,HIP 531,-,10 Cas,7,144,Cas
1.653266695,29.02150353,6.07,HIP 544,-,V439 And,8,166,And
1.708693016,-23.10754046,6.173,HIP 560,-,9 G. Cet,9,203,Cet
1.826107653,-17.38699254,6.203,HIP 602,-,10 G. Cet,10,256,Cet
1.933796531,-2.548680152,6.43,HIP 635,-,4 Cet,11,315,Psc
1.945414945,-22.50855699,5.923,HIP 636,-,11 G. Cet,12,319,Cet
2.01452875,-33.52932472,5.662,HIP 655,-,-,13,344,Scl
2.050398131,-2.447705718,6.22,HIP 664,-,5 Cet,14,352,Psc
2.073051795,-8.824111623,5.98,HIP 671,-,12 G. Cet,16,360,Cet
2.09691619,29.09043112,2.06,HIP 677,Alpheratz,α Andromedae,15,358,And
2.136910426,63.20403299,6.42,HIP 695,-,-,-,371,Cas
2.139570603,-17.57815503,6.13,HIP 696,-,CF Cet,18,402,Cet
2.217233387,25.46298489,6.246,HIP 716,-,-,19,417,Peg
2.250670027,28.24754157,6.47,HIP 728,-,-,-,434,Peg
2.259971195,-54.00195522,6.33,HIP 730,-,-,23,469,Phe
2.260103096,18.21196522,5.555,HIP 729,-,87 Peg,22,448,Peg
2.29452158,59.1497811,2.27,HIP 746,Caph,β Cassiopeiae,21,432,Cas
2.334032859,79.71455492,6.12,-,-,-,20,431A,Cep
2.337340926,-27.98799035,6.19,HIP 761,-,* kap01 Scl B,24,493,Scl
2.33778532,-27.98792454,6.13,HIP 761,-,* kap01 Scl A,24,493,Scl
2.352667056,-45.74742391,3.87,HIP 765,-,ϵ Phoenicis,25,496,Phe
2.467150775,-62.2967939,6.33,HIP 798,-,-,-,565,Tuc
2.509052044,-82.22404708,5.283,HIP 814,-,γ 3 Octantis,30,636,Oct
2.509179173,11.14581581,5.53,HIP 813,-,34 Psc,26,560,Psc
2.578630028,-5.248588046,5.844,HIP 840,-,67 G. Psc,29,587,Psc
2.580193752,46.07227104,5.04,HIP 841,-,22 And,27,571,And
2.678475447,-12.57989824,5.849,HIP 873,-,14 G. Cet,31,645,Cet
2.816075165,-15.46797791,4.89,HIP 910,-,6 Cet,33,693,Cet
2.893419661,-27.79971967,5.404,HIP 930,-,κ 2 Sculptoris,34,720,Scl
2.933421154,-35.13311471,5.239,HIP 950,-,θ Sculptoris,35,739,Scl
2.99618791,48.15239764,6.162,HIP 967,-,-,36,743,And
3.041602352,-17.93825081,5.265,HIP 983,-,18 G. Cet,37,787,Cet
3.289593154,16.92145654,6.5,HIP 1057,-,-,-,874,Peg
3.308968121,15.18359843,2.84,HIP 1067,Algenib,γ Pegasi,39,886,Peg
3.331757832,-84.99397718,5.77,HIP 1074,-,-,47,1032,Oct
3.34967172,26.98754639,6.277,HIP 1076,-,-,40,895,And
3.426017408,-26.02235136,5.937,HIP 1096,-,-,42,942,Scl
3.434911947,-26.28496257,6.119,HIP 1099,-,-,43,943,Scl
3.509495332,33.20604137,6.25,HIP 1123,-,-,44,952,And
3.584124771,-27.5313951,6.46,HIP 1144,-,-,-,1002,Scl
3.615128361,-7.780528686,5.12,HIP 1158,-,AD Cet,46,1014,Cet
3.65068451,20.20670288,4.8,HIP 1168,-,χ Pegasi,45,1013,Peg
3.660070473,-18.93286335,4.46,HIP 1170,-,7 Cet,48,1038,Cet
3.72714784,-9.569563113,5.749,HIP 1191,-,27 G. Cet,51,1064,Cet
3.732909978,22.28422577,6.234,HIP 1193,-,-,49,1048,Peg
3.74275718,-34.90422282,6.159,HIP 1195,-,-,54,1089,Scl
3.745168167,8.820961326,6.01,HIP 1196,-,35 Psc,50,1061,Psc
3.778961192,31.53572589,6.34,HIP 1208,-,-,52,1075,And
3.794019848,27.28344122,6.342,HIP 1215,-,-,53,1083,And
3.842774738,-32.04526879,6.2,HIP 1236,-,S Scl,-,1115,Scl
3.978522423,61.0001756,6.432,HIP 1269,-,-,-,1142,Cas
4.036944674,-31.44639094,5.642,HIP 1288,-,-,57,1187,Scl
4.089703748,43.59505094,6.15,HIP 1302,-,-,56,1185,And
4.141841068,8.240157252,6.121,HIP 1319,-,36 Psc,59,1227,Psc
4.176426112,-20.21006133,6.491,HIP 1331,-,-,61,1256,Cet
4.190325922,10.24478092,6.49,HIP 1339,-,-,-,1255,Psc
4.237679744,61.53318574,5.737,HIP 1354,-,-,60,1239,Cas
4.272926514,38.68163573,4.61,HIP 1366,-,θ Andromedae,63,1280,And
4.287683471,47.9474061,5.852,HIP 1372,-,-,62,1279,Cas
4.386262708,-19.05109374,6.446,HIP 1402,-,29 G. Cet,66,1343,Cet
4.429430472,51.4330879,6.14,HIP 1415,-,AO Cas,65,1337,Cas
4.448743802,1.688729746,6.176,HIP 1421,-,76 G. Psc,67,1367,Psc
4.495285823,-13.45564087,6.5,HIP 1444,-,-,-,1388,Cet
4.571857861,11.20621543,6.045,HIP 1465,-,-,69,1419,Psc
4.581905703,36.78522459,4.52,HIP 1473,-,σ Andromedae,68,1404,And
4.659408701,31.51722831,5.875,HIP 1493,-,-,71,1439,And
4.674448649,-8.053001064,6.46,HIP 1499,-,-,72,1461,Cet
4.675703683,43.79114117,6.11,HIP 1501,-,26 And,70,1438,And
4.677337099,-43.23556907,6.328,HIP 1502,-,-,73,1483,Phe
4.856976645,-8.82391916,3.55,HIP 1562,-,ι Ceti,74,1522,Cet
4.923164316,40.72946464,6.34,HIP 1575,-,-,75,1527,And
5.017744306,-64.87479366,4.23,HIP 1599,-,ζ Tucanae,77,1581,Tuc
5.101672288,30.93561367,5.869,HIP 1630,-,-,78,1606,And
5.128871125,48.96863344,6.47,HIP 1639,-,-,-,1601,Cas
5.149425122,8.190271705,5.37,HIP 1645,-,41 Psc,80,1635,Psc
5.162675949,-69.62491874,5.499,HIP 1647,-,π Tucanae,83,1685,Tuc
5.189653795,32.91118678,5.794,HIP 1657,-,-,79,1632,And
5.280286413,37.96860546,5.18,HIP 1686,-,ρ Andromedae,82,1671,And
5.369884337,-77.42688172,5.959,HIP 1706,-,-,87,1801,Hyi
5.37999274,-28.98147021,5.167,HIP 1708,-,ι Sculptoris,84,1737,Scl
5.442802657,-20.05802465,5.74,HIP 1728,-,T Cet,85,1760,Cet
5.606178771,13.48248847,6.24,HIP 1772,-,42 Psc,86,1796,Psc
5.715785231,-12.20943609,6.39,HIP 1803,-,9 Cet,88,1835,Cet
5.768296266,-15.94253053,6.425,HIP 1821,-,38 G. Cet,-,1879,Cet
6.022329,-72.081444,4.09,HIP 1902,-,47 Tuc,95,2051,Tuc
6.065225015,52.01991756,5.58,HIP 1921,-,-,91,1976,Cas
6.123539878,-2.219063023,6.067,HIP 1939,-,84 G. Psc,94,2023,Psc
6.158979587,14.31551681,6.46,HIP 1948,-,43 Psc,-,2035,Psc
6.197939469,61.83105781,5.377,HIP 1960,-,12 Cas,93,2011,Cas
6.276710401,53.04678189,5.719,HIP 1982,-,-,96,2054,Cas
6.35086818,1.939692481,5.77,HIP 2006,-,44 Psc,97,2114,Psc
6.43779316,-77.25424612,2.79,HIP 2021,-,β Hydri,98,2151,Hyi
6.550838932,-43.67983066,3.94,HIP 2072,-,κ Phoenicis,100,2262,Phe
6.57104752,-42.30598719,2.38,HIP 2081,Ankaa,α Phoenicis,99,2261,Phe
6.590630311,-18.69363206,6.266,HIP 2086,-,39 G. Cet,-,2268,Cet
6.655878177,-0.049521981,6.192,HIP 2100,-,10 Cet,101,2273,Cet
6.811281521,-25.54717346,5.969,HIP 2159,-,-,102,2363,Scl
6.879454505,16.02548345,6.432,HIP 2178,-,-,-,2358,Psc
6.982074256,-33.00716597,4.81,HIP 2210,-,η Sculptoris,105,2429,Scl
6.993609443,19.51403788,6.38,HIP 2213,-,46 Psc,-,2410,Psc
7.012144839,17.89312705,5.06,HIP 2219,-,47 Psc,103,2411,Psc
7.052928749,16.44506825,6.039,HIP 2224,-,48 Psc,106,2436,Psc
7.056955605,44.39446929,5.173,HIP 2225,-,-,104,2421,And
7.08789782,-20.33504926,6.44,HIP 2237,-,43 G. Cet,108,2475,Cet
7.110505452,-39.91499922,5.415,HIP 2240,-,-,109,2490,Phe
7.179693071,-50.53285701,6.265,HIP 2256,-,-,111,2529,Phe
7.236095512,36.89969334,6.273,HIP 2270,-,-,110,2507,And
7.466237534,-14.86410891,6.131,HIP 2337,-,47 G. Cet,115,2630,Cet
7.509826749,-3.957327204,5.72,HIP 2353,-,12 Cet,117,2637,Cet
7.530687977,29.7515578,5.214,HIP 2355,-,GN And,114,2628,And
7.536188955,4.860110896,6.5,HIP 2358,-,-,-,2648,Psc
7.583060093,59.97755263,5.94,HIP 2377,-,-,113,2626,Cas
7.594396164,-23.7876815,5.19,HIP 2381,-,49 G. Cet,118,2696,Cet
7.607,60.213,6.5,-,-,NGC 129,-,-,Cas
7.608596955,-48.21482097,5.664,HIP 2383,-,-,120,2726,Phe
7.615938483,-40.93958447,6.172,HIP 2388,-,-,119,2724,Phe
7.85408769,-48.80351425,4.77,HIP 2472,-,λ 1 Phoenicis,125,2834,Phe
7.85512146,66.51961695,6.165,HIP 2474,-,13 Cas,121,2729,Cas
7.856824417,33.58163658,5.878,HIP 2475,-,-,122,2767,And
7.886116901,-62.95821746,4.289,HIP 2484,-,β 1 Tucanae,126,2884,Tuc
7.889259603,-62.96559275,4.514,HIP 2487,-,β 2 Tucanae,127,2885,Tuc
7.88945,-62.965564,4.488,HIP 2487,-,* bet02 Tuc A,127,2885,Tuc
7.92148832,52.8395281,5.596,HIP 2497,-,-,124,2774,Cas
7.9429675,54.5221944,5.63,HIP 2505,-,* lam Cas B,123,2772,Cas
7.9429864,54.5223119,5.35,HIP 2505,-,* lam Cas A,123,2772,Cas
8.099078919,6.955485366,5.679,HIP 2548,-,51 Psc,132,2913,Psc
8.147853368,20.2943177,5.37,HIP 2568,-,52 Psc,131,2910,Psc
8.182939061,-63.03150056,5.09,HIP 2578,-,β 3 Tucanae,136,3003,Tuc
8.204525378,28.2802409,6.33,HIP 2583,-,-,134,2942,And
8.249966182,62.93178142,4.16,HIP 2599,Cexing,κ Cassiopeiae,130,2905,Cas
8.293310386,54.89498601,5.922,HIP 2611,-,-,135,2952,Cas
8.330273607,70.98185484,6.38,HIP 2628,-,-,129,2904,Cas
8.347330131,-71.26624456,6.109,HIP 2629,-,θ Tucanae,139,3112,Tuc
8.42100578,-29.5582775,5.541,HIP 2661,-,-,138,3059,Scl
8.43252768,-35.00207626,6.4,HIP 2663,-,-,-,3074,Scl
8.603830496,66.75033827,6.473,HIP 2707,-,16 Cas,137,3038,Cas
8.615964998,-52.37309152,5.57,HIP 2711,-,-,140,3158,Phe
8.730680104,13.37113974,6.39,HIP 2734,-,-,141,3166,Psc
8.81199867,-3.59284352,5.21,HIP 2762,-,13 Cet,142,3196,Cet
8.886805856,-0.505610756,5.936,HIP 2787,-,14 Cet,143,3229,Cet
8.888912389,-54.82187171,6.052,HIP 2789,-,-,148,3303,Phe
8.921564452,-48.00090693,5.51,HIP 2802,-,λ 2 Phoenicis,147,3302,Phe
9.013150622,-14.9730335,6.444,HIP 2846,-,57 G. Cet,150,3325,Cet
9.028571357,-22.84233536,6.06,HIP 2852,-,BG Cet,151,3326,Cet
9.034625815,54.16844991,5.076,HIP 2854,-,-,144,3240,Cas
9.11393597,60.32621321,5.792,HIP 2876,-,-,146,3283,Cas
9.156876048,-65.12444616,6.413,HIP 2889,-,-,160,3444,Tuc
9.193504439,44.48858894,5.129,HIP 2900,-,V428 And,152,3346,And
9.197129168,15.23171954,5.863,HIP 2903,-,53 Psc,155,3379,Psc
9.22021384,33.71934342,4.36,HIP 2912,-,π Andromedae,154,3369,And
9.242852031,53.89691044,3.66,HIP 2920,Fulu,ζ Cassiopeiae,153,3360,Cas
9.279957358,24.01413917,6.16,HIP 2926,-,-,156,3411,And
9.326027423,-54.39381885,6.403,HIP 2937,-,-,162,3488,Phe
9.336175837,-24.7672573,6.2,HIP 2941,-,59 G. Cet,159,3443B,Cet
9.338415606,35.39950297,5.431,HIP 2942,-,-,157,3421,And
9.377048295,3.135352277,6.407,HIP 2954,-,92 G. Psc,161,3457,Psc
9.638947629,29.31175323,4.38,HIP 3031,-,ϵ Andromedae,163,3546,And
9.703262912,-25.1078168,6.41,HIP 3056,-,-,-,3605,Scl
9.791225378,49.35458829,5.419,HIP 3083,-,-,164,3574,Cas
9.831679638,30.86098358,3.28,HIP 3092,-,δ Andromedae,165,3627,And
9.840855803,21.25047581,5.88,HIP 3093,-,54 Psc,166,3651,Psc
9.946875728,82.49376282,6.389,HIP 3132,-,-,158,3440,Cep
9.96645883,-44.79629201,5.998,HIP 3137,-,-,171,3750,Phe
9.981548238,21.43849668,5.428,HIP 3138,-,55 Psc,167,3690,Psc
10.10695778,-59.45460182,5.9,HIP 3170,-,-,176,3823,Tuc
10.11909809,-16.5166617,6.49,HIP 3175,-,63 G. Cet,172,3794,Cet
10.12684601,56.53732922,2.23,HIP 3179,Schedar,α Cassiopeiae,168,3712,Cas
10.1366416,-23.80492464,6.14,HIP 3185,-,64 G. Cet,173,3795,Cet
10.17654837,-4.351840283,5.885,HIP 3193,-,65 G. Cet,174,3807,Cet
10.27993575,39.45866375,5.33,HIP 3231,-,32 And,175,3817,And
10.33154746,-46.08498136,4.59,HIP 3245,-,μ Phoenicis,180,3919,Phe
10.40015738,24.62901355,6.046,HIP 3269,-,-,178,3883,And
10.44332208,-56.50131623,5.7,HIP 3277,-,ξ Phoenicis,183,3980,Phe
10.51425258,66.14759331,5.821,HIP 3299,-,-,177,3856,Cas
10.51621753,50.51253345,4.81,HIP 3300,-,ξ Cassiopeiae,179,3901,Cas
10.61821618,-65.4680296,5.381,HIP 3330,-,ρ Tucanae,187,4089,Tuc
10.62934337,58.75341372,6.171,HIP 3334,-,-,181,3924,Cas
10.67479065,-60.26280656,5.98,HIP 3352,-,-,186,4088,Tuc
10.684708,41.26875,3.44,-,-,M 31,-,-,And
10.83837552,-57.4630635,4.361,HIP 3405,-,η Phoenicis,191,4150,Phe
10.86695701,47.02454578,4.949,HIP 3414,-,π Cassiopeiae,184,4058,Cas
10.89737874,-17.98660632,2.01,HIP 3419,Diphda,β Ceti,188,4128,Cet
10.95868937,-12.01182635,6.02,HIP 3436,-,71 G. Cet,190,4145,Cet
11.04750038,-10.60955073,4.767,HIP 3455,-,ϕ 1 Ceti,194,4188,Cet
11.05041264,-38.42168172,5.96,HIP 3456,-,λ 2 Sculptoris,195,4211,Scl
11.10913146,47.86398413,5.648,HIP 3478,-,68 Cas,189,4142,Cas
11.13188951,-62.49758964,6.26,-,-,-,199,4294A,Tuc
11.1813275,48.28436973,4.5,HIP 3504,-,ο Cassiopeiae,193,4180,Cas
11.18498385,-22.00613337,5.22,HIP 3505,-,73 G. Cet,197,4247,Cet
11.23771903,-42.67655893,5.926,HIP 3521,-,-,198,4293,Phe
11.24975745,-53.71489296,6.15,HIP 3527,-,-,202,4304,Phe
11.32155688,55.2213975,5.41,HIP 3544,-,-,196,4222,Cas
11.3505212,-4.629159691,6.16,HIP 3552,-,74 G. Cet,201,4301,Cet
11.36953098,-12.88080877,6.15,HIP 3559,-,18 Cet,203,4307,Cet
11.41281904,74.9880706,5.652,HIP 3572,-,YZ Cas,192,4161,Cas
11.42377719,-16.42421989,6.498,-,-,-,206,4338A,Cet
11.42378067,-16.42421794,6.499,HIP 3576,-,76 G. Cet,206,4338,Cet
11.43997054,-47.55198407,5.794,HIP 3583,-,-,209,4391,Phe
11.54504995,44.86149994,6.024,HIP 3604,-,-,205,4335,And
11.54898309,-22.52210294,5.5,HIP 3607,-,77 G. Cet,210,4398,Cet
11.63729937,15.47550902,5.38,HIP 3632,-,57 Psc,211,4408,Psc
11.67691036,59.57454096,6.41,HIP 3649,-,-,207,4362,Cas
11.75606702,11.97385157,5.504,HIP 3675,-,58 Psc,213,4482,Psc
11.80677648,19.57870598,6.101,HIP 3685,-,59 Psc,214,4490,Psc
11.8346905,24.26717855,4.06,HIP 3693,Shimu,ζ Andromedae,215,4502,And
11.84847402,6.740971526,5.961,HIP 3697,-,60 Psc,216,4526,Psc
11.9300883,-18.06133799,5.693,HIP 3717,-,78 G. Cet,218,4585,Cet
11.94189122,74.84756979,5.413,HIP 3721,-,23 Cas,208,4382,Cas
12.00443752,-21.7225263,5.57,HIP 3741,-,79 G. Cet,220,4622,Cet
12.03792801,72.67449667,5.855,HIP 3750,-,-,212,4440,Cas
12.07254061,7.299930471,5.912,HIP 3760,-,62 Psc,221,4627,Psc
12.09573323,5.280613746,5.74,HIP 3765,-,-,222,4628,Psc
12.14757078,-74.92343528,5.083,HIP 3781,-,λ Hydri,236,4815,Hyi
12.17060131,7.585081917,4.44,HIP 3786,-,δ Piscium,224,4656,Psc
12.2084229,50.96816513,4.891,HIP 3801,-,ν Cassiopeiae,223,4636,Cas
12.21358,27.74011,6.3,-,-,BD+26 128,-,-,And
12.23636469,-46.69764537,6.277,HIP 3807,-,-,229,4737,Phe
12.27622748,57.81517729,3.44,HIP 3821,Achird,η Cassiopeiae,219,4614,Cas
12.30812591,-24.13666407,5.9,HIP 3834,-,-,228,4732,Cet
12.35673719,-13.56127105,5.594,HIP 3849,-,81 G. Cet,227,4730,Cet
12.38929498,-23.36214067,6.3,HIP 3858,-,82 G. Cet,232,4772,Cet
12.45352635,41.07891089,4.53,HIP 3881,-,ν Andromedae,226,4727,And
12.47030751,27.71080861,6.28,HIP 3885,-,* 65 Psc B,230,4757,Psc
12.47152676,27.71028818,6.29,HIP 3885,-,* 65 Psc A,231,4758,Psc
12.51570232,-43.39496732,6.476,HIP 3903,-,-,239,4849,Phe
12.53162068,-10.64432885,5.19,HIP 3909,-,ϕ 2 Ceti,235,4813,Cet
12.57610548,45.00225987,6.15,HIP 3919,-,GO And,234,4778,And
12.67160982,-50.98681728,5.225,HIP 3949,-,ρ Phoenicis,242,4919,Phe
12.68165727,64.24756932,5.362,HIP 3951,-,-,233,4775,Cas
12.7391482,51.50803443,6.36,HIP 3965,-,-,238,4818,Cas
12.81826322,61.80549444,6.18,HIP 3988,-,-,237,4817,Cas
12.82634991,3.385024903,6.368,HIP 3992,-,98 G. Psc,243,4928,Psc
12.8907945,51.57142447,6.22,HIP 4023,-,-,241,4881,Cas
13.10216416,-69.50376128,6.22,HIP 4084,-,λ 1 Tucanae,252,5190,Tuc
13.1583,-72.8003,2.2,-,-,NAME SMC,-,-,Tuc
13.16926912,-24.00584309,5.48,HIP 4104,-,88 G. Cet,247,5098,Cet
13.25205925,-1.144259783,4.76,HIP 4147,-,20 Cet,248,5112,Cet
13.26748518,61.12397202,4.8,HIP 4151,-,-,244,5015,Cas
13.36759512,37.41820327,6.057,HIP 4185,-,-,249,5118,And
13.4078239,-62.87135987,5.748,HIP 4200,-,BQ Tuc,257,5276,Tuc
13.44833213,52.68929443,6.31,HIP 4212,-,-,250,5128,Cas
13.5733033,-8.740663899,6.161,HIP 4257,-,21 Cet,255,5268,Cet
13.64676071,19.18842217,5.79,HIP 4267,-,66 Psc,254,5267,Psc
13.64678952,19.18840437,6.13,HIP 4267,-,* 66 Psc A,254,5267,Psc
13.72141693,83.70740982,5.59,HIP 4283,-,-,240,4853,Cep
13.74188453,23.62849729,6.43,HIP 4288,-,* 36 And B,258,5286,And
13.74210682,23.62831351,6,HIP 4288,-,* 36 And A,258,5286,And
13.74210869,23.62832774,5.45,HIP 4288,-,36 And,258,5286,And
13.75064876,58.97269921,4.82,HIP 4292,-,υ 1 Cassiopeiae,253,5234,Cas
13.7512962,-69.52708464,5.454,HIP 4293,-,λ 2 Tucanae,270,5457,Tuc
13.77168476,48.67852253,6.31,HIP 4298,-,-,256,5273,Cas
13.81113867,24.55706414,6.24,HIP 4317,-,-,259,5316,Psc
13.92666733,-7.34714872,5.85,HIP 4346,-,93 G. Cet,263,5384,Cet
13.98140508,-27.77583956,6.13,HIP 4363,-,-,268,5445,Scl
13.99379058,27.20938196,6.1,HIP 4366,-,67 Psc,262,5382,Psc
14.00620662,-11.26652605,5.326,HIP 4371,-,ϕ 3 Ceti,267,5437,Cet
14.03799938,13.95195876,6.44,HIP 4382,-,-,-,5418,Psc
14.05405012,57.99655836,6.19,HIP 4383,-,-,260,5343,Cas
14.16627144,59.18105702,4.622,HIP 4422,Castula,υ 2 Cassiopeiae,265,5395,Cas
14.17721289,60.71674002,2.39,HIP 4427,Tiansi,γ Cassiopeiae,264,5394,Cas
14.18837115,38.49933427,3.87,HIP 4436,-,μ Andromedae,269,5448,And
14.19571524,60.36283867,5.566,HIP 4440,-,-,266,5408,Cas
14.22971961,68.77563793,6.386,HIP 4446,-,-,261,5357,Cas
14.30166783,23.41765002,4.42,HIP 4463,Kui,η Andromedae,271,5516,And
14.33169425,61.42189477,6.437,HIP 4475,-,-,-,5459,Cas
14.41518723,45.8393801,6.086,HIP 4501,-,-,272,5526,And
14.45896739,28.99221399,5.438,HIP 4510,-,68 Psc,274,5575,Psc
14.47712866,13.69586191,6.283,HIP 4520,-,-,276,5612,Psc
14.55924556,33.95088447,5.98,HIP 4552,-,-,275,5608,And
14.57871272,21.4044944,6.46,HIP 4558,-,-,277,5641,Psc
14.59262314,-60.69623852,6.235,HIP 4563,-,-,281,5771,Tuc
14.62942495,66.35179378,5.97,HIP 4572,-,-,273,5550,Cas
14.65149694,-29.35745339,4.27,HIP 4577,-,α Sculptoris,280,5737,Scl
14.68278355,-11.37997519,5.614,HIP 4587,-,ϕ 4 Ceti,279,5722,Cet
14.95702965,6.483226131,6.14,HIP 4655,-,WW Psc,284,5820,Psc
15.01482355,44.71324752,6.05,HIP 4675,-,-,282,5788,And
15.12918227,70.98299033,6.4,HIP 4709,-,-,278,5715,Cas
15.32614752,-38.91652842,5.582,HIP 4770,-,ξ Sculptoris,288,6055,Scl
15.36268611,49.54422114,6.48,HIP 4786,-,-,-,5927,Cas
15.41101888,-16.26557175,6.47,HIP 4801,-,101 G. Cet,-,6037,Cet
15.50758508,-57.00238736,6.1,HIP 4829,-,ω Phoenicis,295,6192,Phe
15.57695715,51.03494746,6.49,HIP 4844,-,-,287,6028,Cas
15.61012941,-31.55201383,5.501,HIP 4852,-,σ Sculptoris,293,6178,Scl
15.67877897,-65.45610155,6.275,HIP 4879,-,CC Tuc,304,6311,Tuc
15.70456995,31.80426168,5.5,HIP 4889,-,σ Piscium,291,6118,Psc
15.70495705,-46.39730927,5.387,HIP 4890,-,-,299,6245,Phe
15.72606128,41.34521355,5.932,HIP 4903,-,39 And,290,6116,And
15.73586826,7.890133181,4.28,HIP 4906,-,ϵ Piscium,294,6186,Psc
15.76057063,-4.836599219,5.408,HIP 4914,-,25 Cet,296,6203,Cet
15.82372444,-29.52584649,6.283,HIP 4932,-,-,300,6269,Scl
15.90418082,61.0748226,6,HIP 4962,-,-,292,6130,Cas
15.95428421,1.366847257,6.065,HIP 4979,-,26 Cet,301,6288,Cet
16.00996052,52.50216184,5.977,HIP 4998,-,-,298,6211,Cas
16.08104619,61.58018395,5.833,HIP 5021,-,-,297,6210,Cas
16.115102,29.65878665,6.202,HIP 5034,-,-,303,6301,Psc
16.13572745,-33.532865,6.46,HIP 5042,-,-,-,6403,Scl
16.21932464,5.656264734,6.007,HIP 5074,-,73 Psc,307,6386,Psc
16.2723164,14.94613496,5.631,HIP 5081,-,72 Psc,308,6397,Psc
16.40367813,-9.979322742,6.088,HIP 5121,-,27 Cet,315,6482,Cet
16.42060054,21.4731919,5.273,HIP 5131,-,ψ 1 Piscium A,310,6456,Psc
16.42379629,21.46544778,5.455,HIP 5132,-,ψ 1 Piscium B,311,6457,Psc
16.52099799,-46.71841069,3.3,HIP 5165,-,β Phoenicis,322,6595,Phe
16.52103212,-46.718404,4.09,HIP 5165,-,* bet Phe B,322,6595B,Phe
16.52123031,-46.71849869,4,HIP 5165,-,* bet Phe A,322,6595,Phe
16.52145268,-9.83935521,5.565,HIP 5164,-,28 Cet,317,6530,Cet
16.53214248,-23.99248441,6.114,HIP 5170,-,106 G. Cet,320,6559,Cet
16.54667081,32.1814886,6.26,HIP 5175,-,76 Psc,-,6476,Psc
16.64011065,12.95603738,6.144,HIP 5204,-,75 Psc,319,6557,Psc
16.75072711,56.93497185,6.401,HIP 5240,-,-,316,6497,Cas
16.78940997,53.49818484,6.29,HIP 5251,-,-,318,6540,Cas
16.803851,-23.99633496,6.353,HIP 5259,-,108 G. Cet,325,6668,Cet
16.82776801,-61.77528842,5.342,HIP 5268,-,ι Tucanae,332,6793,Tuc
16.94253648,-9.785550681,5.705,HIP 5296,-,30 Cet,329,6706,Cet
16.94926387,-41.48684314,5.207,HIP 5300,-,υ Phoenicis,331,6767,Phe
16.98818325,20.73906955,5.563,HIP 5310,-,ψ 2 Piscium,328,6695,Psc
17.06792894,54.92015589,5.17,HIP 5336,-,μ Cassiopeiae,321,6582,Cas
17.09255598,5.649850695,5.501,HIP 5346,-,80 Psc,330,6763,Psc
17.0961691,-55.24576,4.014,HIP 5348,Wurren,ζ Phoenicis,338,6882,Phe
17.13944276,58.26345139,5.767,HIP 5361,-,-,326,6676,Cas
17.14746389,-10.18226443,3.45,HIP 5364,-,η Ceti,334,6805,Cet
17.18699431,86.25709067,4.225,HIP 5372,-,2 UMi,285,5848,Cep
17.30077449,80.01158159,6.23,HIP 5412,-,-,312,6473,Cep
17.3755086,47.24179659,4.294,HIP 5434,Junnanmen A,* phi And A,335,6811A,And
17.3755234,47.24179429,4.25,HIP 5434,Junnanmen,ϕ Andromedae,335,6811,And
17.3756358,47.24172966,5.62,HIP 5434,Junnanmen B,* phi And B,335,6811B,And
17.43301617,35.62055765,2.05,HIP 5447,Mirach,β Andromedae,337,6860,And
17.45500374,19.65840691,5.562,HIP 5454,-,ψ 3 Piscium,339,6903,Psc
17.53072084,-57.69438958,6.418,HIP 5477,-,-,350,7082,Phe
17.54767349,15.67391059,6.043,HIP 5483,-,-,344,6966,Psc
17.54977388,-8.906134656,6.394,HIP 5485,-,32 Cet,346,6976,Cet
17.57808504,42.081475,5.665,HIP 5493,-,44 And,340,6920,And
17.5810423,25.45776216,5.797,HIP 5494,-,-,341,6953,Psc
17.63980434,2.44567434,5.942,HIP 5510,-,33 Cet,347,7014,Cet
17.66384336,68.77862268,5.309,HIP 5518,-,31 Cas,336,6829,Cas
17.77567539,55.14989972,4.33,HIP 5542,-,θ Cassiopeiae,343,6961,Cas
17.77818049,31.42472935,5.152,HIP 5544,-,82 Psc,349,7034,Psc
17.79282142,37.72412445,5.786,HIP 5550,-,45 And,348,7019,And
17.85654613,64.20267788,5.548,HIP 5566,-,-,342,6960,Cas
17.86341123,21.03464917,4.658,HIP 5571,-,χ Piscium,351,7087,Psc
17.87071873,10.29190763,6.493,HIP 5575,-,112 G. Psc,-,7107,Psc
17.91507153,30.08963793,4.511,HIP 5586,-,τ Piscium,352,7106,Psc
17.92251006,65.01885383,5.564,HIP 5589,-,32 Cas,345,6972,Cas
17.9312839,-2.251078022,5.918,HIP 5594,-,34 Cet,353,7147,Cet
18.07006799,79.67396377,5.6,HIP 5626,-,-,333,6798,Cep
18.14201197,45.3375294,6.11,HIP 5650,-,-,355,7158,And
18.189302,-37.85647767,5.934,HIP 5661,-,AI Scl,359,7312,Scl
18.24781097,30.06422783,6.23,HIP 5679,-,-,356,7229,Psc
18.43285834,7.575359937,5.19,HIP 5737,Revati,ζ Piscium A,361,7344,Psc
18.43727524,24.58369762,4.66,HIP 5742,-,ϕ Piscium,360,7318,Psc
18.43856123,7.57824453,6.1,HIP 5743,-,ζ Piscium B,362,7345,Psc
18.5204381,28.52956902,6.347,HIP 5772,-,DT Psc,363,7351,Psc
18.53178401,16.13347624,5.962,HIP 5778,-,87 Psc,364,7374,Psc
18.60016957,-7.922825824,5.13,HIP 5799,-,37 Cet,366,7439,Cet
18.67663317,6.995138177,6.022,HIP 5824,-,88 Psc,367,7446,Psc
18.70488542,-0.973794436,5.69,HIP 5833,-,38 Cet,368,7476,Cet
18.79633928,-45.53166461,4.96,HIP 5862,-,ν Phoenicis,370,7570,Phe
18.94203793,-68.87594481,4.95,HIP 5896,-,κ Tucanae,377,7788,Tuc
19.04959132,71.74384036,5.86,HIP 5926,-,V762 Cas,365,7389,Cas
19.05503801,87.14549672,6.188,HIP 5928,-,-,306,6319,Cep
19.07884266,33.11471922,6.026,HIP 5936,-,-,371,7578,Psc
19.1286699,79.91001823,6.261,HIP 5947,-,-,357,7238,Cep
19.15119977,-2.500369062,5.428,HIP 5951,-,39 Cet,373,7672,Cet
19.26565794,-66.39785519,6.24,HIP 5992,-,-,380,7916,Tuc
19.26565951,-66.39785297,6.41,-,-,-,380,7916A,Tuc
19.27110243,44.90199206,6.11,HIP 5993,-,-,372,7647,And
19.35046653,31.74461861,6.36,HIP 6025,-,-,374,7724,Psc
19.44981856,3.614469093,5.137,HIP 6061,-,89 Psc,378,7804,Psc
19.54228507,47.41970597,6.246,HIP 6087,-,-,376,7758,And
19.69587388,37.38627873,6.497,HIP 6140,-,-,379,7853,And
19.86664022,27.26405866,4.748,HIP 6193,-,υ Piscium,383,7964,Psc
19.887,58.278,6.4,-,-,NGC 457,-,-,Cas
19.95123289,-0.50903151,5.87,HIP 6226,-,42 Cet,385,8036,Cet
19.95123488,-0.509025975,6.45,HIP 6226,-,* 42 Cet A,385,8036A,Cet
20.02048528,58.23161323,4.98,HIP 6242,-,ϕ Cassiopeiae,382,7927,Cas
20.08082529,77.57068563,6.318,HIP 6261,-,-,375,7732,Cas
20.11586633,-11.23899664,6.147,HIP 6272,-,128 G. Cet,388,8121,Cet
20.14405003,-3.246991535,6.246,HIP 6283,-,127 G. Cet,387,8120,Cet
20.27194279,64.6581319,6.322,HIP 6312,-,35 Cas,384,8003,Cas
20.2807209,28.7382072,5.223,HIP 6315,-,91 Psc,389,8126,Psc
20.49626154,76.23880807,6.38,HIP 6378,-,-,381,7925,Cas
20.58508365,45.52877674,4.868,HIP 6411,Adhil,ξ Andromedae,390,8207,And
20.62700454,-19.08120634,6.487,HIP 6427,-,133 G. Cet,394,8350A,Cet
20.65397246,1.726332844,6.201,HIP 6432,-,131 G. Cet,392,8334,Cet
20.83924878,58.14299409,6.35,HIP 6486,-,-,391,8272,Cas
20.85395388,20.46896843,5.971,HIP 6492,-,-,397,8388,Psc
20.87899119,-30.94561643,5.819,HIP 6502,-,-,400,8498,Scl
20.90613023,34.24586521,6.28,HIP 6512,-,-,396,8375,And
20.91923451,37.71494427,5.587,HIP 6514,-,47 And,395,8374,And
20.94500702,78.72605786,6.064,HIP 6522,-,-,386,8065,Cep
21.00584701,-8.183260897,3.59,HIP 6537,-,θ Ceti,402,8512,Cet
21.01057835,-8.007414644,6.21,HIP 6539,-,44 Cet,401,8511,Cet
21.08542557,-6.914659298,5.92,HIP 6564,-,137 G. Cet,404,8556,Cet
21.16639738,-15.66046568,6.183,HIP 6589,-,139 G. Cet,405,8589,Cet
21.16994389,-41.49254564,5.417,HIP 6592,-,-,408,8651,Phe
21.17464248,-44.52857653,6.247,HIP 6595,-,-,411,8681,Phe
21.20283755,-2.848589819,6.164,HIP 6605,-,138 G. Cet,406,8599,Cet
21.27211074,-64.36947606,5.9,HIP 6631,-,-,420,8810,Hyi
21.39865423,23.51151669,6.187,HIP 6669,-,-,407,8634,Psc
21.40516435,-14.59878516,4.907,HIP 6670,-,46 Cet,412,8705,Cet
21.44304697,70.97989908,6.36,HIP 6685,-,-,398,8424,Cas
21.45396446,60.23528403,2.68,HIP 6686,Ruchbah,δ Cassiopeiae,403,8538,Cas
21.46818786,-3.927389489,6.5,HIP 6687,-,-,-,8713,Cet
21.48342997,68.1300138,4.727,HIP 6692,-,ψ Cassiopeiae,399,8491,Cas
21.53660987,34.57970327,6.34,HIP 6702,-,-,410,8673,And
21.56359332,19.17234739,5.344,HIP 6706,-,ρ Piscium,413,8723,Psc
21.57785955,43.45774165,5.978,HIP 6711,-,-,409,8671,And
21.59832221,20.07080687,6.439,HIP 6714,-,-,-,8733,Psc
21.6139455,-0.399032285,6.426,HIP 6717,-,144 G. Cet,416,8779,Cet
21.67366314,19.24042391,5.495,HIP 6732,-,94 Psc,414,8763,Psc
21.7148532,-13.0565111,5.505,HIP 6748,-,47 Cet,421,8829,Cet
21.74205799,-32.54317757,5.72,HIP 6759,-,R Scl,423,8879,Scl
21.84712534,-22.33823201,6.41,HIP 6789,-,148 G. Cet,-,8896,Cet
21.86113703,41.10116051,6.425,HIP 6794,-,V529 And,418,8801,And
21.91408631,45.40668476,4.83,HIP 6813,-,ω Andromedae,417,8799,And
21.9439268,-10.90158186,6.21,HIP 6822,-,149 G. Cet,425,8921,Cet
22.09136952,-43.31823474,3.42,HIP 6867,-,γ Phoenicis,429,9053,Phe
22.09548234,7.96135526,6.214,HIP 6868,-,118 G. Psc,426,8949,Psc
22.37724497,-46.75642131,6.28,HIP 6952,-,AW Phe,435,9184,Phe
22.40056538,-21.6293361,5.104,HIP 6960,-,48 Cet,433,9132,Cet
22.42840317,-25.61775563,6.37,HIP 6971,-,-,-,9151,Scl
22.47026128,18.35566873,6.023,HIP 6981,-,97 Psc,432,9100,Psc
22.52542296,47.00727253,5.261,HIP 6999,-,49 And,430,9057,And
22.54631261,6.143821712,4.84,HIP 7007,-,μ Piscium,434,9138,Psc
22.59543738,-26.20785163,5.926,HIP 7016,-,-,436,9228,Scl
22.71716567,66.09808844,6.137,HIP 7050,-,-,428,9030,Cas
22.81293373,-49.07270281,3.935,HIP 7083,-,δ Phoenicis,440,9362,Phe
22.87086745,15.34583184,3.62,HIP 7097,Alpherg,η Piscium,437,9270,Psc
22.91252524,-45.57571458,6.17,HIP 7115,-,-,443,9414,Phe
22.93022665,-30.2830979,5.788,HIP 7118,-,-,441,9377,Scl
23.0315746,34.79996322,6.373,HIP 7147,-,-,438,9298,Tri
23.1515297,-49.72771379,6.26,HIP 7189,-,-,447,9544,Phe
23.23351866,-36.86523481,5.493,HIP 7213,-,-,445,9525,Scl
23.326158,8.208736,6.33,-,-,-,-,9496A,Psc
23.32615808,8.20873647,6.33,HIP 7243,-,121 G. Psc,-,9496,Psc
23.35711493,58.32734699,5.709,HIP 7251,-,-,439,9352,Cas
23.41321286,-78.50481979,6.103,HIP 7271,-,-,467,10042,Hyi
23.42848216,-7.025344112,5.76,HIP 7276,-,165 G. Cet,448,9562,Cet
23.46129206,89.01563836,6.47,HIP 7283,-,-,286,5914,UMi
23.46206906,30.66017511,5.72,-,-,M 33,-,-,Tri
23.48283949,59.23205391,4.681,HIP 7294,-,χ Cassiopeiae,442,9408,Cas
23.5692499,37.23716473,5.91,HIP 7321,-,KK And,446,9531,And
23.65741116,-15.67636074,5.607,HIP 7345,-,49 Cet,451,9672,Cet
23.70443835,18.46051162,5.903,HIP 7359,-,-,450,9640,Psc
23.71159966,-31.89231568,6.11,HIP 7361,-,-,453,9742,Scl
23.71382703,-3.523886306,6.43,HIP 7362,-,166 G. Cet,-,9690,Cet
23.71488198,-23.69968144,6.4,HIP 7363,-,168 G. Cet,-,9731,Cet
23.81259639,-58.13947441,6.01,HIP 7387,-,-,460,9896,Hyi
23.94350972,14.66142146,6.219,HIP 7436,-,101 Psc,455,9766,Psc
23.96069282,-39.94712375,6.43,HIP 7443,-,-,-,9895,Phe
23.96906552,41.07641872,6.386,HIP 7444,-,-,452,9712,And
23.99570722,-15.40018228,5.402,HIP 7450,-,50 Cet,459,9856,Cet
24.03544563,-29.90730307,5.93,HIP 7463,-,* tau Scl A,462,9906,Scl
24.11333578,48.7227779,6.22,HIP 7493,-,OP And,454,9746,And
24.18135909,7.83152809,6.42,HIP 7505,-,CY Psc,-,9889,Psc
24.18662181,-58.270985,6.205,HIP 7506,-,-,468,10052,Hyi
24.19933977,41.40545871,4.1,HIP 7513,Titawin,υ Andromedae,458,9826,And
24.27469244,12.14178295,5.535,HIP 7535,-,π Piscium,463,9919,Psc
24.36681872,-84.76961693,5.667,HIP 7568,-,-,525,11025,Oct
24.40710927,-9.403822082,6.24,HIP 7580,-,170 G. Cet,466,10009,Cet
24.42852283,-57.23675281,0.46,HIP 7588,Achernar,α Eridani,472,10144,Eri
24.4669521,-3.440678756,6.44,HIP 7597,-,171 G. Cet,-,10024,Cet
24.48148621,-82.97499629,5.87,HIP 7601,-,-,512,10800,Oct
24.49815843,48.62821196,3.57,HIP 7607,Nembus,υ Persei,464,9927,And
24.53152709,57.97763203,5.536,HIP 7617,-,-,461,9900,Cas
24.61451626,-36.52825019,5.939,HIP 7643,-,-,471,10142,Scl
24.6288246,73.04003822,5.281,HIP 7650,-,40 Cas,456,9774,Cas
24.63260634,45.39970435,6.38,HIP 7651,-,GY And,465,9996,And
24.71578563,-21.27538486,5.58,HIP 7679,-,172 G. Cet,473,10148,Cet
24.83745239,44.38617498,5.008,HIP 7719,-,χ Andromedae,469,10072,And
24.92007644,16.40585514,5.979,HIP 7740,-,105 Psc,475,10164,Psc
24.9481863,-56.19644811,5.797,HIP 7751,-,* p Eri B,487,10361,Eri
24.94921957,-56.19331786,5.685,HIP 7751,-,* p Eri A,486,10360,Eri
25.05458717,53.86827764,6.37,HIP 7786,-,-,470,10110,Per
25.14506744,40.57703881,4.94,HIP 7818,-,τ Andromedae,477,10205,And
25.14555366,8.760788639,6.345,HIP 7819,-,124 G. Psc,-,10262,Psc
25.16523941,43.29767009,5.629,HIP 7825,-,-,476,10204,And
25.32656543,25.74571268,6.202,HIP 7874,-,-,484,10308,Psc
25.339467,-79.148206,6.46,HIP 7879,-,* tau01 Hyi A,516,10859,Hyi
25.35789226,5.487611635,4.44,HIP 7884,-,ν Piscium,489,10380,Psc
25.36383991,-38.13282666,6.183,HIP 7886,-,-,494,10481,Scl
25.41348608,30.04712008,5.961,HIP 7906,-,-,485,10348,Tri
25.436771,-11.324678,6.14,-,-,-,492,10453A,Cet
25.44636189,42.61339488,4.96,HIP 7918,-,41 H. And,483,10307,And
25.44986701,-60.78933743,5.692,HIP 7921,-,-,505,10615,Hyi
25.51247424,-36.83230375,5.698,HIP 7941,-,-,498,10538,Scl
25.51454018,35.24570525,5.64,HIP 7943,-,-,490,10390,Tri
25.53595557,-32.32698755,5.256,HIP 7955,-,π Sculptoris,497,10537,Scl
25.57375596,58.62773669,6.348,HIP 7963,-,-,482,10293,Cas
25.58552893,68.04302514,5.59,HIP 7965,-,43 Cas,478,10221,Cas
25.62214382,-53.74083096,5.52,HIP 7978,-,-,506,10647,Eri
25.62401052,20.26851268,5.24,HIP 7981,-,107 Psc,493,10476,Psc
25.68129814,-3.690199539,4.982,HIP 7999,-,175 G. Cet,500,10550,Cet
25.73276365,70.62252558,5.174,HIP 8016,-,42 Cas,480,10250,Cas
25.74300107,61.42107332,6.323,HIP 8020,-,-,488,10362,Cas
25.81876638,45.32264919,6.32,HIP 8044,-,-,495,10486,And
25.83231946,60.55133248,5.76,HIP 8046,-,44 Cas,491,10425,Cas
25.9151582,50.68873142,4.06,HIP 8068,Dajiangjunbei,ϕ Persei,496,10516,Per
25.95892848,32.19201634,6.3,HIP 8086,-,-,503,10588,Tri
25.97831704,-4.765514327,6.19,HIP 8094,-,176 G. Cet,507,10658,Cet
26.008,61.883,6.5,-,-,NGC 654,-,-,Cas
26.01701307,-15.93747989,3.5,HIP 8102,-,τ Ceti,509,10700,Cet
26.07484443,57.53660656,6.28,-,-,-,499,10543A,Cas
26.11052776,46.13969242,6.31,HIP 8127,-,-,504,10597,And
26.19238033,57.08923239,6.24,HIP 8148,-,-,502,10587,Cas
26.23260631,20.08314914,6.279,HIP 8159,-,109 Psc,508,10697,Psc
26.3484384,9.157750733,4.26,HIP 8198,Torcular,ο Piscium,510,10761,Psc
26.41148801,-25.05261174,5.31,HIP 8209,-,ϵ Sculptoris,514,10830,Scl
26.41152939,-25.05261468,5.34,HIP 8209,-,* eps Scl A,514,10830A,Scl
26.4272181,8.559249462,6.43,HIP 8210,-,-,-,10783,Psc
26.49691601,-5.73329954,5.34,HIP 8230,-,179 G. Cet,513,10824,Cet
26.50440853,-27.34883114,6.385,HIP 8233,-,-,517,10863,For
26.52485575,-50.81625447,5.49,HIP 8240,-,-,519,10934,Phe
26.52609583,-53.5220357,5.033,HIP 8241,-,-,520,10939,Eri
26.81959746,-41.75992372,6.165,HIP 8320,-,-,524,11022,Phe
26.93681015,63.85250306,5.63,HIP 8362,-,-,511,10780,Cas
26.94352856,-80.17630878,6.04,HIP 8366,-,τ 2 Hydri,550,11604,Hyi
26.94903522,-37.15948384,6.32,HIP 8369,-,-,528,11050,For
26.95006028,46.22974887,6.317,HIP 8370,-,-,518,10874,And
27.031,71.738,5.7,-,-,Cl Collinder 463,-,-,Cas
27.04551537,16.95551597,5.841,HIP 8387,-,4 Ari,522,10982,Ari
27.10841423,3.685449663,5.904,HIP 8404,-,131 G. Psc,527,11037,Psc
27.16218821,37.95287025,5.929,HIP 8423,-,-,521,10975,And
27.31471241,47.89691658,6.46,HIP 8475,-,-,526,11031A,Per
27.33092044,-31.07246155,6.348,HIP 8480,-,-,532,11183,For
27.39626153,-10.68640861,4.68,HIP 8497,-,χ Ceti,531,11171,Cet
27.45358831,-38.40282898,6.37,HIP 8514,-,-,535,11262,For
27.53570767,22.2753361,5.86,HIP 8544,-,1 Ari A,530,11154,Ari
27.53571255,22.27533611,6.2,HIP 8544,-,* 1 Ari A,530,11154,Ari
27.58409001,-47.81639065,6.14,HIP 8552,-,-,537,11332,Phe
27.71655254,11.04337833,5.922,HIP 8588,-,54 Cet,534,11257,Ari
27.72681339,-50.20613681,5.929,HIP 8593,-,BD Phe,541,11413,Phe
27.73803387,51.9334177,5.951,HIP 8598,-,-,529,11151,Per
27.8598178,-39.83593564,6.43,HIP 8641,-,-,-,11421,Phe
27.86513062,-10.33503107,3.72,HIP 8645,Baten Kaitos,ζ Ceti,539,11353,Cet
27.90750062,-6.874139525,6.41,HIP 8664,-,186 G. Cet,-,11365,Cet
27.94207872,-15.64748073,6.45,HIP 8688,-,187 G. Cet,-,11396,Cet
27.99716702,55.14738436,5.52,HIP 8704,-,1 Per,533,11241,Per
28.03905129,50.79279281,5.689,HIP 8714,-,2 Per,536,11291,Per
28.21135598,51.47483665,6.3,HIP 8771,-,-,538,11335,Per
28.21713686,-16.92925063,5.782,HIP 8778,-,BK Cet,547,11522,Cet
28.27043924,29.57881867,3.42,HIP 8796,Mothallah,α Trianguli,544,11443,Tri
28.32226803,40.72979042,5.394,HIP 8814,-,55 And,543,11428,And
28.34655254,-38.59463166,6.086,HIP 8820,-,-,554,11643,For
28.38255387,19.29385555,4.52,HIP 8832,Mesarthim,* gam02 Ari,546,-,Ari
28.38258001,19.295953,4.589,HIP 8832,-,* gam01 Ari,545,11502,Ari
28.38890413,3.187532506,4.604,HIP 8833,-,ξ Piscium,549,11559,Psc
28.4114138,-46.30266927,4.41,HIP 8837,-,ψ Phoenicis,555,11695,Phe
28.45214391,55.59763847,6.437,HIP 8847,-,-,540,11408,Per
28.59179965,-42.49692837,5.109,HIP 8882,-,ϕ Phoenicis,558,11753,Phe
28.59889203,63.67010007,3.37,HIP 8886,Segin,ϵ Cassiopeiae,542,11415,Cas
28.66004579,20.80803147,2.65,HIP 8903,Sheratan,β Arietis,553,11636,Ari
28.72408436,40.70199775,6.248,HIP 8922,-,-,551,11613,And
28.73388102,-67.64730317,4.685,HIP 8928,-,η 2 Hydri,570,11977,Hyi
28.74025495,37.12829634,6.267,HIP 8930,-,-,552,11624,And
28.94367509,-60.86097414,6.058,HIP 8983,-,-,571,11995,Hyi
28.96062078,-78.34854617,6.146,HIP 8991,-,σ Hydri,593,12363,Hyi
28.96266019,23.57731542,5.749,HIP 8993,-,7 Ari,559,11763,Ari
28.97700293,37.27779046,5.867,HIP 9001,-,-,556,11727,And
28.98941569,-51.60887759,3.71,HIP 9007,-,χ Eridani,566,11937,Eri
29.00011792,68.68523998,4.968,HIP 9009,-,ω Cassiopeiae,548,11529,Cas
29.03920243,-49.83644501,6.36,HIP 9022,-,9 G. Eri,-,11965,Eri
29.16751092,-22.52678469,4.85,HIP 9061,-,56 Cet,565,11930,Cet
29.24993643,-51.76624585,6.1,HIP 9085,-,10 G. Eri,573,12042,Eri
29.29003093,-10.2424257,6.42,HIP 9094,-,-,-,11964,Cet
29.29199839,-47.38527976,4.834,HIP 9095,-,-,574,12055,Phe
29.33773985,17.81755601,5.105,HIP 9110,-,ι Arietis,563,11909,Ari
29.43226737,27.8043772,5.85,HIP 9132,-,-,564,11928,Tri
29.47218492,-65.42467714,6.357,HIP 9149,-,-,584,12270,Hyi
29.48215309,23.59606278,4.766,HIP 9153,-,λ Arietis,569,11973,Ari
29.49681501,47.09552226,6.45,HIP 9163,-,-,-,11884,And
29.611167,-33.06679354,6.374,HIP 9207,-,-,576,12135,For
29.63847981,61.69779032,6.004,HIP 9220,-,-,561,11857,Cas
29.63960818,49.20435293,5.702,HIP 9222,-,3 Per,568,11949,Per
29.6916561,-11.3009559,6.46,HIP 9237,-,193 G. Cet,-,12116,Cet
29.6922441,-61.56982215,2.84,HIP 9236,-,α Hydri,591,12311,Hyi
29.8578476,12.29488031,6.076,HIP 9295,-,-,578,12140,Ari
29.89868147,21.05856884,5.892,HIP 9307,-,-,577,12139,Ari
29.90849025,64.62160004,5.278,HIP 9312,-,-,567,11946,Cas
29.91172943,-42.03053236,5.563,HIP 9313,-,-,588,12296,Phe
29.9213651,-66.06655865,6.078,HIP 9318,-,-,600,12477,Hyi
29.94250001,-20.82453857,5.429,HIP 9326,-,57 Cet,583,12255,Cet
30.0012853,-21.07783167,4.02,HIP 9347,-,υ Ceti,585,12274,Cet
30.11176106,-8.523873627,5.51,HIP 9372,-,AR Cet,587,12292,Cet
30.31134528,-30.00183035,5.35,HIP 9440,-,π Fornacis,594,12438,For
30.3224417,-2.97763889,6.47,HIP 10826,Mira,ο Ceti,681,14386,Cet
30.42656812,-44.71350732,5.14,HIP 9459,-,χ Phoenicis,602,12524,Phe
30.48932001,70.90706451,4.63,HIP 9480,-,* 48 Cas A,575,12111,Cas
30.4895513,70.90696692,4.54,HIP 9480,-,48 Cas,575,12111,Cas
30.51125939,2.763811289,5.135,HIP 9487,Alrescha,* alf Psc B,595,12446,Psc
30.51175823,2.763771961,4.11,HIP 9487,Alrescha A,* alf Psc A,596,12447,Psc
30.57545169,54.48754032,5.04,HIP 9505,-,4 Per,590,12303,Per
30.61776882,-29.66564283,6.41,HIP 9521,-,-,606,12563,For
30.64615421,13.4767209,5.94,HIP 9533,-,-,601,12479,Ari
30.7155653,-23.88662853,6.29,HIP 9562,-,-,-,12596,For
30.71864958,64.90146401,5.986,HIP 9564,-,52 Cas,586,12279,Cas
30.73762718,77.91626249,6.046,HIP 9568,-,-,572,12005,Cep
30.74148262,33.2841341,5.516,HIP 9570,-,ϵ Trianguli,599,12471,Tri
30.74404005,-15.30593017,5.864,HIP 9572,-,202 G. Cet,608,12583,Cet
30.75078172,64.39001802,5.614,HIP 9573,-,53 Cas,589,12301,Cas
30.79354274,73.85056958,6.15,HIP 9586,-,-,579,12173,Cas
30.79854295,0.128508177,5.423,HIP 9589,-,60 Cet,607,12573,Cet
30.85878517,72.42129412,3.938,HIP 9598,-,50 Cas,580,12216,Cas
30.91393728,25.93547353,5.765,HIP 9621,-,* 10 Ari A,605,12558A,Ari
30.91393946,25.93547582,5.694,HIP 9621,-,10 Ari,605,12558,Ari
30.91870393,-4.103514918,5.609,HIP 9622,-,203 G. Cet,611,12642,Cet
30.92754381,18.25325535,6.214,HIP 9627,-,-,609,12594,Ari
30.95068158,-0.340242734,5.942,HIP 9631,-,61 Cet,610,12641,Cet
30.97480121,42.32972842,2.1,HIP 9640,Almach,γ 1 Andromedae,603,12533,And
30.97815845,42.33091142,5.82,HIP 9640B,-,-,604,12534,And
31.05194031,-11.85976547,6.43,HIP 9655,-,205 G. Cet,-,12702,Cet
31.12268982,-29.2968047,4.69,HIP 9677,-,ν Fornacis,612,12767,For
31.14652013,-54.88167467,6.45,HIP 9685,-,12 G. Eri,-,12894,Eri
31.21254263,7.735661192,6.43,HIP 9706,-,138 G. Psc,-,12730,Psc
31.28093428,77.28134006,5.268,HIP 9727,-,47 Cas,581,12230,Cas
31.38145888,76.11506012,5.22,HIP 9763,-,49 Cas,592,12339,Cas
31.55109709,8.248111151,6.303,HIP 9809,-,WZ Psc,614,12872,Psc
31.62212226,0.035343811,6.295,HIP 9827,-,207 G. Cet,616,12923,Cet
31.64135405,22.64831878,5.019,HIP 9836,-,κ Arietis,613,12869,Ari
31.70514541,25.7045563,6.02,HIP 9859,-,11 Ari,615,12885,Ari
31.71687277,-19.1388711,6.39,HIP 9862,-,209 G. Cet,-,13004,Cet
31.7933571,23.46241755,2.01,HIP 9884,Hamal,α Arietis,617,12929,Ari
32.02368666,-41.88042037,6.5,HIP 9951,-,-,-,13218,Phe
32.12192132,37.85908513,4.82,HIP 9977,-,58 And,620,13041,And
32.13983204,44.45942964,6.38,HIP 9983,-,-,619,13013,And
32.16907957,58.42360298,5.68,HIP 9990,-,V472 Per,618,12953,Per
32.19025266,-17.77915663,6.056,HIP 9999,-,213 G. Cet,625,13215,Cet
32.28871818,-43.51659524,5.83,HIP 10035,-,-,632,13336,Phe
32.35545605,81.2959438,6.06,HIP 10054,-,-,597,12467,Cep
32.35552077,25.93983787,4.977,HIP 10053,-,14 Ari,623,13174,Ari
32.38594634,34.98729706,3,HIP 10064,Alaybasan,β Trianguli,622,13161,Tri
32.39500622,-24.34578569,6.47,HIP 10069,-,-,630,13305,For
32.45195585,-40.86649789,6.49,HIP 10096,-,-,-,13387,Phe
32.52004558,-43.81557462,6.322,HIP 10111,-,-,636,13423,Phe
32.53229389,53.84309208,6.303,HIP 10115,-,-,621,13137,Per
32.60799238,-50.82374033,6.117,HIP 10138,-,Gliese 86,637,13445,Eri
32.6566537,19.5003367,5.688,HIP 10155,-,15 Ari,631,13325,Ari
32.72010202,39.03954272,6.07,HIP 10176,-,59 And A,628,13294,And
32.72356918,39.04330951,6.1,HIP 10180,-,-,629,13295,And
32.8002286,25.93694226,5.999,HIP 10203,-,16 Ari,633,13363,Ari
32.83782816,8.569807186,5.623,HIP 10212,-,64 Cet,635,13421,Cet
32.84260903,-10.05216091,5.999,HIP 10215,-,219 G. Cet,638,13456,Cet
32.85426234,31.52639494,6.23,HIP 10220,-,5 Tri,634,13372,Tri
32.87163926,57.64554574,6.35,HIP 10227,-,5 Per,627,13267,Per
32.88959605,-17.74299108,6.49,HIP 10233,-,-,-,13511,Cet
32.89931237,-1.825426923,5.933,HIP 10234,-,63 Cet,639,13468,Cet
33.06570232,2.745552946,6.49,HIP 10273,-,221 G. Cet,-,13546,Cet
33.09283205,30.30307033,5.162,HIP 10280A,-,iot Tri A,642,13480A,Tri
33.09283344,30.30306751,4.952,HIP 10280,Triminus,ι Tri,642,13480,Tri
33.15641593,24.16778082,5.95,HIP 10296,-,-,644,13522,Ari
33.19808895,-2.393629618,5.66,HIP 10305,-,66 Cet,650,13612,Cet
33.20795131,79.69153776,6.445,HIP 10309,-,-,-,12927,Cep
33.22695832,-30.72382604,5.26,HIP 10320,-,μ Fornacis,652,13709,For
33.25000133,8.846702351,4.35,HIP 10324,-,ξ 1 Ceti,649,13611,Cet
33.25411475,-21.00013472,5.867,HIP 10326,-,226 G. Cet,651,13692,Cet
33.26376742,15.27986308,5.7,HIP 10328,-,19 Ari,648,13596,Ari
33.30550916,44.23164665,4.826,HIP 10340,-,60 And,643,13520,And
33.33810854,74.0277206,6.261,HIP 10350,-,-,626,13222,Cas
33.38962934,53.05858935,6.46,HIP 10361,-,-,-,13519,Per
33.4233771,58.56058536,6.43,HIP 10379,-,-,641,13476,Per
33.4731439,-9.064631703,6.42,HIP 10396,-,227 G. Cet,-,13763,Cet
33.56058677,-67.84144017,5.559,HIP 10418,-,π 1 Hydri,667,14141,Hyi
33.62120232,66.52444007,6.07,HIP 10438,-,55 Cas,640,13474,Cas
33.63310421,-41.16676285,5.907,HIP 10440,-,-,659,13940,Phe
33.8692739,-67.74636332,5.658,HIP 10513,-,π 2 Hydri,678,14287,Hyi
33.92823592,25.0430452,5.58,HIP 10535,-,21 Ari,657,13872,Ari
33.98453168,33.35889784,5.249,HIP 10559,-,7 Tri,655,13869,Tri
33.99055431,47.81193967,6.36,HIP 10562,-,-,653,13818,And
34.12744205,-51.51216516,3.57,HIP 10602,-,ϕ Eridani,674,14228,Eri
34.18990936,83.56141115,6.45,HIP 10623,-,-,-,12918,Cep
34.21548437,57.05524504,6.48,HIP 10633,-,-,654,13854,Per
34.24601431,-6.422117061,5.499,HIP 10642,-,67 Cet,666,14129,Cet
34.32861364,33.84719682,4,HIP 10670,Apdu,γ Trianguli,664,14055,Tri
34.49953011,57.89982132,5.748,HIP 10718,-,8 Per,661,13982,Per
34.50601382,1.75781208,5.59,HIP 10723,-,232 G. Cet,672,14214,Cet
34.51910235,57.51632206,6.023,HIP 10729,-,7 Per,662,13994,Per
34.53137755,19.90115761,5.572,HIP 10732,-,θ Arietis,669,14191,Ari
34.73747311,28.64267562,5.291,HIP 10793,-,10 Tri,675,14252,Tri
34.74140523,23.16779984,6.441,HIP 10795,-,-,676,14262,Ari
34.74376992,-25.94568716,6.34,HIP 10798,-,-,683,14412,For
34.79510152,46.47226141,6.22,HIP 10814,-,-,671,14213,And
34.8199872,47.3799759,5.31,HIP 10819,-,62 And,670,14212,And
34.84449055,48.95546055,6.41,HIP 10830,-,-,673,14221,And
34.85319609,-41.84836841,6.37,HIP 10832,-,-,686,14509,Phe
34.91990368,-4.345571475,6.491,HIP 10854,-,-,684,14417,Cet
34.97613144,-55.94479699,5.794,HIP 10871,-,-,688,14641,Hor
35.01857968,30.18808825,6.49,HIP 10884,-,-,680,14373,Tri
35.172983,47.31080149,6.154,HIP 10924,-,-,679,14372,And
35.24250643,50.1514959,5.59,HIP 10944,-,PZ And,682,14392,And
35.43725986,-68.65941859,4.09,HIP 11001,-,δ Hydri,705,15008,Hyi
35.48098109,57.24291667,6.48,HIP 11020,-,-,-,14433,Per
35.4859485,0.395672388,5.287,HIP 11021,-,69 Cet,689,14652,Cet
35.50638209,-10.77753545,5.421,HIP 11029,-,238 G. Cet,692,14691,Cet
35.52076071,-17.66217087,5.868,HIP 11033,-,239 G. Cet,693,14728,Cet
35.54895325,-43.19980949,6.298,HIP 11043,-,-,698,14832,Phe
35.55164785,-0.88485376,5.421,HIP 11046,-,70 Cet,691,14690,Cet
35.58930963,55.84565288,5.17,HIP 11060,-,9 Per,685,14489,Per
35.63579362,-23.81679996,5.198,HIP 11072,-,κ Fornacis,695,14802,For
35.70959758,41.39629376,5.795,HIP 11090,-,-,687,14622,And
35.7179554,-73.64579243,5.987,HIP 11095,-,κ Hydri,715,15248,Hyi
35.72781278,-51.09212771,5.898,HIP 11102,-,15 G. Eri,701,14943,Eri
35.74011593,-18.35498325,6.228,HIP 11108,-,240 G. Cet,697,14830,Cet
35.77749006,-37.5761417,6.496,HIP 11121,-,-,700,14890,For
35.96560154,55.36486185,6.291,HIP 11174,-,V440 Per,690,14662,Per
36.08381818,-25.84746151,6.429,HIP 11212,-,-,703,14988,For
36.10381664,50.00654333,5.19,HIP 11220,-,64 And,694,14770,And
36.14117853,-40.84045782,6.18,HIP 11231,-,-,706,15064,Phe
36.20440681,10.61055865,5.478,HIP 11249,-,ξ Arietis,702,14951,Ari
36.22462492,-60.31194806,5.355,HIP 11258,-,λ Horologii,714,15233,Hor
36.24328692,-2.78002824,6.335,HIP 11261,-,71 Cet,704,15004,Cet
36.31678477,56.60982067,6.26,HIP 11279,-,10 Per,696,14818,Per
36.36022522,-66.49402648,6.44,HIP 11293,-,TZ Hor,722,15379,Hor
36.40592907,50.2786287,4.71,HIP 11313,-,65 And,699,14872,And
36.48752436,-12.29047431,4.866,HIP 11345,-,ρ Ceti,708,15130,Cet
36.50144984,-15.34124867,5.83,HIP 11348,-,AB Cet,710,15144,Cet
36.64673852,-20.04261697,5.881,HIP 11381,-,250 G. Cet,713,15220,Cet
36.74634213,-47.70384066,4.25,HIP 11407,-,κ Eridani,721,15371,Eri
36.7801581,27.01239366,6.108,HIP 11415,-,-,711,15152,Ari
36.86571326,31.80127935,5.552,HIP 11432,-,11 Tri,712,15176,Tri
36.965742,50.56997413,6.156,HIP 11465,-,66 And,709,15138,And
37.00709666,-33.81103954,5.123,HIP 11477,-,ϕ Fornacis,724,15427,For
37.01827301,-64.29976788,6.349,HIP 11479,-,-,734,15646,Hor
37.03982108,8.460060225,4.3,HIP 11484,-,ξ 2 Ceti,718,15318,Cet
37.04158279,29.66932931,5.29,HIP 11486,-,12 Tri,717,15257,Tri
37.14763783,-31.10244792,6.105,HIP 11524,-,-,727,15471,For
37.20206036,29.93175793,5.901,HIP 11548,-,13 Tri,720,15335,Tri
37.26632087,67.4023867,4.61,HIP 11569,-,* iot Cas A,707,15089A,Cas
37.30700931,23.46902538,6.19,HIP 11578,-,-,723,15385,Ari
37.39732606,9.565627609,6.111,HIP 11603,-,254 G. Cet,725,15453,Cet
37.56919457,33.83372204,6.252,HIP 11651,-,-,726,15464,Tri
37.63480554,25.23502857,5.879,HIP 11670,-,-,728,15524,Ari
37.63664013,-22.54531836,6.148,HIP 11671,-,258 G. Cet,735,15652,Cet
37.66007139,19.85530336,6.13,HIP 11678,-,26 Ari,729,15550,Ari
37.68834685,0.255751883,5.99,HIP 11687,-,256 G. Cet,732,15633,Cet
37.72665801,17.70385856,6.225,HIP 11698,-,27 Ari,731,15596,Ari
37.87539755,2.26718292,5.269,HIP 11738,-,259 G. Cet,737,15694,Cet
37.91884606,-79.10941608,5.275,HIP 11757,-,μ Hydri,776,16522,Hyi
37.95456067,89.26410897,2.02,HIP 11767,Polaris,α Ursae Minoris,424,8890,UMi
38.02161583,-15.24490377,4.75,HIP 11783,-,σ Ceti,740,15798,Cet
38.02570738,36.14727258,5.144,HIP 11784,-,14 Tri,736,15656,Tri
38.03926004,-1.034893492,5.358,HIP 11791,-,75 Cet,739,15779,Cet
38.06149592,-36.42728703,6.276,HIP 11802,-,-,742,15889,For
38.21924858,34.54238374,5.826,HIP 11840,-,-,738,15755,Tri
38.22559126,15.03453558,5.988,HIP 11843,-,29 Ari,741,15814,Ari
38.2792746,-34.64996722,5.889,HIP 11867,-,λ 1 Fornacis,744,15975,For
38.41759765,-20.00192063,6.189,HIP 11907,-,263 G. Cet,745,15996,Cet
38.46125624,-28.23233766,4.96,HIP 11918,-,ω Fornacis,749,16046,For
38.47751707,-51.09354856,6.242,HIP 11925,-,-,755,16170,Hor
38.67759852,-7.85944517,5.731,HIP 12002,-,77 Cet,752,16074,Cet
38.76722399,7.470989871,6.163,HIP 12022,-,264 G. Cet,751,16060,Cet
38.86625541,39.66437953,6.345,HIP 12057,-,-,746,16004,And
38.91142118,37.31225909,5.71,HIP 12072,-,-,748,16028,And
38.94508859,34.68754992,5.374,HIP 12086,-,15 Tri,750,16058,Tri
38.96864187,5.59324,4.871,HIP 12093,-,ν Ceti,754,16161,Cet
39.0001994,-7.831596055,5.535,HIP 12107,-,80 Cet,759,16212,Cet
39.03860331,-30.04497833,5.729,HIP 12122,-,ι 1 Fornacis,767,16307,For
39.1461249,7.730027913,5.811,HIP 12148,-,272 G. Cet,766,16247,Cet
39.15799555,12.44763177,5.64,HIP 12153,-,31 Ari,763,16234,Ari
39.17929989,31.6076669,6.075,HIP 12160,-,-,757,16187,Tri
39.24419896,-34.57797535,5.79,HIP 12186,-,λ 2 Fornacis,772,16417,For
39.25218113,24.64721958,6.48,HIP 12189,-,30 Ari A,765,16246,Ari
39.27737243,32.8910897,6.226,HIP 12200,-,-,761,16220,Tri
39.35145262,-52.5431089,5.293,HIP 12225,-,η Horologii,778,16555,Hor
39.4002878,65.74533597,5.781,HIP 12239,-,-,747,16024,Cas
39.42417534,-3.396173869,5.647,HIP 12247,-,81 Cet,771,16400,Cet
39.50312774,7.695278395,6.39,HIP 12272,-,276 G. Cet,770,16399,Cet
39.50847155,72.81825294,5.166,HIP 12273,-,-,743,15920,Cas
39.57429487,37.72671334,6.191,HIP 12287,-,-,768,16327,And
39.57775574,-30.19406407,5.829,HIP 12288,-,ι 2 Fornacis,777,16538,For
39.60348012,-37.99054526,6.483,HIP 12300,-,-,780,16589,For
39.61648216,38.08914175,6.287,HIP 12305,-,-,769,16350,And
39.65333879,3.443199306,6.24,HIP 12318 ,-,-,775,16467A,Cet
39.65334523,3.443201719,6.237,HIP 12318,-,279 G. Cet,775,16467,Cet
39.7041352,21.96140205,5.451,HIP 12332,-,ν Arietis,773,16432,Ari
39.87065353,0.328508665,4.07,HIP 12387,-,δ Ceti,779,16582,Cet
39.89082255,-11.87209768,4.87,HIP 12390,-,ϵ Ceti,781,16620,Cet
39.8973402,-68.26694668,4.096,HIP 12394,-,ϵ Hydri,806,16978,Hyi
39.94989709,-42.89181086,4.75,HIP 12413,-,-,789,16754,Eri
40.05175421,-9.452870925,5.79,HIP 12444,-,286 G. Cet,784,16673,Cet
40.06538246,6.111950057,6.26,HIP 12447,-,285 G. Cet,783,16647,Cet
40.16505561,-54.54991192,5.21,HIP 12484,-,ζ Horologii,802,16920,Hor
40.16681187,-39.85537653,4.116,HIP 12486,-,ι Eridani,794,16815,Eri
40.17115013,27.06094355,5.296,HIP 12489,-,33 Ari,782,16628,Ari
40.30832166,-0.69566235,5.71,HIP 12530,-,84 Cet,790,16765,Cet
40.30833044,-0.695651531,5.77,HIP 12530,-,* 84 Cet A,790,16765A,Cet
40.39214425,-14.54930697,5.974,HIP 12562,-,290 G. Cet,796,16825,Cet
40.4513635,-3.213803186,6.049,HIP 12584,-,289 G. Cet,795,16824,Cet
40.52753029,-38.383687,5.988,HIP 12608,-,-,805,16975,For
40.53518244,-46.52444145,6.094,HIP 12611,-,20 G. Eri,807,17006,Eri
40.56214403,40.19395048,4.92,HIP 12623,-,12 Per,788,16739,Per
40.59139915,20.0114655,5.74,HIP 12640,-,μ Arietis,793,16811,Ari
40.6205712,10.74172895,6.31,HIP 12647,-,85 Cet,797,16861,Ari
40.63944445,-50.80029309,5.4,HIP 12653,-,ι Horologii,810,17051,Hor
40.74801346,53.52610733,5.835,HIP 12686,-,-,787,16735,Per
40.75773688,48.26524406,6.28,HIP 12690,-,-,792,16780,Per
40.76182511,55.10601839,5.753,HIP 12692,-,11 Per,785,16727,Per
40.8248836,3.2364731,6.12,HIP 12706,Kaffaljidhma B,* gam Cet B,804,16970,Cet
40.8251629,3.23581638,3.47,HIP 12706,Kaffaljidhma,γ Ceti,804,16970,Cet
40.82517159,3.235824146,3.54,HIP 12706,Kaffaljidhma A,* gam Cet A,804,16970A,Cet
40.83431235,-40.5279088,6.36,HIP 12708,-,21 G. Eri,814,17098,Eri
40.86089548,-66.71422941,6.46,HIP 12717,-,-,823,17326A,Hor
40.86297616,27.70714941,4.67,HIP 12719,-,35 Ari,801,16908,Ari
40.87048747,-2.531424971,6.48,HIP 12720,-,293 G. Cet,-,17001,Cet
40.96351494,25.63834723,6.39,HIP 12744,-,-,803,16955,Ari
41.02150012,44.29703928,5.435,HIP 12768,-,14 Per,800,16901,Per
41.03061566,-13.85868872,4.236,HIP 12770,-,π Ceti,811,17081,Cet
41.04405015,-52.57059685,6.151,HIP 12775,-,-,821,17254,Hor
41.04994423,49.22844852,4.11,HIP 12777,-,θ Persei,799,16895,Per
41.07963687,17.76392663,6.398,HIP 12784,-,36 Ari,808,17017,Ari
41.08557231,-32.5247161,6.204,HIP 12786,-,-,817,17168,For
41.13738311,15.31185987,5.777,HIP 12803,-,ο Arietis,809,17036,Ari
41.20707097,67.8246312,5.945,HIP 12821,-,-,791,16769,Cas
41.23557227,10.11414493,4.26,HIP 12828,-,μ Ceti,813,17094,Cet
41.23992264,12.44575607,5.17,HIP 12832,-,38 Ari,812,17093,Ari
41.27582834,-18.57262283,4.46,HIP 12843,-,τ 1 Eridani,818,17206,Eri
41.33711066,4.711631909,6.031,HIP 12862,-,297 G. Cet,816,17163,Cet
41.36448967,-63.70455346,5.743,HIP 12871,-,γ Horologii,833,17504,Hor
41.38597654,-67.61661676,4.82,HIP 12876,-,ζ Hydri,837,17566,Hyi
41.68793418,-21.63952194,6.469,HIP 12964,-,26 G. Eri,826,17390,Eri
41.74301039,35.98352064,6.25,HIP 12982,-,-,819,17228,Per
41.76489568,35.55468518,6.38,HIP 12990,-,-,820,17240A,Per
41.76489593,35.55467485,6.25,HIP 12990,-,-,820,17240,Per
41.79627954,-22.48576294,6.461,HIP 13008,-,27 G. Eri,827,17438,Eri
41.87981088,44.27219931,6.47,HIP 13036,-,-,-,17245,Per
41.94885733,81.44847382,5.781,HIP 13055,-,-,774,16458,Cep
41.97725865,29.24711827,4.51,HIP 13061,Lilii Borea,-,824,17361,Ari
42.13370183,18.28379133,5.83,HIP 13108,-,40 Ari,828,17459,Ari
42.19126357,25.18805223,5.89,HIP 13121,-,-,830,17471,Ari
42.23129265,69.63428931,6.26,HIP 13133,-,RZ Cas,815,17138,Cas
42.25619706,-62.80652195,5.253,HIP 13141,-,ν Horologii,852,17848,Hor
42.27257877,-32.40589778,4.46,HIP 13147,-,β Fornacis,841,17652,For
42.32316615,17.46431264,5.34,HIP 13165,-,* pi. Ari A,836,17543,Ari
42.36213077,37.3264108,6.448,HIP 13176,-,-,831,17484,Per
42.37807054,57.08431901,6.26,HIP 13178,-,V480 Per,825,17378,Per
42.46234063,-24.56031169,6.146,HIP 13197,-,γ 1 Fornacis,844,17713,For
42.47576099,-27.94198319,5.377,HIP 13202,-,γ 2 Fornacis,845,17729,For
42.49597184,27.26050723,3.594,HIP 13209,Bharani,41 Ari,838,17573,Ari
42.5615986,-35.84361756,5.92,HIP 13225,-,η 2 Fornacis,848,17793,For
42.61858165,-75.06694826,4.742,HIP 13244,-,ν Hydri,872,18293,Hyi
42.64704656,36.94832731,6.44,HIP 13257,-,-,-,17605,Per
42.6683616,-35.67584997,5.472,HIP 13265,-,η 3 Fornacis,851,17829,For
42.67420822,55.89549437,3.79,HIP 13268,Miram,η Persei,834,17506,Per
42.69919408,-39.93222435,6.362,HIP 13271,-,31 G. Eri,853,17864,Eri
42.72011523,35.39390055,6.49,HIP 13275,-,-,526,17624,Per
42.7596963,-21.00401153,4.77,HIP 13288,Angetenar,τ 2 Eridani,850,17824,Eri
42.855,60.419,6.5,-,-,IC 1848,-,-,Cas
42.87327686,15.08206763,5.516,HIP 13327,-,σ Arietis,847,17769,Ari
42.87848894,35.0597397,4.53,HIP 13328,-,17 Per,843,17709,Per
42.92387471,46.84194176,5.859,HIP 13339,-,-,842,17656,Per
42.94116661,58.31429395,6.443,HIP 13347,-,-,839,17581,Cas
42.98435911,-30.81451731,6.382,HIP 13363,-,-,858,17926,For
42.99479663,68.88850192,5.8,HIP 13367,-,SU Cas,829,17463,Cas
43.07926835,-62.90959126,6.019,HIP 13387,-,-,866,18185,Hor
43.13386744,-12.76971335,6.05,HIP 13402,-,-,857,17925,Eri
43.21141202,-9.441234256,6.325,HIP 13421,-,33 G. Eri,859,17943,Eri
43.22766313,-65.4552902,6.46,HIP 13429,-,-,-,18292,Hor
43.2987294,16.48346015,6.3,HIP 13448,-,-,856,17918,Ari
43.33779444,48.56995803,6.21,HIP 13462,-,-,849,17818,Per
43.39332032,-38.43700126,5.926,HIP 13473,-,ψ Fornacis,863,18149,For
43.39717638,-22.37631157,5.931,HIP 13479,-,35 G. Eri,862,18071,Eri
43.41871055,64.4519839,6.408,HIP 13487,-,-,-,17706,Cas
43.42757117,38.3374589,5.343,HIP 13490,-,20 Per,855,17904,Per
43.52695772,-50.87140168,6.198,HIP 13518,-,-,871,18265,Hor
43.5644905,52.76246743,3.96,HIP 13531,-,τ Persei,854,17878,Per
43.952075,18.3316397,5.93,HIP 13654,-,ρ 2 Arietis,867,18191,Ari
43.98717017,61.52113736,5.584,HIP 13665,-,-,860,17948,Cas
44.05736351,8.381562193,5.963,HIP 13679,-,305 G. Cet,870,18262,Cet
44.10271012,64.3324432,6.167,HIP 13700,-,-,861,17958,Cas
44.10687185,-8.898143472,3.87,HIP 13701,Azha,η Eridani,874,18322,Eri
44.10904886,18.02324033,5.58,HIP 13702,-,ρ 3 Arietis,869,18256,Ari
44.13875558,47.16400497,6.03,HIP 13713,-,-,865,18155,Per
44.15593391,-3.712321926,5.16,HIP 13717,-,40 G. Eri,875,18331,Eri
44.21107819,51.2612852,6.21,HIP 13732,-,-,864,18153,Per
44.26905579,4.501025276,6.21,HIP 13756,-,EH Cet,877,18345,Cet
44.3037568,-29.85527558,6.281,HIP 13768,-,-,884,18466,For
44.32200717,31.93422042,5.093,HIP 13775,-,21 Per,873,18296,Per
44.34902728,-23.86216557,5.45,HIP 13782,-,4 Eri,883,18454,Eri
44.38594567,-38.1909231,6.411,HIP 13789,-,-,893,18546,For
44.50969789,38.61492637,6.028,HIP 13832,-,-,876,18339,Per
44.52388742,-23.60601043,5.809,HIP 13835,-,6 Eri,889,18535,Eri
44.55228728,-12.00582342,6.5,HIP 13843,-,-,-,18511,Eri
44.56531816,-40.30467764,3.18,HIP 13847,Acamar,* tet01 Eri,897,18622,Eri
44.56834883,-40.3046962,4.11,HIP 13847,-,* tet02 Eri,898,18623,Eri
44.67531458,-2.78289707,5.23,HIP 13874,-,43 G. Eri,892,18543,Eri
44.69029234,39.66272655,4.7,HIP 13879,-,π Persei,879,18411,Per
44.69709049,-9.776499613,6.15,HIP 13883,-,45 G. Eri,895,18557,Eri
44.6991516,-64.07128717,4.969,HIP 13884,-,β Horologii,909,18866,Hor
44.76532018,35.1831309,4.93,HIP 13905,-,24 Per,882,18449,Per
44.77706034,-28.90721023,6.131,HIP 13907,-,-,900,18650,For
44.80282616,21.34007278,5.57,HIP 13914,-,* eps Ari B,887,18519,Ari
44.80302232,21.34043264,4.63,HIP 13914,-,ϵ Arietis,887,18519,Ari
44.80302418,21.34042738,5.16,HIP 13914,-,* eps Ari A,888,18520,Ari
44.825,60.4,5.9,-,-,C 0255+602,-,-,Cas
44.90076105,-25.27413338,5.686,HIP 13942,-,ζ Fornacis,901,18692,For
44.90960401,-32.50719855,6.302,HIP 13947,-,-,903,18735,For
44.91616093,41.03294037,5.877,HIP 13949,-,-,886,18482,Per
44.921501,-2.464956148,5.55,HIP 13951,-,5 Eri,899,18633,Eri
44.92871891,8.907385888,4.7,HIP 13954,-,λ Ceti,896,18604,Cet
44.95745714,47.22071311,5.485,HIP 13965,-,-,885,18474,Per
45.04952545,38.13172152,6.11,HIP 13997,-,-,894,18552,Per
45.18392093,10.87039176,5.931,HIP 14036,-,-,902,18700,Ari
45.21200054,-2.878621723,6.13,HIP 14040,-,7 Eri,904,18760,Eri
45.21754594,52.35173559,5.219,HIP 14043,-,-,890,18537,Per
45.29177545,-7.663009111,5.75,HIP 14060,-,ρ 1 Eridani,907,18784,Eri
45.40678699,-28.09149272,5.85,HIP 14086,-,ϵ Fornacis,914,18907,For
45.46789864,5.336148521,6.243,HIP 14104,-,309 G. Cet,908,18832,Cet
45.47558853,26.46235404,5.909,HIP 14109,-,49 Ari,905,18769,Ari
45.48382952,-9.961403615,5.837,HIP 14110,-,53 G. Eri,912,18885,Eri
45.53863977,-6.494533047,6.194,HIP 14124,-,54 G. Eri,913,18894,Eri
45.56437017,-71.90245529,5.499,HIP 14131,-,θ Hydri,939,19400,Hyi
45.5698878,4.08973877,2.53,HIP 14135,Menkar,α Ceti,911,18884,Cet
45.59382482,4.352886223,5.607,HIP 14143,-,93 Cet,910,18883,Cet
45.597914,-23.62447172,4.09,HIP 14146,-,τ 3 Eridani,919,18978,Eri
45.67620039,-7.685477279,5.336,HIP 14168,-,ρ 2 Eridani,917,18953,Eri
45.7327635,-46.97502739,5.799,HIP 14187,-,58 G. Eri,929,19141,Eri
45.87572133,28.2699163,6.36,HIP 14232,-,-,916,18928,Ari
45.90341158,-59.73777459,5.122,HIP 14240,-,μ Horologii,934,19319,Hor
45.98642934,47.84847741,6.467,HIP 14264,-,V509 Per,-,18878,Per
46.06882035,-7.600855117,5.3,HIP 14293,-,ρ 3 Eridani,925,19107,Eri
46.15861047,1.863603938,6.035,HIP 14315,-,313 G. Cet,926,19121,Cet
46.16934725,15.85602278,6.37,HIP 14318,-,-,924,19080,Ari
46.19925046,53.50646183,2.93,HIP 14328,-,γ Persei,915,18925,Per
46.29414106,38.84027619,3.39,HIP 14354,-,ρ Persei,921,19058,Per
46.29707624,-8.274245833,6.31,HIP 14355,-,59 G. Eri,-,19210,Eri
46.33754336,40.58217975,6.05,HIP 14365,-,-,923,19066,Per
46.3612008,25.25517379,5.47,HIP 14376,-,52 Ari A,927,19134,Ari
46.38504795,56.70571881,4.766,HIP 14382,-,-,918,18970,Per
46.417363,56.06896785,6.105,HIP 14392,-,-,920,18991,Per
46.5326689,79.41853529,5.52,HIP 14417,-,-,881,18438,Cep
46.59869545,13.18725093,5.635,HIP 14439,-,-,931,19270,Ari
46.63955998,-6.088549758,5.256,HIP 14456,-,61 G. Eri,935,19349,Eri
46.82907714,64.05763279,5.877,HIP 14502,-,-,922,19065,Cas
46.85697146,17.87999156,6.117,HIP 14514,-,53 Ari,938,19374,Ari
46.88401,-78.98923275,5.667,HIP 14521,-,BN Hyi,981,20313,Hyi
46.94726317,47.30870589,6.375,HIP 14544,-,V521 Per,933,19279,Per
46.95393512,-69.26493833,6.122,HIP 14547,-,-,959,19940,Hyi
46.96187472,-27.83115117,6.17,HIP 14551,-,-,943,19545,For
47.01605198,52.21350904,6.3,HIP 14566,-,-,930,19268,Per
47.04221856,40.95564667,2.12,HIP 14576,Algol,β Persei,936,19356,Per
47.08795462,18.79505228,6.25,HIP 14586,-,54 Ari,940,19460,Ari
47.16163248,8.47107159,6.273,HIP 14607,-,314 G. Cet,942,19525,Cet
47.22573416,62.38459717,6.498,HIP 14626,-,V801 Cas,-,19243,Cas
47.33388678,20.76111983,6.4,HIP 14649,-,-,-,19549,Ari
47.37418183,44.85745829,3.81,HIP 14668,Misam,κ Persei,941,19476,Per
47.40308672,29.07708185,5.74,HIP 14677,-,55 Ari,944,19548,Ari
47.53683165,27.81976593,6.412,HIP 14719,-,-,945,19600,Ari
47.61269562,26.89623571,6.022,HIP 14748,-,-,946,19637,Ari
47.61354281,-48.73415659,6.11,HIP 14749,-,-,960,19948,Hor
47.64742372,-23.73851333,6.377,HIP 14757,-,65 G. Eri,953,19826,Eri
47.66163809,11.87261848,5.97,HIP 14764,-,-,948,19698,Ari
47.75307012,64.89626448,6.5,HIP 14791,-,-,-,19439,Cas
47.77201458,-13.26428271,6.36,HIP 14797,-,66 G. Eri,-,19850,Eri
47.81970544,-16.02496425,6.243,HIP 14814,-,67 G. Eri,957,19887,Eri
47.8224249,39.61158091,4.607,HIP 14817,-,ω Persei,947,19656,Per
47.82822637,-3.811596494,6.068,HIP 14819,-,64 G. Eri,955,19836,Eri
47.84132909,13.04784282,6.09,HIP 14821,-,-,952,19789,Ari
47.9073607,19.72667311,4.37,HIP 14838,Botein,δ Arietis,951,19787,Ari
47.92780866,81.47071101,5.907,HIP 14844,-,-,906,18778,Cep
47.98445484,74.3936583,4.834,HIP 14862,-,-,932,19275,Cas
48.01887418,-28.98762199,3.98,HIP 14879,Dalim,α Fornacis,963,20010,For
48.03983246,42.3759101,6.139,HIP 14887,-,-,950,19736,Per
48.05935881,27.25696824,5.76,HIP 14893,-,56 Ari,954,19832,Ari
48.10727327,-44.41966479,5.93,HIP 14913,-,71 G. Eri,968,20121,Eri
48.10731014,-44.41968011,6.42,-,-,-,968,20121A,Eri
48.10984935,6.660885704,5.568,HIP 14915,-,EL Cet,958,19926,Cet
48.11008558,47.72587424,6.327,HIP 14914,-,-,949,19735,Per
48.1381663,-57.32154923,5.71,HIP 14930,-,TW Hor,977,20234,Hor
48.1934857,-1.196098836,5.07,HIP 14954,-,94 Cet,962,19994,Cet
48.25620572,-35.94368995,6.283,HIP 14972,-,-,970,20144,For
48.34946796,48.17695568,5.913,HIP 15004,-,-,956,19845,Per
48.40810635,-29.80413028,6.162,HIP 15024,-,-,974,20176,For
48.47868659,18.97333338,6.5,HIP 15048,-,-,-,20043,Ari
48.72540967,21.04444701,4.869,HIP 15110,-,ζ Arietis,972,20150,Ari
48.7358224,42.50363401,6.06,HIP 15118,-,-,966,20063,Per
48.75113176,-26.10045855,6.24,HIP 15125,-,-,980,20293,For
48.83516565,30.55668928,5.61,HIP 15154,-,-,971,20149,Ari
48.94642351,32.85671351,6.304,HIP 15191,-,-,975,20193,Per
48.94987709,57.14062318,5.79,HIP 15192,-,-,964,20041,Per
48.95844036,-8.819732384,4.8,HIP 15197,Zibal,ζ Eridani,984,20320,Eri
48.99027386,-77.38845402,5.506,HIP 15201,-,ι Hydri,1025,21024,Hyi
49.0035595,-5.918702774,6.39,-,-,-,983,20319A,Eri
49.00356031,-5.91870343,6.17,HIP 15203,-,74 G. Eri,983,20319,Eri
49.00775127,34.68850872,6.229,HIP 15204,-,V423 Per,976,20210,Per
49.01857027,45.34613503,6.18,HIP 15209,-,-,973,20162,Per
49.05084504,50.93766811,5.03,HIP 15219,-,-,969,20123,Per
49.09051382,-5.730464728,6.31,HIP 15230,-,75 G. Eri,-,20356,Eri
49.14661904,32.18402973,5.994,HIP 15241,-,V573 Per,978,20277,Per
49.1489398,-9.154603367,6.143,HIP 15244,-,14 Eri,988,20395,Eri
49.29774775,40.48297034,6.46,HIP 15282,-,-,979,20283,Per
49.36079774,-47.7516925,5.833,HIP 15305,-,-,998,20640,Hor
49.41686179,31.12704456,6.399,HIP 15323,-,-,-,20367,Ari
49.44064379,39.28337269,5.967,HIP 15334,-,-,986,20346,Per
49.44234773,-62.57532013,5.54,HIP 15330,-,ζ 1 Reticuli,1006,20766,Ret
49.44730418,44.02502275,5.476,HIP 15338,-,30 Per,982,20315,Per
49.4961452,-66.92685203,6.022,HIP 15353,-,-,1014,20888,Ret
49.51079371,-28.79706425,5.93,HIP 15357,-,-,993,20606,For
49.55341201,-62.50636242,5.228,HIP 15371,-,ζ 2 Reticuli,1010,20807,Ret
49.59212561,-22.51110428,4.875,HIP 15382,-,15 Eri,994,20610,Eri
49.5934454,-0.930289686,5.48,HIP 15383 ,-,* 95 Cet A,992,20559A,Cet
49.65725705,50.2221763,5.157,HIP 15404,-,29 Per,987,20365,Per
49.67145807,-18.55979224,5.84,-,-,-,997,20631A,Eri
49.68261105,34.22265388,4.82,HIP 15416,-,-,991,20468,Per
49.78183035,50.09496938,5.032,HIP 15444,-,31 Per,989,20418,Per
49.84040174,3.370198606,4.85,HIP 15457,-,κ 1 Ceti,996,20630,Cet
49.87916937,-21.7578654,3.7,HIP 15474,-,τ 4 Eridani,1003,20720,Eri
49.8954446,-24.12290173,5.622,HIP 15479,-,AI For,1004,20729,For
49.9818788,-43.069782,4.27,HIP 15510,-,82 G. Eri[3],1008,20794,Eri
49.98248256,27.07113009,5.918,HIP 15514,-,59 Ari,995,20618,Ari
49.99695558,65.65230156,4.85,HIP 15520,-,BK Cam,985,20336,Cam
50.08222671,77.73476309,5.444,HIP 15547,-,-,961,19978,Cep
50.08484196,29.04845766,4.47,HIP 15549,-,-,999,20644,Ari
50.10653326,25.66275663,6.127,HIP 15557,-,60 Ari,1000,20663,Ari
50.18834845,-26.60650796,6.404,HIP 15585,-,-,1013,20853,For
50.27834658,3.675622592,5.69,HIP 15619,-,κ 2 Ceti,1007,20791,Cet
50.30676927,21.14706638,5.355,HIP 15627,-,τ 1 Arietis,1005,20756,Ari
50.35002013,-23.63515676,5.496,HIP 15643,-,83 G. Eri,1016,20894,Eri
50.3606615,43.32965087,4.946,HIP 15648,-,32 Per,1002,20677,Per
50.38930665,-47.77666147,6.396,HIP 15655,-,-,1021,21011,Hor
50.54955597,27.60755428,5.52,HIP 15696,-,62 Ari,1012,20825,Ari
50.56785885,-25.58780481,6.353,HIP 15700,-,-,1018,20980,For
50.68850556,20.74206719,5.13,HIP 15737,-,τ 2 Arietis,1015,20893,Ari
50.80498774,49.21327078,5.3,HIP 15770,-,V575 Per,1011,20809,Per
50.82375484,-7.794098713,6.23,HIP 15776,-,86 G. Eri,1024,21019,Eri
50.90127225,0.910084451,6.472,HIP 15800,-,2 G. Tau,-,21032,Tau
50.91245662,4.882102866,6.5,HIP 15807,-,1 G. Tau,1023,21018,Tau
50.93591953,-32.70708728,6.499,HIP 15816,-,-,1031,21149,For
51.00963726,-69.62460435,6.131,HIP 15840,-,-,1053,21563,Hyi
51.04220274,12.62959249,6.046,HIP 15850,-,-,1028,21051,Tau
51.0769908,24.72409581,5.503,HIP 15861,-,64 Ari,1022,21017,Ari
51.08070872,49.86117929,1.79,HIP 15863,Mirfak,α Persei,1017,20902,Per
51.10881548,20.80349046,6.061,HIP 15870,-,65 Ari,1027,21050,Ari
51.12376214,33.53592987,5.8,HIP 15876,-,-,1019,20995,Per
51.16898632,64.58599441,5.19,HIP 15890,-,CQ Cam,1009,20797,Cam
51.20332633,9.02886962,3.6,HIP 15900,-,ο Tauri,1030,21120,Tau
51.40105322,-69.33643439,5.946,HIP 15968,-,-,1064,21722,Hyi
51.48267484,-35.92088545,6.385,HIP 15987,-,χ 1 Fornacis,1042,21423,For
51.48909186,49.1207583,6.09,HIP 15988,-,V576 Per,1029,21071,Per
51.54910008,-41.63693923,6.326,HIP 16015,-,89 G. Eri,1049,21473,Eri
51.59385361,-27.31747978,5.933,HIP 16029,-,-,1045,21430,For
51.64739867,28.71506289,6.37,HIP 16042,-,UX Ari,-,21242,Ari
51.79225241,9.732741951,3.75,HIP 16083,-,ξ Tauri,1038,21364,Tau
51.82781576,12.73528328,6.291,HIP 16095,-,-,1039,21379,Tau
51.88925497,-35.68132577,5.702,HIP 16112,-,χ 2 Fornacis,1054,21574,For
51.99546621,49.0195283,4.989,-,-,Cl Melotte 20 772,-,-,Per
52.00394513,-11.28659735,5.73,HIP 16142,-,91 G. Eri,1050,21530,Eri
52.01279483,49.06286828,4.97,HIP 16147,-,-,1034,21278,Per
52.08625239,33.80755759,5.73,HIP 16168,-,-,1041,21402,Per
52.09829478,60.25567525,6.49,HIP 16177,-,-,1033,21203,Cam
52.1106978,22.80400931,6.03,HIP 16181,-,66 Ari,1048,21467,Ari
52.21803297,49.84838556,5.572,HIP 16210,-,-,1037,21362,Per
52.26584778,3.248705092,6.42,HIP 16226,-,5 G. Tau,-,21585,Tau
52.26722037,59.94033366,4.22,HIP 16228,-,CS Cam,1035,21291,Cam
52.3418729,49.50895295,4.735,HIP 16244,-,34 Per,1044,21428,Per
52.34448925,-62.93752894,4.7,HIP 16245,-,κ Reticuli,1083,22001,Ret
52.35952695,46.93786616,6.217,HIP 16252,-,-,1047,21455,Per
52.40011666,-12.67473569,5.576,HIP 16263,-,94 G. Eri,1062,21688,Eri
52.41307249,-6.80445477,5.988,HIP 16266,-,93 G. Eri,1060,21665,Eri
52.47809835,58.87874913,4.54,HIP 16281,-,CE Cam,1040,21389,Cam
52.47978034,-42.63425524,5.753,HIP 16285,-,99 G. Eri,1075,21882,Eri
52.49538752,-78.35185094,5.668,HIP 16290,-,-,1109,22676,Men
52.50076174,55.45180724,5.09,HIP 16292,-,-,1046,21447,Cam
52.54561434,59.36595127,6.414,-,-,-,1043,21427A,Cam
52.55658216,-41.36993697,6.112,HIP 16310,-,100 G. Eri,1076,21899,Eri
52.58082519,71.86389717,6.41,HIP 16319,-,V805 Cas,1032,21179,Cas
52.60195333,11.3364394,5.124,HIP 16322,-,4 Tau,1061,21686,Tau
52.64368903,47.99521635,4.36,HIP 16335,-,σ Persei,1052,21552,Per
52.65396722,48.10360375,5.82,HIP 16340,-,-,1051,21551,Per
52.65397501,-47.37512476,5.968,HIP 16339,-,TU Hor,1081,21981,Hor
52.65440966,-5.07514798,4.725,HIP 16341,-,17 Eri,1070,21790,Eri
52.68925064,6.188704666,5.927,HIP 16358,-,6 G. Tau,1067,21755,Tau
52.71544953,-66.48971184,5.8,HIP 16368,-,-,1092,22252,Ret
52.7182399,12.93666964,4.1,HIP 16369,-,5 Tau,1066,21754,Tau
52.87225147,49.20977268,6.28,HIP 16424,-,-,1056,21620,Per
52.87625002,40.75994866,6.49,HIP 16425,-,-,-,21684,Per
52.95432895,49.4010942,6.411,HIP 16447,-,-,1059,21661,Per
52.97352921,-25.61415,6.372,HIP 16449,-,-,1082,21997,For
53.03586842,48.02348015,5.461,HIP 16470,-,V396 Per,1063,21699,Per
53.08389462,84.91104575,5.609,HIP 16489,-,-,965,20084,Cep
53.1094136,46.05686156,5.32,HIP 16499,-,36 Per,1069,21770,Per
53.14501021,-50.37864531,5.658,HIP 16509,-,-,1090,22231,Hor
53.1497639,9.373449983,5.757,HIP 16511,-,6 Tau,1079,21933,Tau
53.16240705,44.85575966,6.41,HIP 16516,-,KP Per,1072,21803,Per
53.16672926,35.4617243,5.9,HIP 16518,-,-,1074,21856,Per
53.21481965,-61.01687257,6.421,HIP 16531,-,-,1096,22382,Ret
53.23268538,-9.458260971,3.73,HIP 16537,Ran,ϵ Eridani,1084,22049,Eri
53.38419579,58.76524327,6.409,HIP 16587,-,-,1068,21769,Cam
53.39597548,39.89947684,5.776,HIP 16591,-,IW Per,1078,21912,Per
53.41274999,54.97486029,5.969,HIP 16599,-,-,1073,21819,Cam
53.42183738,57.86873004,6.38,HIP 16602,-,-,1071,21794,Cam
53.44698288,-21.63288448,4.25,HIP 16611,-,τ 5 Eridani,1088,22203,Eri
53.48663204,-31.0801271,6.2,HIP 16628,-,-,1093,22262,For
53.53490866,17.83282842,6.16,HIP 16641,-,-,1085,22072,Tau
53.63995628,-31.87480165,6.43,HIP 16672,-,-,1095,22322,For
53.65613075,-9.868259075,6.239,HIP 16677,-,104 G. Eri,1091,22243,Eri
53.70450854,6.417694584,6.482,HIP 16695,-,9 G. Tau,1089,22211,Tau
53.71835752,-25.58282685,6.48,HIP 16697,-,-,-,22333,For
53.98852806,-5.124951781,6.5,HIP 16779,-,105 G. Eri,-,22379,Eri
53.99027814,-11.19378509,5.58,HIP 16780,-,106 G. Eri,1098,22409,Eri
54.07251712,-17.46707564,5.23,HIP 16803,-,20 Eri,1100,22470,Eri
54.12241555,48.19263456,4.23,HIP 16826,-,ψ Persei,1087,22192,Per
54.12559775,-78.32307287,6.298,HIP 16827,-,-,1154,23474,Men
54.19704346,0.587762137,5.9,HIP 16846,-,V711 Tau,1099,22468,Tau
54.21826544,0.401664472,4.3,HIP 16852,-,10 Tau,1101,22484,Tau
54.27365849,-40.27466034,4.58,HIP 16870,-,-,1106,22663,Eri
54.44929364,15.43055429,6.42,HIP 16924,-,-,1102,22522,Tau
54.50075951,42.58284338,6.402,HIP 16938,-,-,1097,22402,Per
54.5822229,56.93271539,6.282,HIP 16974,-,KZ Cam,1094,22316,Cam
54.62188674,-7.391861425,5.849,HIP 16989,-,109 G. Eri,1108,22675,Eri
54.6986306,-27.94305312,6.01,HIP 17007,-,τ Fornacis,1114,22789,For
54.75024407,20.91577334,6.493,HIP 17026,-,-,1103,22615,Tau
54.75465215,-5.626213439,5.96,HIP 17027,-,21 Eri,1111,22713,Eri
54.85451485,75.73962186,6.247,HIP 17056,-,-,1080,21970,Cas
54.85586686,-10.43727389,6.182,HIP 17057,-,113 G. Eri,1117,22799,Eri
54.85730597,16.53668862,6.168,HIP 17058,-,-,1110,22695,Tau
54.90977947,-3.393005594,6.219,HIP 17086,-,112 G. Eri,1116,22798,Eri
54.96300807,3.056866149,5.555,HIP 17103,-,12 Tau,1115,22796,Tau
54.99820488,-1.121224279,6.123,HIP 17120,-,14 G. Tau,1119,22819,Tau
55.0476525,-15.22653435,6.343,HIP 17136,-,114 G. Eri,1120,22905,Eri
55.15972131,-5.210709925,5.53,HIP 17167,-,22 Eri,1121,22920,Eri
55.19295726,25.32948848,6.102,HIP 17181,-,11 Tau,1118,22805,Tau
55.28273833,37.58019664,5.57,HIP 17203,-,-,1113,22780,Per
55.30748691,-11.80238971,6.485,HIP 17214,-,117 G. Eri,1125,23010,Eri
55.53885631,63.21679683,5.11,HIP 17296,-,BD Cam,1105,22649,Cam
55.56209392,-31.93836228,4.973,HIP 17304,-,δ Fornacis,1134,23227,For
55.57894866,19.70025513,5.69,HIP 17309,-,13 Tau,1126,23016,Tau
55.59435805,33.96502603,4.972,HIP 17313,-,40 Per,1123,22951,Per
55.6780708,59.96938969,5.78,HIP 17342,-,-,1112,22764,Cam
55.70856211,-37.31351682,4.583,HIP 17351,-,-,1143,23319,Eri
55.73122002,47.78749674,3.01,HIP 17358,-,δ Persei,1122,22928,Per
55.81208557,-9.763391932,3.54,HIP 17378,Rana,δ Eridani,1136,23249,Eri
55.89097448,-10.48565699,5.61,HIP 17395,-,122 G. Eri,1139,23281,Eri
55.94672369,19.66503485,6.14,HIP 17408,-,14 Tau,1132,23183,Tau
56.02678321,48.5236578,6.042,HIP 17437,-,-,1127,23049,Per
56.04992268,-64.80691413,3.833,HIP 17440,-,β Reticuli,1175,23817,Ret
56.07972404,32.28824649,3.91,HIP 17448,Atik,ο Persei,1131,23180,Per
56.11751582,20.92873573,6.074,HIP 17453,-,-,1137,23258,Tau
56.12712711,-1.163090966,5.25,HIP 17457,-,24 Eri,1146,23363,Eri
56.13101387,36.46009427,5.588,HIP 17460,-,-,1133,23193,Per
56.141179,-54.274058,6.35,-,-,-,1168,23697A,Ret
56.14120688,-54.27402748,6.3,HIP 17464,-,-,1168,23697,Ret
56.17042446,46.09981218,6.091,HIP 17475,-,-,1130,23139,Per
56.20089557,24.28946759,5.46,HIP 17489,Celaeno,-,1140,23288,Tau
56.21034639,-48.06129864,6.488,HIP 17493,-,-,1167,23670,Hor
56.21890454,24.11333785,3.7,HIP 17499,Electra,-,1142,23302,Tau
56.2354052,-0.296720642,5.553,HIP 17506,-,25 Eri,1150,23413,Eri
56.29058389,24.839262,5.64,HIP 17527,-,18 Tau,1144,23324,Tau
56.29846973,42.57853043,3.8,HIP 17529,-,ν Persei,1135,23230,Per
56.3020833,24.46727376,4.3,HIP 17531,Taygeta,-,1145,23338,Tau
56.31615059,-47.3594753,5.708,HIP 17534,-,-,1169,23719,Hor
56.34889865,-71.65813181,6.255,HIP 17543,-,CT Hyi,-,24188,Hyi
56.40453593,38.67626178,6.443,HIP 17558,-,-,-,23301,Per
56.41851403,6.04999593,5.337,HIP 17563,-,29 Tau,1153,23466,Tau
56.45670065,24.36774377,3.87,HIP 17573,Maia,-,1149,23408,Tau
56.47698521,24.55450992,5.76,HIP 17579,Asterope,-,1151,23432,Tau
56.49691638,45.68189933,5.655,HIP 17584,-,-,1141,23300,Per
56.50391676,67.20160228,5.782,HIP 17585,-,-,1124,23005,Cam
56.50971455,63.34505876,4.81,HIP 17587,-,-,1129,23089,Cam
56.51208469,24.52789678,6.421,HIP 17588,-,Sterope II,1152,23441,Tau
56.53556342,-12.10158848,4.42,HIP 17593,-,π Eridani,1162,23614,Eri
56.53901529,6.803524665,5.922,HIP 17595,-,18 G. Tau,1159,23526,Tau
56.58160786,23.94835894,4.18,HIP 17608,Merope,-,1156,23480,Tau
56.61428482,-29.33815784,5.904,HIP 17618,-,σ Fornacis,1171,23738,For
56.71203049,-23.2497228,4.2,HIP 17651,-,τ 6 Eridani,1173,23754,Eri
56.80975276,-74.23896288,3.26,HIP 17678,-,γ Hydri,1208,24512,Hyi
56.83766096,24.11626782,6.28,-,-,* 24 Tau,-,23629,Tau
56.8711523,24.10513565,2.87,HIP 17702,Alcyone,η Tauri,1165,23630,Tau
56.88394957,55.92195887,6.082,HIP 17707,-,-,1147,23383,Cam
56.91520873,-23.87467746,5.235,HIP 17717,-,τ 7 Eridani,1181,23878,Eri
56.95424718,32.19541422,6.252,HIP 17732,-,-,1164,23626,Per
56.95675558,-36.10580264,6.19,HIP 17734,-,133 G. Eri,1186,23958,Eri
56.98350138,-30.16788279,5.54,HIP 17738,-,ρ Fornacis,1184,23940,For
57.02724955,24.98841598,6.49,HIP 17759,-,-,-,23712,Tau
57.06777822,11.14329893,5.07,HIP 17771,-,30 Tau,1174,23793,Tau
57.07531084,50.736766,6.14,HIP 17772,-,-,1160,23552,Per
57.08673659,23.42124885,5.45,HIP 17776,-,-,1172,23753,Tau
57.1478237,-37.62200345,5.25,HIP 17797,-,* f Eri B,1189,24071,Eri
57.14876498,-20.90297714,5.801,HIP 17798,-,132 G. Eri,1187,23978,Eri
57.14947508,-37.62014329,4.72,HIP 17797,-,* f Eri A,1190,24072,Eri
57.14948851,-37.6201504,4.27,HIP 17797,-,f Eri,1189,24071,Eri
57.16230721,0.227860648,5.901,HIP 17805,-,129 G. Eri,1182,23887,Eri
57.23725792,23.85713189,6.464,HIP 17832,-,26 Tau,-,23822,Tau
57.2837907,43.96313935,5.97,HIP 17846,-,V376 Per,1170,23728,Per
57.29059607,24.05341713,3.63,HIP 17847,Atlas,-,1178,23850,Tau
57.29673582,24.1367102,5.09,HIP 17851,Pleione,-,1180,23862,Tau
57.30724702,70.8710502,5.391,HIP 17854,-,-,1138,23277,Cam
57.33232682,57.11826789,6.448,HIP 17858,-,-,1161,23594,Cam
57.36352608,-36.20025674,4.17,HIP 17874,-,-,1195,24160,Eri
57.38032312,65.5259794,4.48,HIP 17884,-,BE Cam,1155,23475,Cam
57.38618181,33.09136457,5.11,HIP 17886,-,42 Per,1177,23848,Per
57.40244133,63.29695883,5.817,HIP 17891,-,-,1158,23523,Cam
57.43138162,23.71185214,6.153,HIP 17900,-,-,1183,23923,Tau
57.47945631,22.24414891,6.07,HIP 17921,-,-,1185,23950,Tau
57.51843813,44.96786907,5.657,HIP 17932,-,-,1176,23838,Per
57.56735206,-1.522574482,6.491,HIP 17950,-,134 G. Eri,-,24098,Eri
57.57892175,25.57937443,5.234,HIP 17954,-,-,1188,23985,Tau
57.58962223,71.33226611,4.604,HIP 17959,-,γ Camelopardalis,1148,23401,Cam
57.81612836,13.04607656,6.38,HIP 18033,-,V766 Tau,1194,24155,Tau
57.92406514,68.50748617,6.299,HIP 18067,-,-,1166,23662,Cam
57.97382807,34.3591176,5.772,HIP 18081,-,-,1191,24131,Per
58.00095488,6.534898094,6.26,HIP 18089,-,* 31 Tau A,1199,24263,Tau
58.01855396,31.16859136,6.212,HIP 18094,-,-,1197,24167,Per
58.17353643,-5.361227184,5.475,HIP 18141,-,30 Eri,1202,24388,Eri
58.29185913,17.32708535,5.946,HIP 18170,-,-,1201,24357,Tau
58.30386882,-18.43443789,6.216,HIP 18173,-,147 G. Eri,1206,24497,Eri
58.38892975,-46.89368494,5.921,HIP 18199,-,-,1216,24706,Hor
58.39366468,25.68287684,6.349,HIP 18201,-,-,-,24368,Tau
58.41123878,48.65049684,5.76,HIP 18212,-,-,1198,24240,Per
58.41228081,-34.73229731,5.092,HIP 18213,-,-,1214,24626,Eri
58.42792648,-24.61222817,4.623,HIP 18216,-,τ 8 Eridani,1213,24587,Eri
58.43035937,57.97514619,5.786,HIP 18217,-,-,1192,24141,Cam
58.53301031,31.88363368,2.85,HIP 18246,-,ζ Persei,1203,24398,Per
58.57252866,-2.952865682,6.09,HIP 18255,-,* 32 Eri B,1211,24554,Eri
58.57292417,-2.9547343,4.45,HIP 18255,-,32 Eri A+B,1211,24554,Eri
58.57292419,-2.954733257,4.7,HIP 18255,-,* 32 Eri A,1212,24555,Eri
58.59652911,-40.35700558,5.705,HIP 18262,-,153 G. Eri,1219,24744,Eri
58.64150364,-52.69042653,6.461,HIP 18275,-,-,1227,24863,Dor
58.81721388,-12.09909103,6,HIP 18339,-,DO Eri,1217,24712,Eri
58.99239099,47.87142306,5.379,HIP 18396,-,-,1207,24504,Per
59.01665084,-63.46371496,6.137,HIP 18401,-,-,1236,25170,Ret
59.11526696,-13.59753471,6.38,HIP 18428,-,-,-,24834,Eri
59.11954913,35.08089318,5.488,HIP 18434,-,-,1215,24640,Per
59.12597336,71.82162736,6.3,HIP 18438,-,-,1196,24164,Cam
59.15805471,-9.75083639,6.177,HIP 18455,-,DL Eri,1225,24832,Eri
59.21698796,22.47797357,5.617,HIP 18471,-,32 Tau,1218,24740,Tau
59.25715831,6.039970244,6.072,HIP 18481,-,24 G. Tau,1224,24817,Tau
59.26586327,23.17554197,6.038,HIP 18485,-,33 Tau,1221,24769,Tau
59.28453972,61.10888504,5.05,HIP 18488,-,-,1205,24480,Cam
59.35601916,63.07226382,5.04,HIP 18505,-,-,1204,24479,Cam
59.35992364,24.46193671,6.165,HIP 18508,-,-,1222,24802,Tau
59.46349742,40.01019978,2.89,HIP 18532,-,ϵ Persei,1220,24760,Per
59.50735759,-13.50851481,2.94,HIP 18543,Zaurak,γ Eridani,1231,25025,Eri
59.62152083,38.84025672,6.313,HIP 18565,-,-,1226,24843,Per
59.67875659,-57.10236116,6.043,HIP 18592,-,-,1245,25346,Ret
59.68645393,-61.40018563,4.57,HIP 18597,-,δ Reticuli,1247,25422,Ret
59.71830798,-5.469947541,5.833,HIP 18606,-,159 G. Eri,1232,25069,Eri
59.74126013,35.79103042,4.06,HIP 18614,Menkib,ξ Persei,1228,24912,Per
59.87555202,-12.57442468,5.589,HIP 18647,-,160 G. Eri,1235,25165,Eri
59.91873338,10.33037776,6.34,HIP 18658,-,25 G. Tau,1233,25102,Tau
59.98118237,-24.01621589,4.66,HIP 18673,-,τ 9 Eridani,1240,25267,Eri
60.15369851,17.29665899,6.305,HIP 18717,-,-,1237,25175,Tau
60.16940217,-30.49070837,5.919,HIP 18723,-,163 G. Eri,1246,25371,Eri
60.17006989,12.49034444,3.41,HIP 18724,-,λ Tauri,1239,25204,Tau
60.20319248,18.19400141,5.865,HIP 18735,-,-,1238,25202,Tau
60.22419835,-62.15928285,4.5,HIP 18744,-,γ Reticuli,1264,25705,Ret
60.31179464,36.98947815,6.389,HIP 18769,-,-,1234,25152,Per
60.3256292,-61.07882292,4.956,HIP 18772,-,ι Reticuli,1266,25728,Ret
60.38352959,-1.549658645,5.28,HIP 18788,-,35 Eri,1244,25340,Eri
60.44222756,9.998016647,5.691,HIP 18805,-,26 G. Tau,1243,25330,Tau
60.44223793,9.998017161,5.81,-,-,-,1243,25330A,Tau
60.65310113,-0.2689222,5.38,HIP 18859,-,164 G. Eri,1249,25457,Eri
60.78907978,5.989300702,3.883,HIP 18907,-,ν Tauri,1251,25490,Tau
60.85311353,-20.14379606,6.45,HIP 18926,-,166 G. Eri,1258,25631,Eri
60.93585189,5.435618279,5.33,HIP 18957,-,40 Tau,1253,25558,Tau
61.03628154,-16.58872806,6.364,HIP 18990,-,168 G. Eri,1263,25700,Eri
61.09028579,24.10601796,5.512,HIP 19009,-,36 Tau,1252,25555,Tau
61.09464841,-12.7922968,5.611,HIP 19011,-,169 G. Eri,1265,25723,Eri
61.11317892,59.15550907,5.12,HIP 19018,-,-,1242,25291,Cam
61.17042648,-20.38186206,6.111,HIP 19037,-,171 G. Eri,1267,25803,Eri
61.17380367,22.08192967,4.37,HIP 19038,-,37 Tau,1256,25604,Tau
61.33440852,22.00890483,5.9,HIP 19076,-,39 Tau,1262,25680,Tau
61.40598332,-27.65180715,5.59,HIP 19095,-,174 G. Eri,1275,25945,Eri
61.44462715,-20.51256206,6.334,HIP 19111,-,173 G. Eri,1274,25944,Eri
61.48545035,-8.856104408,6.261,HIP 19121,-,172 G. Eri,1272,25910,Eri
61.5132619,68.67997194,5.864,HIP 19129,-,-,1241,25274,Cam
61.64601079,50.35126151,4.29,HIP 19167,-,λ Persei,1261,25642,Per
61.65171915,27.59990004,5.172,HIP 19171,-,41 Tau,1268,25823,Tau
61.65262372,54.00866765,6.302,HIP 19172,-,-,1255,25602,Cam
61.6618422,65.52079824,6.131,HIP 19177,-,-,1248,25425,Cam
61.75190397,29.00130813,5.2,HIP 19205,-,ψ Tauri,1269,25867,Tau
61.7949106,74.00035944,6.49,HIP 19222,-,-,-,25225,Cam
61.84013098,-64.22235246,6.38,HIP 19233,-,-,1294,26491,Ret
61.92493284,15.16278919,6.07,HIP 19261,-,-,1279,26015,Tau
61.99757047,17.33989787,5.94,HIP 19284,-,-,1280,26038,Tau
62.16538987,47.71251056,4.03,HIP 19343,-,48 Per,1273,25940,Per
62.2565446,13.39828158,5.927,HIP 19376,-,-,1284,26171,Tau
62.29152508,19.60921713,5.504,HIP 19388,-,ω 1 Tauri,1283,26162,Tau
62.32431692,-16.38585563,5.435,HIP 19398,-,GU Eri,1288,26326,Eri
62.34263881,54.8288646,6.26,HIP 19400,-,-,1276,25948,Cam
62.36487954,59.90807021,6.295,HIP 19412,-,-,1270,25877,Cam
62.42919591,3.322698692,6.48,HIP 19434,-,37 G. Tau,-,26292,Tau
62.51140554,80.69867232,5.62,HIP 19461,-,-,1230,25007,Cep
62.51249894,80.69855702,6.32,-,-,-,1230,25008,Cep
62.59383276,-6.923851933,5.442,HIP 19483,-,37 Eri,1290,26409,Eri
62.6911292,-35.27378804,6.44,HIP 19509,-,188 G. Eri,1299,26575,Eri
62.69901422,-8.819815449,5.689,HIP 19511,-,184 G. Eri,1293,26464,Eri
62.70775352,26.48095458,5.387,HIP 19513,-,44 Tau,1287,26322,Tau
62.71071136,-41.99364278,4.93,HIP 19515,-,δ Horologii,1302,26612,Hor
62.74593413,33.58677857,5.74,HIP 19525,-,-,1286,26311,Per
62.83450933,5.523052222,5.699,HIP 19554,-,45 Tau,1292,26462,Tau
62.90084881,-20.35615463,5.8,HIP 19571,-,GW Eri,1300,26591,Eri
62.9664127,-6.837579624,4.026,HIP 19587,Beid,ο 1 Eridani,1298,26574,Eri
62.9838848,-8.837464377,6.44,HIP 19590,-,186 G. Eri,-,26584,Eri
63.00113219,-17.27473285,6.4,HIP 19601,-,189 G. Eri,-,26625,Eri
63.13064466,17.27746009,6.087,HIP 19641,-,-,1295,26546,Tau
63.21354502,22.41346728,6.12,HIP 19672,-,V1137 Tau,1297,26571,Tau
63.21593557,68.50115401,6.326,HIP 19673,-,-,1282,26101,Cam
63.38787686,7.716115963,5.29,HIP 19719,-,46 Tau,1309,26690,Tau
63.39404433,10.2124773,6.249,HIP 19720,-,40 G. Tau,1307,26676,Tau
63.39883661,-40.35776203,6.344,HIP 19721,-,-,1323,26927,Hor
63.40894447,-1.149737977,6.423,HIP 19725,-,GY Eri,1312,26739,Eri
63.43676695,72.12614855,6.037,HIP 19730,-,-,1281,26076,Cam
63.45765872,12.75370715,6.25,HIP 19736,-,-,1310,26703,Tau
63.48493935,9.263824264,4.95,HIP 19740,-,* 47 Tau A,1311,26722A,Tau
63.49872069,37.96714946,6.45,HIP 19746,-,-,1301,26605,Per
63.50047593,-42.29436854,3.86,HIP 19747,-,α Horologii,1326,26967,Hor
63.59869958,-10.25628346,4.9,HIP 19777,-,39 Eri,1318,26846,Eri
63.60612502,-62.47380349,3.36,HIP 19780,Rhombus,α Reticuli,1336,27256,Ret
63.6509692,10.0114072,5.218,HIP 19799,-,43 G. Tau,1315,26793,Tau
63.70227199,-62.19181128,5.46,HIP 19805,-,-,1340,27304,Ret
63.71694763,37.54267193,6.308,HIP 19810,-,-,-,26702,Per
63.72221834,40.48364038,4.691,HIP 19811,-,52 Per,1306,26673,Per
63.72443131,48.40933065,4.16,HIP 19812,-,μ Persei,1303,26630,Per
63.75748074,57.46036449,6.08,HIP 19823,-,-,1296,26553,Cam
63.81799841,-7.652869661,4.43,HIP 19849,Keid,ο 2 Eridani,1325,26965,Eri
63.878,51.218,6.4,-,-,NGC 1528,-,-,Per
63.88357029,8.892358769,4.279,HIP 19860,-,μ Tauri,1320,26912,Tau
63.94285197,15.40069607,6.3,HIP 19877,-,48 Tau,1319,26911,Tau
64.00661093,-51.48664798,4.2,HIP 19893,-,γ Doradus,1338,27290,Dor
64.08739027,-60.94847805,6.366,HIP 19917,-,TT Ret,1357,27463,Ret
64.12095061,-59.30215441,4.44,HIP 19921,-,ϵ Reticuli,1355,27442,Ret
64.17954879,53.61180022,5.187,HIP 19949,-,-,1314,26764,Cam
64.22315037,61.84999087,5.7,HIP 19968,-,-,1305,26670,Cam
64.28372302,57.8603198,5.721,HIP 19983,-,-,1313,26755,Cam
64.31525469,20.57859738,4.914,HIP 19990,-,ω 2 Tauri,1329,27045,Tau
64.33009093,-6.472173861,5.932,HIP 19996,-,202 G. Eri,1332,27179,Eri
64.41779779,-63.25541306,6.05,HIP 20020,-,* tet Ret A,1372,27657A,Ret
64.46585304,80.53578696,6.38,HIP 20039,-,-,-,25904,Cep
64.47359334,-33.79834789,3.56,HIP 20042,-,υ 4 Eridani,1347,27376,Eri
64.49695747,-80.2140319,5.68,HIP 20049,-,δ Mensae,1426,28525,Men
64.53378729,42.14116511,6.205,HIP 20063,-,V545 Per,1328,27026,Per
64.56092275,50.29549307,4.594,HIP 20070,-,-,1324,26961,Per
64.56698668,-20.71525902,6.052,HIP 20075,-,GZ Eri,1345,27362,Eri
64.59671248,21.57921916,5.631,HIP 20087,-,51 Tau,1331,27176,Tau
64.65621519,-22.96972092,6.06,HIP 20106,-,205 G. Eri,1353,27411,Eri
64.66677388,-52.86009219,6.17,HIP 20109,-,-,1365,27604A,Dor
64.76203832,-33.9046173,6.5,-,-,-,1359,27490A,Eri
64.80505539,50.04870839,5.4,HIP 20156,-,-,1330,27084,Per
64.81956857,-44.2679178,5.332,HIP 20161,-,-,1364,27588,Hor
64.85873996,21.14230527,5.482,HIP 20171,-,53 Tau,1339,27295,Tau
64.90293704,21.77349079,5.346,HIP 20186,-,56 Tau,1341,27309,Tau
64.90590288,10.12143727,6.3,HIP 20188,-,47 G. Tau,1349,27386,Tau
64.94834968,15.62764205,3.65,HIP 20205,Prima Hyadum,γ Tauri,1346,27371,Tau
64.99043571,14.03520339,5.568,HIP 20219,-,57 Tau,1351,27397,Tau
65.04144738,31.9531757,6.167,HIP 20231,-,-,1344,27349,Per
65.04796906,50.92093473,5.545,HIP 20234,-,-,1333,27192,Per
65.06010696,41.8081189,5.958,HIP 20241,-,-,1337,27278,Per
65.08840041,27.35075231,4.951,HIP 20250,-,ϕ Tauri,1348,27382,Tau
65.10265795,34.56672594,4.929,HIP 20252,-,54 Per,1343,27348,Per
65.1045913,18.74268117,6.094,HIP 20255,-,-,1354,27429,Tau
65.15129318,15.09545282,5.242,HIP 20261,-,58 Tau,1356,27459,Tau
65.16100755,-6.245993826,6.154,HIP 20263,-,EK Eri,1362,27536,Eri
65.16255445,-20.63962253,5.38,HIP 20264,-,212 G. Eri,1367,27616,Eri
65.16802348,65.14044148,5.27,HIP 20266,-,-,1327,27022,Cam
65.17186819,6.130791776,5.751,HIP 20268,-,49 G. Tau,1360,27497,Tau
65.17847543,-7.592496031,5.838,HIP 20271,-,EM Eri,1363,27563,Eri
65.202,50.221,6.2,-,-,NGC 1545,-,-,Per
65.21966842,13.86442595,6.141,HIP 20284,-,-,1358,27483,Tau
65.24196711,-81.5799219,5.764,HIP 20297,-,ν Mensae,1456,29116,Men
65.36265762,-0.09817371,5.854,HIP 20341,-,211 G. Eri,1366,27611,Eri
65.38819268,46.49887912,4.812,HIP 20354,-,53 Per,1350,27396,Per
65.40627156,-6.28416275,6.429,HIP 20360,-,213 G. Eri,-,27660,Eri
65.44853821,60.73562391,5.398,HIP 20376,-,-,1335,27245,Cam
65.46585931,56.5063153,5.92,HIP 20380,-,-,1342,27322,Cam
65.47219058,-63.38639076,5.24,HIP 20384,-,η Reticuli,1395,28093,Ret
65.51465892,14.07719803,5.71,HIP 20400,-,60 Tau,1368,27628,Tau
65.59470725,20.82141317,5.95,HIP 20417,-,-,1370,27639,Tau
65.64559882,25.62931599,5.378,HIP 20430,-,χ Tauri,1369,27638,Tau
65.73372983,17.54251383,3.76,HIP 20455,Secunda Hyadum,δ 1 Tauri,1373,27697,Tau
65.74145379,59.61618226,6.18,HIP 20456,-,-,1352,27402,Cam
65.77359517,-24.8921395,5.796,HIP 20465,-,216 G. Eri,1384,27881,Eri
65.78231736,-35.54481228,6.37,HIP 20467,-,218 G. Eri,1386,27941,Eri
65.85443363,16.77726412,5.625,HIP 20484,-,63 Tau,1376,27749,Tau
65.88485952,20.98204502,5.986,HIP 20493,-,V1141 Tau,1375,27742,Tau
65.89924677,42.42789109,6.38,-,-,-,1371,27650A,Per
65.92021681,-3.745468067,5.165,HIP 20507,-,ξ Eridani,1383,27861,Eri
65.9659397,9.46097053,5.098,HIP 20522,-,66 Tau,1381,27820,Tau
65.99901145,24.30097974,6.337,HIP 20533,-,62 Tau,1378,27778,Tau
66.00919306,-34.01684951,3.96,HIP 20535,Beemim,-,1393,28028,Eri
66.02400605,17.44413092,4.8,HIP 20542,-,δ 2 Tauri,1380,27819,Tau
66.06033135,12.1579879,6.39,HIP 20558,-,-,-,27860,Tau
66.12148061,34.13075774,5.718,HIP 20579,-,55 Per,1377,27777,Per
66.15607614,33.95980293,5.795,HIP 20591,-,56 Per,1379,27786,Per
66.23803151,19.0420091,5.965,HIP 20614,-,-,1385,27901,Tau
66.27223724,-61.23819206,5.922,HIP 20619,-,-,1416,28413,Ret
66.32966525,-44.16089511,6.383,HIP 20630,-,-,1404,28246,Cae
66.34235197,22.29387109,4.201,HIP 20635,-,κ 1 Tauri,1387,27934,Tau
66.3542302,22.19999875,5.264,HIP 20641,-,κ 2 Tauri,1388,27946,Tau
66.37243633,17.92790651,4.298,HIP 20648,-,δ 3 Tauri,1389,27962,Tau
66.40551052,15.94102321,6.439,HIP 20661,-,70 Tau,1391,27991,Tau
66.5056217,4.373454714,6.32,HIP 20698,-,-,-,28086,Tau
66.52629625,31.43890819,5.284,HIP 20704,-,-,1390,27971,Per
66.57692968,22.8135804,4.282,HIP 20711,-,υ Tauri,1392,28024,Tau
66.58654509,15.61830114,4.48,HIP 20713,-,71 Tau,1394,28052,Tau
66.58792604,8.590264462,6.055,HIP 20715,-,V1143 Tau,1397,28114,Tau
66.65154769,14.71378186,4.69,HIP 20732,-,π Tauri,1396,28100,Tau
66.75295367,2.079410633,6.221,HIP 20771,-,52 G. Tau,1400,28191,Tau
66.75363225,57.58530713,6.29,HIP 20772,-,-,1382,27855,Cam
66.76223021,80.82416,5.43,HIP 20776,-,-,1317,26836,Cep
66.77485264,-46.94749157,6.1,HIP 20781,-,-,1418,28454,Cae
66.82271179,22.99632728,5.514,HIP 20789,-,72 Tau,1399,28149,Tau
66.86987283,11.21228039,5.87,HIP 20804,-,-,1402,28217,Tau
66.94178689,-62.52120313,5.735,HIP 20825,-,-,1435,28732,Ret
67.00326165,21.61990296,5.711,HIP 20842,-,-,1403,28226,Tau
67.0151498,1.858584859,6.139,HIP 20848,-,53 G. Tau,1413,28322,Tau
67.039432,-41.95983368,6.399,HIP 20856,-,RV Cae,1429,28552,Cae
67.05528185,83.80778723,5.507,HIP 20860,-,V408 Cep,1289,26356,Cep
67.09753243,14.74095888,5.892,HIP 20873,-,76 Tau,1408,28294,Tau
67.10987462,16.35967495,4.969,HIP 20877,-,75 Tau,1407,28292,Tau
67.13383773,1.380825294,5.532,HIP 20884,-,44 Eri,1415,28375,Tau
67.14374134,15.96228366,3.84,HIP 20885,-,θ 1 Tauri,1411,28307,Tau
67.15416773,19.18043421,3.53,HIP 20889,Ain,ϵ Tauri,1409,28305,Tau
67.1626553,-19.45887314,5.933,HIP 20892,-,227 G. Eri,1421,28479,Eri
67.16559005,15.87087465,3.41,HIP 20894,Chamukuy,θ 2 Tauri,1412,28319,Tau
67.20901509,13.047602,5.014,HIP 20901,-,79 Tau,1414,28355,Tau
67.21664376,30.36155001,6.383,HIP 20904,-,-,1406,28271,Tau
67.27885587,-13.04836882,5.41,HIP 20922,-,DU Eri,1423,28497,Eri
67.33369184,-46.5152705,6.117,HIP 20934,-,-,1433,28700,Cae
67.5014798,83.34037679,5.472,HIP 20982,-,-,1304,26659,Cep
67.50954276,10.26221522,6.46,HIP 20985,-,55 G. Tau,1425,28505,Tau
67.53582394,15.63783872,5.552,HIP 20995,-,80 Tau,1422,28485,Tau
67.53582486,15.63783307,5.666,HIP 20995,-,* 80 Tau A,1422,28485,Tau
67.54168202,-13.59237113,6.219,HIP 20997,-,229 G. Eri,1431,28625,Eri
67.64013589,16.1940138,4.764,HIP 21029,-,-,1427,28527,Tau
67.65567885,13.72440231,5.395,HIP 21036,-,83 Tau,1430,28556,Tau
67.66003087,32.45776871,6.169,HIP 21038,-,-,1419,28459,Per
67.662038,15.6918779,5.454,HIP 21039,-,81 Tau,1428,28546,Tau
67.66804007,-35.65351036,5.95,HIP 21042,-,233 G. Eri,1439,28776,Eri
67.69499198,16.14868097,6.491,HIP 21053,-,-,-,28568,Tau
67.70874891,-44.9537499,5.059,HIP 21060,-,δ Caeli,1443,28873,Cae
67.77996007,15.10503771,6.303,HIP 21082,-,84 Tau,-,28595,Tau
67.85771077,-13.64422304,6.25,HIP 21110,-,232 G. Eri,1438,28763,Eri
67.96566186,15.85162393,5.998,HIP 21137,-,85 Tau,1432,28677,Tau
67.96945262,-0.044011066,4.896,HIP 21139,-,45 Eri,1437,28749,Eri
67.98727404,36.7426887,6.34,HIP 21144,-,-,-,28591,Per
68.00766961,53.91083771,5.77,HIP 21148,-,* 1 Cam A,1417,28446A,Cam
68.00767612,53.91084583,5.772,HIP 21148,-,DL Cam,1417,28446,Cam
68.02003579,5.410041157,6.352,HIP 21152,-,58 G. Tau,1436,28736,Tau
68.15647389,-3.209540231,5.81,HIP 21192,-,DZ Eri,1441,28843,Eri
68.34202859,-10.78533719,6.052,HIP 21239,-,236 G. Eri,1447,28970,Eri
68.35376265,43.06389316,6.078,HIP 21242,-,57 Per,1434,28704,Per
68.37730105,-29.76649185,4.51,HIP 21248,-,υ 1 Eridani,1453,29085,Eri
68.37783372,72.52860564,5.928,HIP 21247,-,-,1401,28204,Cam
68.3867946,-63.02916529,6.5,HIP 21252,-,-,-,29383,Ret
68.39145558,-62.82367692,5.78,HIP 21253,-,-,1475,29399,Ret
68.45072933,9.413561159,6.011,HIP 21269,-,59 G. Tau,1446,28930,Tau
68.46215763,14.84442824,4.65,HIP 21273,-,ρ Tauri,1444,28910,Tau
68.47803183,-6.738911792,5.72,HIP 21278,-,46 Eri,1449,29009,Eri
68.49907161,-55.04497896,3.28,HIP 21281,-,α Doradus,1465,29305,Dor
68.53444801,5.568620996,5.678,HIP 21295,-,60 G. Tau,1448,28978,Tau
68.5484519,-8.231351554,5.188,HIP 21296,-,47 Eri,1451,29064,Eri
68.54904121,-8.97025547,5.229,HIP 21297,-,242 G. Eri,1452,29065,Eri
68.55913285,-6.837810871,6.063,HIP 21298,-,240 G. Eri,1450,29063,Eri
68.6583033,28.96115054,5.9,HIP 21323,-,-,1445,28929,Tau
68.65892586,-24.04050228,6.38,HIP 21324,-,246 G. Eri,-,29163,Eri
68.75296085,-19.92138283,6.111,HIP 21363,-,247 G. Eri,1461,29184,Eri
68.80881653,-9.736369329,6.37,HIP 21377,-,-,1460,29173,Eri
68.88765817,-30.56234204,3.82,HIP 21393,Theemin,υ 2 Eridani,1464,29291,Eri
68.91360921,10.16075323,4.25,HIP 21402,-,88 Tau,1458,29140,Tau
68.92735096,19.8817894,6.35,HIP 21408,-,-,1455,29104,Tau
68.98016279,16.50930235,0.86,HIP 21421,Aldebaran,α Tauri,1457,29139,Tau
69.00695929,-3.611633627,6.34,HIP 21428,-,248 G. Eri,1462,29227,Eri
69.07975799,-3.352460485,3.928,HIP 21444,-,ν Eridani,1463,29248,Eri
69.10082506,64.26160024,5.91,HIP 21452,-,-,1440,28780,Cam
69.12145766,23.34083932,6.019,HIP 21459,-,V1116 Tau,1459,29169,Tau
69.17263542,41.26483482,4.26,HIP 21476,-,58 Per,1454,29094,Per
69.18996364,-62.07716594,5.4,HIP 21479,-,R Dor,1492,29712,Dor
69.2122116,-30.71677782,6.271,HIP 21486,-,253 G. Eri,1476,29435,Eri
69.30698198,0.99832781,5.315,HIP 21515,-,49 Eri,1469,29335,Tau
69.31157357,18.54303526,6.37,HIP 21517,-,SZ Tau,-,29260,Tau
69.33028384,-41.87294345,6.4,HIP 21525,-,-,-,29559,Cae
69.40055254,-2.473548813,5.209,HIP 21547,-,51 Eri,1474,29391,Eri
69.53933589,16.03325629,5.776,HIP 21588,-,89 Tau,1472,29375,Tau
69.53942456,12.51083696,4.27,HIP 21589,-,90 Tau,1473,29388,Tau
69.5450984,-14.3040279,3.87,HIP 21594,Sceptrum,* l Eri,1481,29503,Eri
69.54510425,-14.30398315,3.89,HIP 21594,Sceptrum A,* l Eri A,1481,29503A,Eri
69.56595901,20.68472486,5.842,HIP 21604,-,HU Tau,1471,29365,Tau
69.59052272,-77.65600513,6.038,HIP 21611,-,-,1531,30479,Men
69.72312562,-12.12307448,5.002,HIP 21644,-,-,1483,29573,Eri
69.76792354,-51.6727541,6.44,HIP 21666,-,-,1498,29805,Pic
69.77566258,7.870987059,5.365,HIP 21670,-,63 G. Tau,1480,29499,Tau
69.78843011,15.79983646,5.076,HIP 21673,-,σ 1 Tauri,1478,29479,Tau
69.81875915,15.91797531,4.665,HIP 21683,-,σ 2 Tauri,1479,29488,Tau
69.83212767,-14.35918947,5.463,HIP 21685,-,257 G. Eri,1487,29613,Eri
69.84645496,25.21827663,6.2,HIP 21689,-,-,1477,29459,Tau
69.94675483,-1.05246133,6.099,HIP 21718,-,256 G. Eri,1488,29610,Eri
69.97783769,53.0795354,5.073,HIP 21727,-,3 Cam,1467,29317,Cam
69.9918214,53.4732275,5.56,HIP 21730,-,NAME * 2 Cam AB,1466,29316,Cam
70.01424971,12.19761297,5.445,HIP 21735,-,93 Tau,1484,29589,Tau
70.02833872,-24.48236824,5.563,HIP 21743,-,258 G. Eri,1495,29737,Eri
70.11046426,-19.67149187,4.3,HIP 21763,-,54 Eri,1496,29755,Eri
70.14046881,-41.86375126,4.45,HIP 21770,-,α Caeli,1502,29875,Cae
70.33233933,28.61498841,5.729,HIP 21819,-,-,1490,29646,Tau
70.35053546,48.30087925,5.652,HIP 21823,-,-,1482,29526,Per
70.51450958,-37.14433024,5.05,HIP 21861,-,β Caeli,1503,29992,Cae
70.56124685,22.95690281,4.258,HIP 21881,-,τ Tauri,1497,29763,Tau
70.69343169,-50.48133486,5.298,HIP 21914,-,λ Pictoris,1516,30185,Pic
70.72640179,43.36512021,5.298,HIP 21928,-,59 Per,1494,29722,Per
70.76651768,-70.93102624,5.511,HIP 21949,-,μ Mensae,1541,30612,Men
70.78872073,-30.76556017,5.663,HIP 21958,-,-,1509,30080,Cae
70.80731837,24.08891734,6.151,HIP 21961,-,95 Tau,1499,29859,Tau
70.83997718,49.9737879,5.856,HIP 21972,-,-,1493,29721,Per
70.93446687,-41.06478658,6.218,HIP 21998,-,λ Cae,1518,30202,Cae
70.95105007,32.86547975,6.48,HIP 22003,-,-,1501,29867,Aur
71.0221697,-8.50357019,5.81,HIP 22024,-,56 Eri,1508,30076,Eri
71.03325623,-18.66658548,5.522,HIP 22028,-,264 G. Eri,1513,30127,Eri
71.05425207,40.78644927,6.08,HIP 22034,-,-,1500,29866,Per
71.08824306,-59.73273786,5.282,HIP 22040,-,κ Doradus,1530,30478,Dor
71.1076188,11.14613429,5.379,HIP 22044,-,-,1507,30034,Ori
71.24125002,-63.22971498,6.466,HIP 22081,-,-,1540,30610,Dor
71.26733764,-21.28338182,5.692,HIP 22086,-,267 G. Eri,1521,30238,Eri
71.37563095,-3.254659811,4,HIP 22109,-,μ Eridani,1520,30211,Eri
71.42694584,23.62799314,6.329,HIP 22128,-,-,1512,30122,Tau
71.481,19.079,6.4,-,-,NGC 1647,-,-,Tau
71.48104801,-39.35661373,6.045,HIP 22144,-,-,1526,30432,Cae
71.50725171,11.70558676,5.346,HIP 22157,-,-,1519,30210,Ori
71.53977632,-49.2458504,6.35,HIP 22170,-,R Pic,-,30551,Pic
71.57011226,18.73469213,5.981,HIP 22176,-,-,1517,30197,Tau
71.60067652,-2.954527846,6.316,HIP 22189,-,-,1522,30321,Ori
71.60728964,-28.08744588,6.173,HIP 22192,-,EX Eri,1525,30422,Eri
71.68532,40.31259025,6,HIP 22220,-,-,1514,30138,Per
71.90121543,-16.93445569,5.5,HIP 22263,-,58 Eri,1532,30495,Eri
71.95657122,-30.02037218,6.346,HIP 22280,-,ζ Caeli,1539,30608,Cae
72.00113718,56.75717693,5.275,HIP 22287,-,4 Cam,1511,30121,Cam
72.02926743,55.60261178,6.32,HIP 22300,-,-,1515,30144,Cam
72.13555679,-16.32948647,5.755,HIP 22325,-,59 Eri,1538,30606,Eri
72.15160452,-5.674043816,5.77,HIP 22336,-,-,1536,30562,Eri
72.18593485,3.588530737,6.028,HIP 22354,-,-,1534,30545,Ori
72.198,10.882,6.4,-,-,NGC 1662,-,-,Ori
72.20980486,75.94121989,5.952,HIP 22361,-,-,1491,29678,Cam
72.30353001,31.43737438,5.578,HIP 22393,-,-,1529,30454,Aur
72.3295004,32.58819221,5.824,HIP 22407,-,-,1528,30453,Aur
72.42601714,-13.76966884,6.26,HIP 22439,-,272 G. Eri,1545,30743,Eri
72.43367447,15.90421891,6.11,HIP 22441,-,96 Tau,1537,30605,Tau
72.46004669,6.961277951,3.19,HIP 22449,Tabit,π 3 Orionis,1543,30652,Ori
72.47765909,37.48827964,4.867,HIP 22453,-,1 Aur,1533,30504,Per
72.54840065,-16.21715991,5.028,HIP 22479,-,60 Eri,1549,30814,Eri
72.56741801,-41.3208488,6.055,HIP 22488,-,ν Cae,1557,30985,Cae
72.65162656,70.94152621,6.341,HIP 22508,-,-,1510,30085,Cam
72.65301037,8.900181169,4.35,HIP 22509,-,π 2 Orionis,1544,30739,Ori
72.7279,-53.4561,5.23,HIP 22531,-,* iot Pic,1563,31203,Pic
72.73054023,-53.46153587,5.57,HIP 22531,-,iot Pic A,1563,31203,Pic
72.73540492,-53.4596996,6.19,HIP 22534,-,ι Pictoris,1564,31204,Pic
72.78883945,48.74066511,5.643,HIP 22545,-,-,1535,30557,Aur
72.80152405,5.60510385,3.68,HIP 22549,-,π 4 Orionis,1552,30836,Ori
72.84359805,18.83985719,5.085,HIP 22565,-,97 Tau,1547,30780,Tau
72.86756851,-34.90628724,5.833,HIP 22573,-,-,1559,31093,Cae
72.93075518,9.97508073,6.122,HIP 22597,-,-,1553,30870,Ori
72.9582442,13.65514804,6.36,-,-,-,-,30869A,Ori
72.95830461,13.65513514,6.25,HIP 22607,-,-,-,30869,Ori
73.02174808,63.50542148,5.467,HIP 22626,-,-,1527,30442,Cam
73.13317667,14.25064209,4.721,HIP 22667,-,ο 1 Orionis,1556,30959,Ori
73.15825144,36.70318809,4.779,HIP 22678,-,2 Aur,1551,30834,Aur
73.19632078,27.89748983,5.961,HIP 22697,-,-,1554,30912,Tau
73.19898893,42.58662749,5.675,HIP 22699,-,-,1550,30823,Aur
73.22362244,-5.452696321,4.4,HIP 22701,-,ω Eridani,1560,31109,Eri
73.2735191,-72.40767915,6.28,HIP 22717,-,-,1606,31975,Men
73.2907581,52.84115492,6.4,HIP 22720,-,-,1546,30752,Cam
73.34489101,2.508224485,5.324,HIP 22730,-,5 Ori,1562,31139,Ori
73.37706999,-66.67541507,6.416,HIP 22737,-,-,1598,31754,Dor
73.51254745,66.34267601,4.29,HIP 22783,-,α Camelopardalis,1542,30614,Cam
73.56290435,2.440671658,3.73,HIP 22797,-,π 5 Orionis,1567,31237,Ori
73.69539655,11.42598306,5.184,HIP 22833,-,6 Ori,1569,31283,Ori
73.6990918,7.779096309,5.324,HIP 22834,-,-,1571,31296,Ori
73.71128754,0.467166426,5.965,HIP 22840,-,-,1574,31331,Ori
73.71351218,44.06086201,6.058,HIP 22842,-,-,1558,31069,Aur
73.72098548,-58.54765369,6.107,HIP 22844,-,-,1597,31746,Dor
73.72386708,10.15083429,4.648,HIP 22845,-,π 1 Orionis,1570,31295,Ori
73.72838828,-39.62860794,6.089,HIP 22847,-,-,1584,31529,Cae
73.74317365,19.48538692,6.347,HIP 22850,-,-,1566,31236,Tau
73.76304502,55.25912706,5.52,HIP 22854,-,5 Cam,1555,30958,Cam
73.77843433,-16.74066632,5.688,HIP 22860,-,278 G. Eri,1579,31414,Eri
73.79667526,-74.93685317,5.449,HIP 22871,-,η Mensae,1629,32440,Men
73.82774097,-16.41777066,5.715,HIP 22881,-,R Eri,1581,31444,Eri
73.95896468,15.04026178,5.776,HIP 22913,-,-,1576,31373,Ori
73.99313373,5.399023755,6.485,HIP 22923,-,-,1578,31411,Ori
74.02946825,52.86973734,5.74,HIP 22936,-,-,1561,31134,Cam
74.03739574,7.904670525,6.42,HIP 22938,-,-,-,31423,Ori
74.0649067,24.5922183,6.324,HIP 22949,-,-,1575,31362,Tau
74.08369987,36.16853154,6.089,HIP 22955,-,-,1573,31327,Aur
74.09281653,13.51446878,4.06,HIP 22957,-,ο 2 Orionis,1580,31421,Ori
74.10077804,-5.171356793,5.482,HIP 22958,-,62 Eri,1582,31512,Eri
74.24841676,33.16609377,2.69,HIP 23015,Hassaleh,ι Aurigae,1577,31398,Aur
74.32162938,-1.067256607,6.241,HIP 23041,-,-,1591,31623,Ori
74.32165746,53.75210201,4.433,HIP 23040,-,7 Cam,1568,31278,Cam
74.34310357,17.15366618,5.49,HIP 23043,-,-,1585,31539,Tau
74.43618579,-14.23191721,6.139,HIP 23060,-,281 G. Eri,1595,31726,Eri
74.4526902,23.94856852,5.806,HIP 23068,-,99 Tau,1586,31553,Tau
74.53913355,25.05040692,5.785,HIP 23088,-,98 Tau,1590,31592,Tau
74.54546618,-2.212735629,6.338,HIP 23092,-,-,1596,31739,Ori
74.63709287,1.714013537,4.459,HIP 23123,-,π 6 Orionis,1601,31767,Ori
74.71236284,-82.47051586,5.828,HIP 23148,-,ξ Mensae,1716,34172,Men
74.74754659,14.54324972,6.058,HIP 23161,-,-,1600,31764,Ori
74.75568925,-16.37603603,5.92,-,-,-,1604,31925A,Lep
74.81420568,37.89024477,5,HIP 23179,-,ω Aurigae,1592,31647,Aur
74.94303419,53.15545205,6.083,HIP 23216,-,8 Cam,1588,31579,Cam
74.96022283,-10.26331016,5.39,HIP 23221,-,63 Eri,1608,32008,Eri
74.98223663,-12.53741679,4.77,HIP 23231,-,64 Eri,1611,32045,Eri
75.05515435,-78.30002741,6.279,HIP 23251,-,-,1682,33519,Men
75.0764152,39.39470533,5.97,HIP 23261,-,5 Aur,1599,31761,Aur
75.08634367,81.19409099,5.09,HIP 23265,-,-,1523,30338,Cep
75.09672787,39.65465417,6.48,HIP 23268,-,6 Aur,1602,31780,Aur
75.16586618,-2.066030359,6.32,HIP 23296,-,-,1613,32115,Ori
75.20416394,-5.753673424,6.21,HIP 23311,-,-,1614,32147,Eri
75.35658564,-20.05191897,4.885,HIP 23362,-,-,1621,32309,Lep
75.35977409,-7.173964786,4.81,HIP 23364,-,ψ Eridani,1617,32249,Eri
75.39384322,-39.71804634,6.007,HIP 23377,-,-,1631,32453,Cae
75.40018418,61.07799732,6.026,-,-,-,1593,31662A,Cam
75.45980285,0.722109329,5.908,HIP 23408,-,-,1618,32263,Ori
75.49222654,43.82331031,2.99,HIP 23416,Almaaz,ϵ Aurigae,1605,31964,Aur
75.54092305,-26.27502794,5.002,HIP 23430,-,-,1628,32436,Lep
75.58255862,74.26936716,6.04,HIP 23442,-,-,1572,31312,Cam
75.59501858,-31.77133411,5.903,HIP 23446,-,-,1635,32515,Cae
75.61951435,41.07583199,3.75,HIP 23453,Saclateni,ζ Aurigae,1612,32068,Aur
75.67915862,-71.31429917,5.294,HIP 23467,-,β Mensae,1677,33285,Men
75.68741198,-22.7950526,5.738,HIP 23474,-,1 Lep,1634,32503,Lep
75.68914512,-4.210121139,5.853,HIP 23475,-,287 G. Eri,1625,32393,Eri
75.70285864,-49.15140635,5.372,HIP 23482,-,η 1 Pictoris,1649,32743,Pic
75.77394385,21.5899612,4.615,HIP 23497,-,ι Tauri,1620,32301,Tau
75.82765538,41.44164875,6.111,HIP 23511,-,-,1615,32188,Aur
75.85454611,60.44224554,4.02,HIP 23522,-,β Camelopardalis,1603,31910,Cam
75.9671862,-14.37022989,6.406,HIP 23551,-,-,1640,32612,Lep
75.97196603,-24.38814751,5.582,HIP 23554,-,-,1645,32667,Lep
75.97480149,-41.74495165,6.303,HIP 23555,-,-,1651,32820,Cae
76.05331579,73.76388739,6.22,HIP 23582,-,-,1587,31563,Cam
76.06070238,30.49458283,6.16,HIP 23583,-,-,1626,32406,Aur
76.08995347,21.27792997,6.188,HIP 23589,-,-,1633,32482,Tau
76.10167558,-35.48297537,4.574,HIP 23595,-,γ 1 Caeli,1652,32831,Cae
76.10898791,-35.70510624,6.31,HIP 23596,-,γ 2 Caeli,1653,32846,Cae
76.14228829,15.40410214,4.661,HIP 23607,-,11 Ori,1638,32549,Ori
76.16528137,74.06695557,6.12,HIP 23617,-,-,1589,31590,Cam
76.22718956,-3.039676071,6.031,HIP 23643,-,-,1646,32686,Ori
76.24172584,-49.57783409,5.01,HIP 23649,-,η 2 Pictoris,1663,33042,Pic
76.2525239,-54.40740097,6.261,HIP 23653,-,-,1667,33116,Pic
76.31748142,-26.15239035,5.695,HIP 23668,-,-,1655,32890,Lep
76.34882946,1.177626289,6.1,HIP 23680,-,W Ori,1648,32736,Ori
76.36526836,-22.37103449,3.18,HIP 23685,-,ϵ Leporis,1654,32887,Lep
76.37773198,-57.47270469,4.708,HIP 23693,-,ζ Doradus,1674,33262,Dor
76.50383009,35.93635115,6.5,HIP 23724,-,-,1639,32608,Aur
76.53521972,58.97237312,5.08,HIP 23734,-,11 Cam,1622,32343,Cam
76.5387305,-73.03767108,6.257,HIP 23737,-,-,1700,33875,Men
76.55057363,59.02133876,6.13,HIP 23743,-,12 Cam,1623,32357,Cam
76.62379161,61.16974987,5.994,HIP 23766,-,-,1624,32356,Cam
76.62872559,41.23447574,3.18,HIP 23767,Haedus,η Aurigae,1641,32630,Aur
76.65309527,-13.12262128,6.039,HIP 23777,-,-,1661,32996,Lep
76.69021995,-4.655166951,5.12,HIP 23794,-,66 Eri,1657,32964,Eri
76.70648052,43.17470581,6.207,HIP 23799,-,-,1644,32655,Aur
76.79060394,-19.39190344,6.44,HIP 23818,-,-,-,33095,Lep
76.85401324,-12.49127042,5.956,HIP 23831,-,-,1665,33093,Lep
76.89177859,-63.39967982,5.205,HIP 23840,-,WZ Dor,1695,33684,Dor
76.95166514,20.41837645,5.28,HIP 23871,-,l Tau,1658,32977,Tau
76.95753321,-12.59265863,6.33,HIP 23874,-,-,-,33162,Lep
76.96239535,-5.086496984,2.79,HIP 23875,Cursa,β Eridani,1666,33111,Eri
76.97035639,8.498434239,5.72,HIP 23879,-,* i Ori A,1664,33054,Ori
76.98097899,21.70481927,5.92,HIP 23883,-,105 Tau,1660,32991,Tau
77.02759315,24.26517461,5.5,HIP 23900,-,103 Tau,1659,32990,Tau
77.05525402,-15.09534162,6.39,HIP 23908,-,-,-,33238,Lep
77.08412798,-8.665325424,5.78,HIP 23916,-,291 G. Eri,1671,33224,Eri
77.18207797,-4.456208286,5.119,HIP 23941,-,68 Eri,1673,33256,Eri
77.21013814,19.85985933,6.5,HIP 23949,-,-,-,33121,Tau
77.28660023,-8.754083776,4.27,HIP 23972,-,λ Eridani,1679,33328,Eri
77.33184697,9.829584076,5.43,HIP 23983,-,16 Ori,1672,33254,Ori
77.40300153,69.63940411,6.42,HIP 24003,Mago,-,1636,32518,Cam
77.42482144,15.59721305,4.82,HIP 24010,-,15 Ori,1676,33276,Ori
77.43789055,28.03046848,5.997,HIP 24019,-,V1156 Tau,1670,33204,Tau
77.51359008,-0.565321933,6.102,HIP 24041,-,-,1681,33419,Ori
77.68579447,-25.91045819,6.395,HIP 24114,-,-,1694,33667,Lep
77.73852162,-48.50707053,6.5,HIP 24126,-,-,-,33894,Pic
77.74176794,-2.254114514,6.236,HIP 24130,-,-,1685,33555,Ori
77.82990136,-2.490782458,5.892,HIP 24162,-,-,1687,33608,Ori
77.84529847,-11.8490871,5.68,HIP 24169,-,RX Lep,1693,33664,Lep
77.90963048,29.90356369,6.423,HIP 24193,-,-,-,33463,Aur
77.92318366,16.04567497,5.163,HIP 24197,-,-,1684,33554,Ori
77.93895895,1.037023437,6.15,-,-,-,1691,33646A,Ori
77.93896563,1.03702886,5.89,HIP 24203,-,-,1691,33646,Ori
78.07462744,-11.86910091,4.45,HIP 24244,-,ι Leporis,1696,33802,Lep
78.09356048,73.94667789,5.45,HIP 24254,-,BN Cam,1643,32650,Cam
78.1625,73.97472,4.2,-,-,C 0516+732,-,-,Cam
78.20053727,-6.057189405,5.892,HIP 24294,-,-,1697,33833,Ori
78.23292902,-16.2054635,3.29,HIP 24305,-,μ Leporis,1702,33904,Lep
78.26172863,61.85004063,6.167,HIP 24313,-,-,1675,33266,Cam
78.30782096,-12.94129246,4.44,HIP 24327,-,κ Leporis,1705,33949,Lep
78.32269904,37.33731133,6.47,HIP 24332,-,-,-,33632,Aur
78.32283087,2.861239207,4.48,HIP 24331,-,ρ Orionis,1698,33856,Ori
78.3571751,38.48449878,4.821,HIP 24340,-,μ Aurigae,1689,33641,Aur
78.38018749,62.69113273,6.477,HIP 24348,-,14 Cam,1678,33296,Cam
78.38148027,1.96767996,6.09,HIP 24349,-,-,1701,33883,Ori
78.38864409,-8.147764756,6.372,-,-,-,1704,33948,Ori
78.43939878,-67.18525827,4.801,HIP 24372,-,θ Doradus,1744,34649,Dor
78.44690173,0.560414346,6.323,HIP 24377,-,-,1703,33946,Ori
78.47222408,-52.03075456,6.023,HIP 24384,-,-,1727,34347,Pic
78.49978892,-14.6068697,6.21,HIP 24394,-,-,1710,34045,Lep
78.62019075,-35.97699734,5.731,HIP 24426,-,-,1721,34266,Col
78.63446707,-8.20163836,0.13,HIP 24436,Rigel,β Orionis,1713,34085,Ori
78.64800639,76.47275647,6.42,HIP 24440,-,-,1650,32781,Cam
78.68353794,5.156146754,5.494,HIP 24450,-,-,1709,34043,Ori
78.6844695,53.21394679,6.16,HIP 24451,-,-,1692,33654,Aur
78.79750859,59.40568815,6.135,HIP 24479,-,-,1688,33618,Cam
78.8270723,-1.409155766,6.154,HIP 24493,-,-,1717,34180,Ori
78.85155091,-26.94350813,5.04,HIP 24505,-,-,1723,34310,Lep
78.85164249,32.68759991,5,HIP 24504,-,KW Aur,1706,33959,Aur
78.85348908,-73.58847565,6.5,HIP 24507,-,-,-,35184,Men
78.86522773,22.28485633,6.27,HIP 24512,-,108 Tau,1711,34053,Tau
78.91172602,-52.18217784,6.45,HIP 24520,-,-,1742,34587,Pic
79.01722776,11.34135505,5.515,HIP 24555,-,18 Ori,1718,34203,Ori
79.04398538,-11.35255954,6.46,HIP 24560,-,-,-,34318,Lep
79.07562221,34.31231789,5.96,HIP 24575,-,AE Aur,1712,34078,Aur
79.17099785,1.947327344,6.408,HIP 24607,-,-,1724,34317,Ori
79.17232794,45.99799147,0.08,HIP 24608,Capella,α Aurigae,1708,34029,Aur
79.32371492,53.58611998,6.5,HIP 24645,-,-,1707,34019,Aur
79.37120308,-34.89520077,4.83,HIP 24659,-,ο Columbae,1743,34642,Col
79.4016264,-6.84440744,3.59,HIP 24674,-,τ Orionis,1735,34503,Ori
79.41767463,-13.51982672,5.488,HIP 24679,-,-,1737,34538,Lep
79.55517553,73.26809746,5.83,HIP 24732,-,-,1683,33541,Cam
79.56540514,42.7921102,5.65,HIP 24738,-,PU Aur,1722,34269,Aur
79.57873355,33.76736581,6.144,HIP 24740,-,AR Aur,1728,34364,Aur
79.66803015,40.46512309,6.199,HIP 24771,-,-,1725,34332,Aur
79.71030372,-18.13005152,5.96,HIP 24786,-,-,1747,34721,Lep
79.75011857,33.74839467,5.371,HIP 24799,-,IQ Aur,1732,34452,Aur
79.78531437,40.09905141,4.71,HIP 24813,-,λ Aurigae,1729,34411,Aur
79.7967504,2.595799972,5.325,HIP 24817,-,21 Ori,1746,34658,Ori
79.81121035,20.13459133,6.107,HIP 24820,-,-,1741,34579,Tau
79.8191924,22.09650595,4.948,HIP 24822,-,109 Tau,1739,34559,Tau
79.82265494,-18.51991828,6.39,HIP 24825,-,-,1753,34798,Lep
79.84222921,-50.60596717,5.45,HIP 24829,-,ζ Pictoris,1767,35072,Pic
79.84868759,-27.3688845,5.972,HIP 24831,-,-,1758,34868,Col
79.84897371,33.98538756,6.489,HIP 24832,-,18 Aur,1734,34499,Aur
79.8660808,58.11736543,6.125,HIP 24836,-,15 Cam,1719,34233,Cam
79.89384295,-13.1767694,4.29,HIP 24845,-,λ Leporis,1756,34816,Lep
79.89702682,-1.411911269,6.35,HIP 24847,-,-,1748,34748,Ori
79.99592997,-12.31558626,5.284,HIP 24873,-,ν Leporis,1757,34863,Lep
80.00383791,33.95805413,5.03,HIP 24879,-,19 Aur,1740,34578,Aur
80.00966112,44.42538364,6.48,HIP 24881,-,-,1733,34498,Aur
80.06114342,41.08623772,5.456,HIP 24902,-,-,1738,34557,Aur
80.08628953,-34.69884958,6.336,HIP 24909,-,-,1766,35046,Col
80.09421107,62.65371135,5.598,HIP 24914,-,-,1720,34255,Cam
80.11003065,-5.36752595,6.42,HIP 24925,-,-,1759,34880,Ori
80.11214492,-21.2397635,4.729,HIP 24927,-,-,1762,34968,Lep
80.16951518,66.74687936,6.38,HIP 24955,-,-,-,34200,Cam
80.18234281,2.544779482,6.43,HIP 24960,-,-,-,34878,Ori
80.23589454,19.81434443,6.205,HIP 24977,-,-,1755,34810,Tau
80.24720168,27.95726892,6.33,HIP 24984,-,-,1750,34762,Tau
80.30286428,29.56988687,5.67,HIP 25001,-,-,1752,34790,Aur
80.32025137,-34.34504821,6.09,HIP 25007,-,AN Col,1772,35165,Col
80.38268332,-0.416492867,5.68,HIP 25028,-,-,1764,35007,Ori
80.43150992,8.428555355,5.8,HIP 25041,-,-,1763,34989,Ori
80.44061399,-0.382466871,4.74,HIP 25044,-,22 Ori,1765,35039,Ori
80.442683,-24.772978,5.34,HIP 25045,-,-,1771,35162,Lep
80.44272716,-24.77298379,5.06,HIP 25045,-,-,1771,35162,Lep
80.4517356,41.80457204,5.207,HIP 25048,-,ρ Aurigae,1749,34759,Aur
80.48045876,-17.60363191,6.47,HIP 25059,-,-,-,35137,Lep
80.577,41.025,4.2,-,-,C 0519+409,-,-,Aur
80.59227869,-56.13439889,6.086,HIP 25098,-,κ Pictoris,1801,35580,Pic
80.70834994,3.544458738,5,HIP 25142,-,23 Ori,1770,35149,Ori
80.7096426,41.02925968,5.542,HIP 25143,-,-,1760,34904,Aur
80.79997067,-26.70543166,6.49,HIP 25180,-,-,1785,35386,Lep
80.82712552,-8.415594549,6.15,HIP 25187,-,-,1778,35281,Ori
80.84530238,28.93676088,6.46,HIP 25192,-,22 Aur,1768,35076,Aur
80.85010226,-39.67841932,5.77,HIP 25194,-,SW Col,1793,35515,Col
80.86601114,57.54439921,5.25,HIP 25197,-,16 Cam,1751,34787,Cam
80.87565019,-13.92735292,5.229,HIP 25202,-,8 Lep,1783,35337,Lep
80.87943996,5.323086497,6.334,HIP 25205,-,V1649 Ori,1777,35242,Ori
80.8942,-69.7561,0.4,-,-,NAME LMC,-,-,Dor
80.90712015,16.69926562,6.096,HIP 25216,-,110 Tau,1774,35189,Tau
80.92628593,-0.159818618,5.7,HIP 25223,-,-,1781,35299,Ori
80.98678244,-7.808062597,4.12,HIP 25247,-,29 Ori,1784,35369,Ori
81.11869583,-16.97577656,5.636,HIP 25280,-,-,1792,35505,Lep
81.11923634,-2.39714754,3.35,HIP 25281,-,η Orionis,1788,35411,Ori
81.1192392,-2.397146951,3.59,HIP 25281,-,* eta Ori A,1788,35411,Ori
81.11971258,-2.397030959,4.89,HIP 25281,-,* eta Ori B,1788,35411,Ori
81.12040408,-0.891334819,5.072,HIP 25282,-,27 Ori,1787,35410,Ori
81.15042537,2.353164728,6.297,HIP 25288,-,-,1786,35407,Ori
81.16009699,31.22391311,6.29,HIP 25290,-,-,1775,35238,Aur
81.16049893,31.14314834,5.925,HIP 25291,-,-,1776,35239,Aur
81.1630895,37.3853491,4.996,HIP 25292,-,σ Aurigae,1773,35186,Aur
81.18666779,36.19994546,6.46,HIP 25301,-,-,-,35202,Aur
81.18678077,1.846444977,4.96,HIP 25302,-,ψ 1 Orionis,1789,35439,Ori
81.19286747,-52.31624543,6.23,HIP 25303,-,θ Pictoris,1818,35860,Pic
81.23156891,-44.22568814,6.084,HIP 25317,-,-,1813,35765,Pic
81.24756916,73.70719592,6.47,HIP 25322,-,-,-,34450,Cam
81.25726601,-10.32888584,5.586,HIP 25329,-,-,1799,35536,Ori
81.28276356,6.34970326,1.64,HIP 25336,Bellatrix,γ Orionis,1790,35468,Ori
81.40207657,-1.491293463,6.42,HIP 25368,-,-,-,35575,Ori
81.44591137,0.520241938,6.144,HIP 25378,-,-,1803,35588,Ori
81.49927159,-19.69540303,5.817,HIP 25397,-,-,1812,35736,Lep
81.50984647,-5.518505689,6.233,HIP 25401,-,-,1806,35640,Ori
81.52384222,16.70015969,6.23,HIP 25410,-,113 Tau,1798,35532,Tau
81.52580663,-86.38826627,6.4,HIP 25412,-,R Oct,-,40857,Oct
81.57297133,28.60745172,1.65,HIP 25428,Elnath,β Tauri,1791,35497,Tau
81.58027406,-58.91251778,5.129,HIP 25429,-,λ Doradus,1836,36189,Dor
81.66178998,6.868658151,6.399,HIP 25453,-,-,1807,35656,Ori
81.70334837,34.39180685,5.905,HIP 25471,-,-,1795,35520,Aur
81.70928885,3.095672821,4.611,HIP 25473,-,ψ 2 Orionis,1811,35715,Ori
81.71367869,33.26225911,6.158,HIP 25475,-,-,1796,35521,Aur
81.72632296,35.45727376,6.151,HIP 25476,-,-,1794,35519,Aur
81.7292,35.4567,6.17,-,-,NGC 1912 562,-,-,Aur
81.74918226,-68.62254112,6.12,HIP 25482,-,-,1859,36584,Dor
81.7698472,-11.90096278,6.295,HIP 25486,-,-,1817,35850,Lep
81.77213162,-40.94352418,5.847,HIP 25488,-,-,1827,36060,Col
81.78446816,30.20860273,5.72,HIP 25492,-,-,1804,35600,Aur
81.79206162,17.96221126,5.404,HIP 25499,-,115 Tau,1808,35671,Tau
81.8078919,15.25762808,6.182,HIP 25502,-,-,1809,35693,Ori
81.81417596,2.341202408,6.35,HIP 25505,-,-,-,35775,Ori
81.90208535,-21.37571293,6.065,HIP 25532,-,-,1823,35991,Lep
81.90868401,21.93696808,4.868,HIP 25539,-,114 Tau,1810,35708,Tau
81.91201592,34.47587971,5.059,HIP 25541,-,ϕ Aurigae,1805,35620,Aur
81.94003373,15.8740505,5.515,HIP 25555,-,116 Tau,1814,35770,Tau
82.00612562,1.298250052,6.38,HIP 25582,-,-,1820,35912,Ori
82.00670855,17.23912988,5.758,HIP 25583,-,117 Tau,1816,35802,Tau
82.06134537,-20.75944389,2.84,HIP 25606,Nihal,β Leporis,1829,36079,Lep
82.06389586,-37.23076324,5.552,HIP 25608,-,-,1835,36187,Col
82.1448897,13.67897886,6.34,HIP 25638,-,-,1819,35909,Ori
82.167,35.824,6.4,-,-,M 38,-,-,Aur
82.23712286,-3.307429003,6.38,HIP 25667,-,-,1826,36058,Ori
82.31874511,25.15021277,5.84,HIP 25695,-,* 118 Tau A,1821,35943,Tau
82.31875034,25.15021613,5.48,HIP 25695,-,118 Tau,1821,35943,Tau
82.34868594,-3.446393166,5.78,HIP 25708,-,-,1830,36134,Ori
82.41939092,29.18646402,6.19,HIP 25730,-,-,1822,35984,Aur
82.4233691,-0.802546764,6.5,HIP 25732,-,-,-,36150,Ori
82.43325837,-1.092238426,4.71,HIP 25737,-,31 Ori,1834,36167,Ori
82.47822588,1.789259247,5.745,HIP 25751,-,-,1833,36166,Ori
82.53949562,-47.07765449,5.453,HIP 25768,-,-,1856,36553,Pic
82.54251353,63.06721919,5.407,HIP 25769,-,17 Cam,1802,35583,Cam
82.55784478,-84.7851016,6.186,HIP 25776,-,TZ Men,2059,39780,Men
82.56613625,-63.92768428,6.19,HIP 25781,-,-,1882,36876,Dor
82.58301377,4.204794749,6.202,HIP 25785,-,CK Ori,1837,36217,Ori
82.5864738,-7.434816144,6.313,HIP 25786,-,-,1840,36285,Ori
82.60901566,15.36044716,5.934,HIP 25790,-,-,1832,36162,Ori
82.68061648,22.46225492,6.291,HIP 25806,-,-,1831,36160,Tau
82.68784994,39.82591335,6.377,HIP 25810,-,-,1825,36041,Aur
82.69604545,5.94813679,4.2,HIP 25813,-,32 Ori,1839,36267,Ori
82.69604602,5.948145281,4.46,HIP 25813,-,* 32 Ori A,1839,36267,Ori
82.696285,5.948367715,5.76,HIP 25813,-,* 32 Ori B,1839,36267,Ori
82.70271312,41.46199221,5.991,HIP 25816,-,-,1824,36040,Aur
82.78178289,-20.86365768,5.525,HIP 25853,-,10 Lep,1849,36473,Lep
82.8031145,-35.4705066,3.87,HIP 25859,-,ϵ Columbae,1862,36597,Col
82.81054929,3.29213136,5.46,HIP 25861,-,33 Ori,1842,36351,Ori
82.81055292,3.292133333,5.74,HIP 25861,-,* n01 Ori A,1842,36351,Ori
82.83705546,-6.708380046,6.208,HIP 25869,-,-,1848,36430,Ori
82.90000942,-45.92531806,5.844,HIP 25887,-,-,1870,36734,Pic
82.97021911,-76.34090168,5.2,HIP 25918,-,γ Mensae,1953,37763,Men
82.98274983,-7.301537746,4.63,HIP 25923,-,υ Orionis,1855,36512,Ori
83.00166706,-0.29909511,2.41,HIP 25930,Mintaka,δ Orionis,1852,36486,Ori
83.0531318,18.5942366,4.33,HIP 25945,-,119 Tau,1845,36389,Tau
83.05892228,17.05813286,6.09,HIP 25950,-,-,1847,36408,Tau
83.06069522,17.05604988,6.49,-,-,-,1847,36408B,Tau
83.1582648,0.011924835,6.16,HIP 25976,-,-,-,36558,Ori
83.17229587,-1.591832069,5.34,HIP 25980,-,-,1861,36591,Ori
83.18197657,32.19202237,4.79,HIP 25984,-,χ Aurigae,1843,36371,Aur
83.18256716,-17.82228927,2.57,HIP 25985,Arneb,α Leporis,1865,36673,Lep
83.21422089,-38.51336962,5.456,HIP 25993,-,-,1877,36848,Col
83.24819048,-64.22751492,5.341,HIP 26001,-,-,1917,37297,Dor
83.28060658,-1.71735977,6.46,HIP 26020,-,-,1863,36646,Ori
83.28078088,-35.13937422,5.758,HIP 26019,-,-,1881,36874,Col
83.36418331,32.80118106,6.474,HIP 26054,-,-,1850,36484,Aur
83.38102706,-1.15607207,5.34,HIP 26063,-,VV Ori,1868,36695,Ori
83.38179343,18.54022984,5.69,HIP 26064,-,120 Tau,1858,36576,Tau
83.40631655,-62.48982679,3.76,HIP 26069,-,β Doradus,1922,37350,Dor
83.40922954,34.72557111,6.261,HIP 26071,-,-,1854,36499,Aur
83.41182067,20.47421966,6.189,HIP 26072,-,-,1860,36589,Tau
83.43484994,-54.90229079,6.418,HIP 26079,-,-,1912,37226,Pic
83.47617712,14.30556772,5.593,HIP 26093,-,35 Ori,1864,36653,Ori
83.51030086,-7.023750955,6.45,HIP 26104,-,-,-,36814,Ori
83.51621148,-1.035726707,6.22,HIP 26106,-,-,1873,36779,Ori
83.51686473,-1.470242381,5.895,HIP 26108,-,-,1874,36780,Ori
83.56988934,3.766906267,5.326,HIP 26126,-,38 Ori,1872,36777,Ori
83.62202425,-0.012346444,6.251,HIP 26149,-,-,-,36840,Ori
83.68659149,-73.74127806,5.85,HIP 26169,-,WX Men,1964,37993,Men
83.70515678,9.489586217,4.41,HIP 26176,-,ϕ 1 Orionis,1876,36822,Ori
83.73930316,-61.17604871,6.311,HIP 26190,-,-,1936,37501,Dor
83.75419588,-6.009268531,5.53,HIP 26197,-,-,1886,36959,Ori
83.76117629,-6.002030097,4.72,HIP 26199,-,-,1887,36960,Ori
83.78448367,9.934164257,3.47,HIP 26207,Meissa A,* lam Ori A,1879,36861,Ori
83.78449002,9.93415587,3.66,HIP 26207,Meissa,λ Orionis,1879,36861,Ori
83.792,9.813,2.8,-,-,Cl Collinder 69,-,-,Ori
83.80519447,10.24007744,5.638,HIP 26215,-,-,1883,36881,Ori
83.81,-5.924,2.5,-,-,NGC 1980,-,-,Ori
83.81448025,-33.07972695,5.755,HIP 26219,-,-,1909,37192,Col
83.81860957,-5.389700503,5.13,HIP 26221,-,θ 1 Orionis C,1895,37022,Ori
83.84299168,-4.424319139,6.35,-,-,-,1891,37016A,Ori
83.84542183,-5.41606462,6.39,HIP 26235,-,θ 2 Orionis,1897,37041,Ori
83.84651939,-4.83834994,4.59,HIP 26237,-,42 Ori,1892,37018,Ori
83.848,-4.486,4.2,-,-,NGC 1981,-,-,Ori
83.85827581,-5.909888524,2.77,HIP 26241,Hatysa,ι Orionis,1899,37043,Ori
83.86000314,-5.416887158,6.38,HIP 26235,-,* tet02 Ori B,1897,37042,Ori
83.86304858,24.03959602,5.38,HIP 26248,-,121 Tau,1875,36819,Tau
83.87948172,-4.364045292,6.45,-,-,-,1898,37040A,Ori
83.8794965,-4.364049272,6.38,HIP 26257,-,-,1898,37040,Ori
83.89960126,-3.252838729,6.41,HIP 26263,-,V1377 Ori,1900,37055,Ori
83.90074458,-78.82086913,6.033,HIP 26264,-,ι Mensae,1991,38602,Men
83.91451732,-4.856066549,5.234,HIP 26268,-,45 Ori,1901,37077,Ori
83.98125111,27.66234713,6.247,HIP 26291,-,-,1878,36859,Tau
84.01185797,-47.31374625,6.1,HIP 26300,-,TX Pic,1927,37434,Pic
84.0428974,-28.7080135,6.256,HIP 26309,-,-,1915,37286,Col
84.05338894,-1.20191914,1.69,HIP 26311,Alnilam,ϵ Orionis,1903,37128,Ori
84.06649495,47.71528705,6.095,HIP 26315,-,-,1869,36719,Aur
84.084,34.135,6,-,-,M 36,-,-,Aur
84.14674258,54.4286586,5.716,HIP 26344,-,-,1866,36678,Aur
84.14872228,-6.064750682,5.75,HIP 26345,-,-,1911,37209,Ori
84.21840015,40.18238071,6.082,HIP 26363,-,-,1884,36891,Aur
84.22661905,9.290671253,4.09,HIP 26366,-,ϕ 2 Orionis,1907,37160,Ori
84.22907733,-66.56028548,6.274,HIP 26368,-,-,1960,37935,Dor
84.26556488,17.04032716,5.525,HIP 26382,-,122 Tau,1905,37147,Tau
84.26826017,11.03499586,5.9,HIP 26386,-,-,1908,37171,Ori
84.28655119,-11.77551595,6.089,HIP 26395,-,-,1919,37306,Lep
84.29119519,-80.46912071,5.67,HIP 26394,-,π Mensae,2022,39091,Men
84.31277863,64.15468824,6.179,HIP 26408,-,19 Cam,1857,36570,Cam
84.31676725,66.69669171,6.29,HIP 26410,-,-,1853,36496,Cam
84.31876251,-27.87145429,6.14,HIP 26412,-,ν 1 Columbae,1926,37430,Col
84.33046301,8.951874592,6.095,HIP 26414,-,-,1913,37232,Ori
84.36398972,-5.938390139,6.024,HIP 26427,-,-,1918,37303,Ori
84.41118926,21.14254411,3.03,HIP 26451,Tianguan,ζ Tauri,1910,37202,Tau
84.43590679,-28.68969025,5.31,HIP 26460,-,ν 2 Columbae,1935,37495,Col
84.4408576,33.55916757,6.355,HIP 26463,-,-,1904,37138,Aur
84.4724382,-4.814034805,6.18,HIP 26477,-,-,1923,37356,Ori
84.50466188,7.541416687,5.852,HIP 26487,-,-,1920,37320,Ori
84.57258528,-50.64099558,6.42,HIP 26515,-,-,-,37781,Pic
84.6582232,-6.57395749,5.96,HIP 26535,-,-,1933,37481,Ori
84.6586879,30.49241816,5.406,HIP 26536,-,26 Aur,1914,37269,Aur
84.67665,-69.100933,5.4,-,-,RMC 136,-,-,Dor
84.6813653,-40.70731026,5.804,HIP 26545,-,-,1947,37717,Col
84.68652243,-2.600078661,3.79,HIP 26549,-,σ Orionis,1931,37468,Ori
84.69668752,-2.594589285,6.46,-,-,* sig Ori E,1932,37479,Ori
84.72117994,-7.212829772,4.8,HIP 26563,-,49 Ori,1937,37507,Ori
84.73905594,26.61807026,6.43,HIP 26571,-,-,1921,37329,Tau
84.7862328,41.35856334,6.44,HIP 26592,-,-,-,37250,Aur
84.79644083,4.12146897,4.59,HIP 26594,-,ω Orionis,1934,37490,Ori
84.82630647,29.21521913,5.984,HIP 26606,-,V433 Aur,1924,37367,Aur
84.86297978,21.76295206,6.43,HIP 26616,-,-,1929,37439,Tau
84.87850573,-9.706628648,6.481,HIP 26623,-,-,1942,37635,Ori
84.87979411,-3.56470419,5.974,HIP 26624,-,-,1940,37594,Ori
84.9122543,-34.07410972,2.65,HIP 26634,Phact,α Columbae,1956,37795,Col
84.9321116,75.04387396,6.17,HIP 26638,-,-,1844,36384,Cam
84.93416998,25.89709445,5.166,HIP 26640,-,125 Tau,1928,37438,Tau
84.95766557,-32.6292159,5.437,HIP 26649,-,-,1958,37811,Col
85.14961392,31.35819952,6.04,HIP 26712,-,-,1938,37519,Aur
85.15540354,-2.825236733,6.22,HIP 26713,-,-,1950,37744,Ori
85.1752074,31.92061043,6.21,HIP 26718,-,NO Aur,1939,37536,Aur
85.18969443,-1.94257359,1.77,HIP 26727,Alnitak,ζ Orionis,1948,37742,Ori
85.18969643,-1.942572322,1.9,HIP 26727,Alnitak A,* zet Ori A,1948,37742,Ori
85.18988003,-1.943218622,3.73,HIP 26727,Alnitak B,* zet Ori B,1949,37743,Ori
85.21131486,-1.128787524,4.95,HIP 26736,-,-,1952,37756,Ori
85.27331598,0.337754407,5.912,HIP 26762,-,-,1955,37788,Ori
85.32382365,16.53414592,4.836,HIP 26777,-,126 Tau,1946,37711,Tau
85.334732,53.48105801,6.23,HIP 26779,-,V538 Aur,1925,37394,Aur
85.3374031,29.48741576,6.392,HIP 26781,-,-,1945,37646,Aur
85.36219011,-33.40074207,6.342,HIP 26796,-,-,1966,38056,Col
85.4229613,-16.72582892,6.2,HIP 26821,-,-,1962,37971,Lep
85.51660498,22.66032841,6.35,HIP 26853,-,-,1954,37784,Tau
85.54824062,-30.53543243,6.172,HIP 26862,-,-,1972,38138,Col
85.55816158,-22.37371403,5.89,HIP 26865,-,12 Lep,1968,38090,Lep
85.56031819,-17.53037418,6.144,HIP 26866,-,-,1965,38054,Lep
85.56331029,-34.66781664,5.283,HIP 26868,-,WZ Col,1973,38170,Col
85.61020222,65.69764927,5.609,HIP 26882,-,-,1916,37289,Cam
85.61930096,1.474629399,4.9,HIP 26885,-,51 Ori,1963,37984,Ori
85.72464226,-6.796168401,5.965,HIP 26926,-,-,1967,38089,Ori
85.75697511,56.58152324,6.045,HIP 26942,-,24 Cam,1941,37601,Cam
85.78882874,-1.613251992,6.311,HIP 26953,-,V1197 Ori,1970,38099,Ori
85.83126013,23.2043745,6.21,HIP 26964,-,V731 Tau,1961,37967,Tau
85.84029552,-18.55747545,5.727,HIP 26966,-,-,1975,38206,Lep
85.87577184,-39.40690891,6.243,HIP 26981,-,-,1981,38385,Col
85.92141531,-45.83286645,6.364,HIP 27001,-,-,1984,38458,Pic
86.03519326,61.47653489,6.161,HIP 27046,-,23 Cam,1943,37638,Cam
86.11056968,-22.42183736,6.15,-,-,V* AK Lep,1982,38392,Lep
86.11579424,-22.44838549,3.6,HIP 27072,-,γ Leporis,1983,38393,Lep
86.11831418,-20.12657273,6.341,HIP 27075,-,-,1980,38382,Lep
86.19320832,-65.7354981,4.36,HIP 27100,-,δ Doradus,2015,39014,Dor
86.25536924,12.88833269,6.46,HIP 27116,-,-,-,38263,Tau
86.25751849,4.008232594,6.089,HIP 27118,-,-,1978,38309,Ori
86.47517483,49.82627104,5.46,HIP 27196,-,ο Aurigae,1971,38104,Aur
86.4995626,-32.30643396,5.18,HIP 27204,-,μ Columbae,1996,38666,Col
86.51195069,-4.268484919,6.31,HIP 27212,-,-,1986,38495,Ori
86.61405183,-46.59718292,5.302,HIP 27243,-,-,2008,38871,Pic
86.6266244,56.11557568,5.927,HIP 27249,-,26 Cam,1969,38091,Cam
86.68957012,15.82249513,5.994,HIP 27265,-,129 Tau,1985,38478,Tau
86.71722598,9.522339828,5.768,HIP 27280,-,-,1987,38527,Ori
86.73892235,-14.82195016,3.525,HIP 27288,-,ζ Leporis,1998,38678,Lep
86.75018159,51.52087375,6.46,HIP 27293,-,-,-,38229,Aur
86.76906989,-28.63891298,6.23,HIP 27303,-,-,2005,38804,Col
86.78251838,-16.23807949,6.157,HIP 27308,-,-,2000,38713,Lep
86.8048068,14.48832428,5.721,HIP 27316,-,131 Tau,1989,38545,Tau
86.80554146,-54.36072052,6.171,HIP 27317,-,-,2023,39110,Pic
86.81118769,42.52674622,6.292,HIP 27319,-,-,1979,38358,Aur
86.82119871,-51.06651143,3.86,HIP 27321,-,β Pictoris,2020,39060,Pic
86.82785977,-35.67407409,6.282,HIP 27325,-,-,2009,38885,Col
86.85914823,17.72914224,5.455,HIP 27338,-,130 Tau,1990,38558,Tau
86.86205431,-10.53296964,6.09,HIP 27341,-,V1031 Ori,2001,38735,Ori
86.88433343,63.59884774,6.49,HIP 27346,-,-,-,38058,Cam
86.89443954,25.56862047,6.473,HIP 27353,-,-,-,38524,Tau
86.928781,13.89959609,5.29,HIP 27364,-,133 Tau,1993,38622,Tau
86.93912017,-9.669604919,2.06,HIP 27366,Saiph,κ Orionis,2004,38771,Ori
87.00078119,6.453896297,6.01,HIP 27386,-,* 52 Ori B,1999,38710,Ori
87.00097119,6.454154231,5.95,HIP 27386,-,* 52 Ori A,1999,38710,Ori
87.09317753,20.86948521,6.021,HIP 27421,-,-,1997,38670,Tau
87.1455844,-4.094644941,5.97,HIP 27435,-,-,2007,38858,Ori
87.25404562,24.56746075,4.873,HIP 27468,-,132 Tau,2002,38751,Tau
87.26937712,62.8081902,6.21,HIP 27472,-,-,1976,38284,Cam
87.29348991,39.18107232,4.5,HIP 27483,-,τ Aurigae,1995,38656,Aur
87.38720972,12.65132241,4.875,HIP 27511,-,134 Tau,2010,38899,Tau
87.39219266,-44.87539338,6.373,HIP 27512,-,-,2032,39312,Pic
87.40226063,-14.48366636,5.49,HIP 27517,-,-,2021,39070,Lep
87.40226422,-14.48366663,5.58,-,-,-,2021,39070A,Lep
87.45691694,-56.16666602,4.494,HIP 27530,-,γ Pictoris,2042,39523,Pic
87.47293427,-22.97188125,5.861,HIP 27533,-,-,2026,39190,Lep
87.47303947,-66.9011982,5.11,HIP 27534,-,ϵ Doradus,2064,39844,Dor
87.51119057,9.87121491,5.86,-,-,-,2014,39007A,Ori
87.5544392,4.423405639,5.936,HIP 27560,-,-,2019,39051,Ori
87.56994058,-79.36136109,5.451,HIP 27566,-,κ Mensae,2125,40953,Men
87.62007236,-52.76789666,6.339,HIP 27583,-,-,2044,39547,Pic
87.62045167,14.30560711,5.52,HIP 27581,-,135 Tau,2016,39019,Tau
87.6251143,2.024702909,5.976,HIP 27588,-,-,2024,39118,Ori
87.72175618,-52.10887423,5.166,HIP 27621,-,-,2049,39640,Pic
87.73996785,-35.76830962,3.12,HIP 27628,Wazn,β Columbae,2040,39425,Col
87.74212582,27.96786198,5.582,HIP 27629,-,-,2013,39004,Tau
87.76015537,37.30556969,4.74,HIP 27639,-,υ Aurigae,2011,38944,Aur
87.83040012,-20.87909185,3.85,HIP 27654,-,δ Leporis,2035,39364,Lep
87.84159848,-7.518003031,5.341,HIP 27658,-,55 Ori,2031,39291,Ori
87.84618956,-64.03356323,6.359,HIP 27660,-,-,2073,39963,Dor
87.85729353,32.12469198,6.26,HIP 27661,-,V440 Aur,2018,39045,Aur
87.8692255,-22.92694842,6.156,HIP 27670,-,-,2036,39385,Lep
87.87237274,39.14852391,3.95,HIP 27673,-,ν Aurigae,2012,39003,Aur
87.99828037,-29.44942497,6.444,HIP 27705,-,-,2043,39543,Col
88.03220444,-9.041901359,5.96,HIP 27713,-,-,2039,39421,Ori
88.07189343,58.96408859,6.132,HIP 27731,-,30 Cam,2006,38831,Cam
88.08417258,-57.15618929,5.948,HIP 27737,-,-,2072,39937,Pic
88.09288097,14.17178566,5.586,HIP 27743,-,137 Tau,2033,39317,Tau
88.09752655,19.86784727,5.985,HIP 27747,-,-,2030,39286,Ori
88.11016074,1.855137864,4.75,HIP 27750,-,56 Ori,2037,39400,Ori
88.138271,-37.63106187,5.615,HIP 27766,-,-,2053,39720,Col
88.16526814,39.57470461,6.39,HIP 27777,-,-,2025,39182,Aur
88.16705423,33.91746285,6.07,HIP 27778,-,-,2028,39225,Aur
88.23122565,68.47154348,6.213,HIP 27795,-,-,1994,38645,Cam
88.27867344,-33.80136322,4.87,HIP 27810,-,λ Columbae,2056,39764,Col
88.33185938,27.61226194,4.552,HIP 27830,-,136 Tau,2034,39357,Tau
88.52522744,-63.08978029,4.66,HIP 27890,-,-,2102,40409,Dor
88.55562224,10.58640579,6.115,HIP 27900,-,-,2048,39632,Ori
88.55838039,-29.14727139,6.334,HIP 27901,-,-,2068,39891,Col
88.56566368,3.225641407,6.302,HIP 27902,-,-,2051,39685,Ori
88.59576246,20.27617279,4.4,HIP 27913,-,χ 1 Orionis,2047,39587,Ori
88.67133358,-49.62701051,6.098,HIP 27937,-,-,2089,40200,Pic
88.68179404,-11.77419391,5.613,HIP 27938,-,-,2065,39853,Lep
88.68348585,0.968615647,5.975,HIP 27939,-,-,2057,39775,Ori
88.70871382,-52.63548061,5.29,HIP 27947,-,-,2094,40292,Pic
88.71152891,55.70696671,4.96,HIP 27949,-,ξ Aurigae,2029,39283,Aur
88.71867915,-39.95785962,5.543,HIP 27955,-,-,2082,40091,Col
88.73619536,19.74961792,5.894,HIP 27965,-,57 Ori,2052,39698,Ori
88.74094237,59.88836865,5.2,HIP 27971,-,31 Cam,2027,39220,Cam
88.79293899,7.407064,0.42,HIP 27989,Betelgeuse,α Orionis,2061,39801,Ori
88.87464509,-37.12068316,4.961,HIP 28010,-,ξ Columbae,2087,40176,Col
88.87571479,-4.616544484,5.857,HIP 28011,-,-,2070,39910,Ori
88.8973705,-4.788585565,6.264,HIP 28019,-,-,2071,39927,Ori
88.95487818,20.17518831,5.4,HIP 28041,-,U Ori,2063,39816,Ori
89.05946514,-22.83997616,5.945,HIP 28085,-,-,2086,40151,Lep
89.08726344,-31.38243892,5.51,HIP 28098,-,σ Columbae,2092,40248,Col
89.10122288,-14.16769954,3.72,HIP 28103,-,η Leporis,2085,40136,Lep
89.11680846,9.509393087,5.964,HIP 28110,-,-,2075,39985,Ori
89.14069926,28.94226559,6.336,HIP 28117,-,-,2066,39866,Aur
89.14349485,-23.21531151,6.361,HIP 28118,-,-,2090,40235,Lep
89.20419,-31.97624466,6.419,HIP 28138,-,-,2098,40359,Col
89.20604058,11.52105891,5.884,HIP 28139,-,-,2076,40020,Ori
89.23382726,24.24968876,6.029,HIP 28154,-,-,2074,39970,Tau
89.30988936,-53.42569466,6.451,HIP 28180,-,-,2114,40665,Pic
89.38420857,-35.28328099,4.36,HIP 28199,-,γ Columbae,2106,40494,Col
89.39591577,66.09609931,6.26,HIP 28205,-,-,2041,39429,Cam
89.47705248,1.224311999,6.202,HIP 28232,-,-,2093,40282,Ori
89.49857058,25.95391217,4.82,HIP 28237,-,139 Tau,2084,40111,Tau
89.54879053,-0.994018582,6.198,HIP 28252,-,-,2097,40347,Ori
89.60184591,1.837108382,5.886,HIP 28271,-,59 Ori,2100,40372,Ori
89.65644605,-44.03456032,5.802,HIP 28287,-,-,2117,40733,Pic
89.70656135,0.552982337,5.2,HIP 28296,-,60 Ori,2103,40446,Ori
89.72180774,12.80826614,5.97,-,-,-,2099,40369A,Ori
89.75450083,-9.382224,6.16,HIP 28321,-,1 Mon,2107,40535,Mon
89.7679722,-9.558252779,5.029,HIP 28325,-,2 Mon,2108,40536,Mon
89.78668787,-42.81513231,3.96,HIP 28328,-,η Columbae,2120,40808,Col
89.84074699,49.92453881,5.907,HIP 28343,-,-,2081,40084,Aur
89.88174341,54.28473796,3.72,HIP 28358,Bagu,δ Aurigae,2077,40035,Aur
89.88217887,44.94743257,1.9,HIP 28360,Menkalinan,β Aurigae,2088,40183,Aur
89.93029218,37.21258463,2.62,HIP 28380,Mahasim,θ Aurigae,2095,40312,Aur
89.94093372,55.32085413,6.41,HIP 28385,-,34 Cam,2079,40062,Aur
89.94978171,54.54700781,6.129,HIP 28390,-,-,2080,40083,Aur
89.98374136,45.93673492,4.25,HIP 28404,-,π Aurigae,2091,40239,Aur
90.01395681,-3.074258471,4.52,HIP 28413,-,-,2113,40657,Ori
90.07358521,-12.90003368,6.195,HIP 28434,-,-,2118,40745,Lep
90.07874114,44.59201295,6.2,HIP 28438,-,-,2096,40325,Aur
90.20487472,-51.21632068,5.647,HIP 28484,-,-,2138,41214,Pic
90.24400905,47.90192487,5.706,HIP 28499,-,36 Aur,2101,40394,Aur
90.25188992,27.57236162,6.04,HIP 28500,-,-,2111,40589,Gem
90.29183784,31.03451723,6.19,HIP 28517,-,-,2110,40588,Aur
90.30457345,-25.41776094,6.037,HIP 28520,-,-,2129,40972,Lep
90.31790687,-33.91183556,5.524,HIP 28524,-,-,2131,41047,Col
90.33447313,85.18211518,6.115,HIP 28532,-,-,1885,36905,Cep
90.42345606,22.40099536,6.355,HIP 28561,-,141 Tau,2116,40724,Gem
90.4294161,48.95944564,5.959,HIP 28562,-,-,2105,40486,Aur
90.46009134,-10.59793087,5.01,HIP 28574,-,3 Mon,2128,40967,Mon
90.53889617,-60.09683056,6.49,HIP 28596,-,SW Pic,2151,41586,Pic
90.5958197,9.647288306,4.3,HIP 28614A,-,-,-,-,Ori
90.5958688,9.647366606,6.27,HIP 28614B,-,-,-,-,Ori
90.64088474,-14.49715605,6.186,HIP 28622,-,-,2136,41125,Lep
90.68808875,47.80952962,6.49,HIP 28634,-,-,-,40650,Aur
90.70251252,49.90567878,6.04,HIP 28637,-,-,2112,40626,Aur
90.7229038,43.37833244,6.35,HIP 28642,-,-,2115,40722,Aur
90.76798738,57.01831313,6.48,HIP 28656,-,-,-,40568,Cam
90.81501528,-26.2845428,5.04,HIP 28675,-,-,2140,41312,Lep
90.85320294,11.68106579,6.075,HIP 28686,-,-,2133,41076,Ori
90.86401642,19.69056282,5.13,HIP 28691,-,64 Ori,2130,41040,Ori
90.97993488,20.13845226,4.63,HIP 28716,-,χ 2 Orionis,2135,41117,Ori
91.03006433,23.26334447,4.15,HIP 28734,-,1 Gem,2134,41116,Gem
91.05625141,-6.708951498,5.21,HIP 28744,-,-,2142,41335,Mon
91.08443858,-32.17242915,5.631,HIP 28756,-,-,2149,41534,Col
91.11849707,-45.03660354,6.35,HIP 28764,-,-,2157,41700,Pup
91.12133567,51.57339686,6.392,HIP 28765,-,35 Cam,2123,40873,Aur
91.16708851,-45.07891539,5.966,HIP 28790,-,-,2158,41742,Pup
91.24242883,5.419966963,5.658,HIP 28812,-,63 Ori,2144,41361,Ori
91.24316214,4.158662462,5.621,HIP 28814,-,66 Ori,2145,41380,Ori
91.24637272,-16.4844359,4.93,HIP 28816,-,17 Lep,2148,41511,Lep
91.26075461,37.96427762,6.32,HIP 28820,-,-,2137,41162,Aur
91.28429285,59.39321372,6.321,HIP 28829,-,-,2121,40827,Cam
91.28894209,75.58591901,6.29,HIP 28831,-,-,2078,40055,Cam
91.36263399,-10.24259519,5.874,HIP 28854,-,-,2150,41547,Mon
91.36324411,-35.51364695,5.795,HIP 28855,-,-,2160,41759,Col
91.39124612,33.59904977,6.213,HIP 28861,-,-,2139,41269,Aur
91.52308022,-29.75862406,5.784,HIP 28899,-,-,2164,41843,Col
91.53884947,-14.93525539,4.663,HIP 28910,-,θ Leporis,2155,41695,Lep
91.5390907,-66.0396209,5.69,HIP 28909,-,η 1 Doradus,2194,42525,Dor
91.59352206,29.51241201,6.033,HIP 28930,-,V394 Aur,2146,41429,Aur
91.63373493,-23.11084837,5.46,HIP 28943,-,-,2163,41841,Lep
91.64623968,38.48264679,5.345,HIP 28946,-,40 Aur,2143,41357,Aur
91.6614016,-4.19383566,5.362,HIP 28949,-,-,2154,41692,Mon
91.66314572,63.45383746,6.45,HIP 28951,-,-,2126,40956,Cam
91.67101629,-42.29880017,6.154,HIP 28957,-,π 1 Columbae,2171,42078,Col
91.73963673,-21.81229821,5.78,HIP 28984,-,YY Lep,2166,41933,Lep
91.75788187,-45.09150922,6.475,HIP 28988,-,-,2178,42168,Pup
91.76419462,-62.15456934,5.041,HIP 28991,-,-,2196,42540,Pic
91.76528953,-34.31202218,5.836,HIP 28992,-,-,2170,42054,Col
91.8558,-6.0078,5.3,-,-,[JNX94] 060458.7-060001,-,-,Mon
91.86148698,41.85428233,6.144,HIP 29025,-,-,2147,41467,Aur
91.88180343,-37.25291923,4.994,HIP 29034,Elkurud,θ Columbae,2177,42167,Col
91.89302135,14.76847521,4.397,HIP 29038,-,ν Orionis,2159,41753,Ori
91.92349227,-19.16586655,5.279,HIP 29048,-,19 Lep,2168,42042,Lep
91.97024801,-42.15404119,5.492,HIP 29064,-,π 2 Columbae,2181,42303,Col
92.0964004,41.05572818,6.339,HIP 29114,-,-,2153,41636,Aur
92.125,13.951,5.9,-,-,NGC 2169,-,-,Ori
92.14428825,-44.35621271,6.246,HIP 29129,-,-,2187,42448,Pup
92.1844241,-68.84341177,5.038,HIP 29134,-,ν Doradus,2221,43107,Dor
92.19875777,-6.821371853,6.46,HIP 29140,-,-,-,42132,Mon
92.24112241,-22.42739337,5.48,HIP 29150,-,-,2180,42301,Lep
92.24126553,2.499690333,5.73,HIP 29151,-,-,2174,42111,Ori
92.33415933,-18.12638665,6.359,HIP 29178,-,-,2182,42327,Lep
92.34760343,-49.5628311,6.484,HIP 29185,-,-,2204,42683,Pup
92.38515414,22.19026501,5.904,HIP 29196,-,-,2169,42049,Gem
92.3938498,-14.58461809,5.555,HIP 29205,-,-,2183,42341,Lep
92.40105037,-5.711428994,6.148,HIP 29210,-,-,2179,42278,Mon
92.43327206,23.11346451,5.75,HIP 29225,-,3 Gem,2173,42087,Gem
92.44643758,-26.70108516,6.277,HIP 29233,-,-,2192,42486,Lep
92.44981218,-22.7743398,5.717,HIP 29234,-,-,2186,42443,Lep
92.49588965,58.93569291,5.355,HIP 29246,-,37 Cam,2152,41597,Cam
92.54334975,-40.35379068,5.58,HIP 29263,-,AF Col,2203,42682,Col
92.56030243,-74.75304398,5.069,HIP 29271,Hoerikwaggo,α Mensae,2261,43834,Men
92.57461868,-54.96864291,4.72,HIP 29276,-,δ Pictoris,2212,42933,Pic
92.64450111,-27.15434267,5.698,HIP 29294,-,-,2200,42621,Lep
92.6663661,-45.28198885,6.272,HIP 29304,-,-,2211,42834,Pup
92.675,13.6333,5.65,-,-,[SC93] 64,-,-,Ori
92.75505625,-6.754215933,6.15,HIP 29323,-,-,2195,42536,Mon
92.75737731,18.13046205,6.335,HIP 29326,-,-,2184,42351,Ori
92.80670176,60.45348913,6.5,HIP 29348,-,39 Cam,-,41782,Cam
92.80690163,-26.48209853,6.068,HIP 29347,-,-,2206,42729,Lep
92.81242354,-65.58941802,5.01,HIP 29353,-,η 2 Doradus,2245,43455,Dor
92.86629513,13.63856153,6.036,HIP 29371,-,-,2191,42477,Ori
92.88460631,24.42025309,5.825,HIP 29379,-,5 Gem,2185,42398,Gem
92.90246542,48.71098809,6.15,HIP 29388,-,41 Aur A,2175,42126,Aur
92.93214955,-4.665441125,6.35,-,-,-,2202,42657A,Mon
92.93215481,-4.665445274,6.18,HIP 29401,-,V638 Mon,2202,42657,Mon
92.94130458,52.6471836,6.268,HIP 29404,-,-,2172,42083,Aur
92.96589307,-6.550283421,5.04,HIP 29417,-,-,2205,42690,Mon
92.9849877,14.20876726,4.48,HIP 29426,-,ξ Orionis,2199,42560,Ori
93.00558915,19.79054153,5.749,HIP 29433,-,68 Ori,2193,42509,Ori
93.0136664,16.13040378,4.92,HIP 29434,-,69 Ori,2198,42545,Ori
93.07957848,22.90851475,6.39,HIP 29450,-,-,2197,42543,Gem
93.08385449,32.69338156,5.769,HIP 29451,-,-,2189,42471,Aur
93.21276061,65.7184211,5.344,HIP 29490,-,36 Cam,2165,41927,Cam
93.24821975,6.01625794,6.459,HIP 29509,-,V1389 Ori,-,42787,Ori
93.25,10.2333,6.28,-,-,[SC93] 82,-,-,Ori
93.43873073,-23.86193654,6.366,HIP 29568,-,V352 CMa,2225,43162,CMa
93.43892419,51.17246937,6.068,HIP 29569,-,-,2188,42466,Aur
93.47597481,-3.741371081,5.833,HIP 29575,-,-,2218,43023,Ori
93.61910712,17.90632851,6.26,-,-,-,2214,42954A,Ori
93.65292793,-4.568455896,5.819,HIP 29629,-,-,2224,43157,Mon
93.71388839,-6.274776779,3.96,HIP 29651,-,γ Monocerotis,2227,43232,Mon
93.7190378,22.5067525,6.03,-,-,* eta Gem B,-,42995B,Gem
93.71935536,22.50678733,3.28,HIP 29655,Propus,η Geminorum,2216,42995,Gem
93.75,3.95,6.42,-,-,[SC93] 106,-,-,Ori
93.78501011,-20.27218456,5.868,HIP 29679,-,-,2242,43396,CMa
93.78530313,13.8510998,5.894,HIP 29678,-,-,2222,43112,Ori
93.82386232,-18.47724073,5.984,HIP 29692,-,-,2243,43429,CMa
93.84453491,29.49807648,4.35,HIP 29696,-,κ Aurigae,2219,43039,Aur
93.85470151,16.14316528,5.327,HIP 29704,-,72 Ori,2223,43153,Ori
93.85895285,-9.035761353,6.081,HIP 29705,-,-,2237,43362,Mon
93.8736379,-4.914717968,6,HIP 29711,-,-,2234,43319,Mon
93.89277138,-0.512189104,5.65,HIP 29716,-,-,2233,43318,Ori
93.91740291,6.066168504,6.07,HIP 29728,-,-,2231,43285,Ori
93.91890303,59.99896469,5.351,HIP 29730,-,40 Cam,2201,42633,Cam
93.93702619,-13.71841407,5.001,HIP 29735,-,-,2244,43445,CMa
93.93735211,12.55107027,5.467,HIP 29736,-,73 Ori,2229,43247,Ori
93.97490735,1.169120328,6.36,HIP 29746,-,-,2236,43358,Ori
94.03204763,-16.61800652,5.91,HIP 29771,-,-,2249,43544,CMa
94.0782734,-59.21350269,6.43,HIP 29788,-,-,2274,44120,Pic
94.07936156,23.97002992,6.075,HIP 29789,-,8 Gem,2230,43261,Gem
94.09913531,17.18160679,6.37,HIP 29798,-,-,2235,43335,Ori
94.13806452,-35.1405151,4.37,HIP 29807,-,κ Columbae,2256,43785,Col
94.14828345,-39.26439312,5.983,HIP 29808,-,-,2262,43847,Col
94.24460776,23.74091224,6.25,HIP 29840,-,9 Gem,2240,43384,Gem
94.2551308,-37.73744599,5.534,HIP 29842,-,-,2263,43899,Col
94.26499115,-22.71523102,6.04,HIP 29843,-,-,2254,43745,CMa
94.275,7.0667,6.38,-,-,[SC93] 127,-,-,Ori
94.27758283,9.942393053,5.386,HIP 29850,-,75 Ori,2247,43525,Ori
94.28984611,-37.25355263,5.872,HIP 29852,-,-,2265,43940,Col
94.3172071,5.09997354,5.7,HIP 29860,-,-,2251,43587,Ori
94.42385015,-16.81590868,5.148,HIP 29895,-,-,2260,43827,CMa
94.46560251,-52.73303111,6.387,HIP 29913,-,-,2278,44267,Car
94.47842353,61.5152866,5.05,HIP 29919,-,1 Lyn,2215,42973,Lyn
94.5,23.6333,5.7,-,-,Cl Collinder 89,-,-,Gem
94.52336849,14.38285977,6.125,HIP 29931,-,-,2253,43683,Ori
94.557202,-19.96697358,5.501,HIP 29941,-,-,2266,43955,CMa
94.57027158,46.36044285,6.323,HIP 29949,-,43 Aur,2239,43380,Aur
94.6681641,9.047170174,6.225,HIP 29982,-,-,2259,43821,Ori
94.70329718,-15.02496076,6.06,HIP 29993,-,-,2268,44021,CMa
94.71076045,-9.39001823,5.352,HIP 29996,-,-,2267,43993,Mon
94.71157297,69.31981424,4.757,HIP 29997,-,-,2209,42818,Cam
94.74573091,-20.92560975,5.8,HIP 30011,-,-,2271,44081,CMa
94.75767788,17.32526216,6.32,HIP 30019,-,-,2258,43819,Ori
94.78304926,-8.586012797,6.22,HIP 30028,-,-,2270,44037,Mon
94.9057193,59.010981,4.434,HIP 30060,-,2 Lyn,2238,43378,Lyn
94.90904025,-22.10312008,6.27,HIP 30062,-,-,-,44225,CMa
94.92065313,-34.39659085,5.749,HIP 30069,-,-,2279,44323,Col
94.92833349,-7.822905918,5.252,HIP 30073,-,7 Mon,2273,44112,Mon
94.99831544,-2.944493558,4.899,HIP 30093,-,-,2275,44131,Ori
95.01759991,14.65112955,5.658,HIP 30099,-,-,2269,44033,Ori
95.07830017,-30.06336673,2.99,HIP 30122,Furud,ζ Canis Majoris,2282,44402,CMa
95.14649001,-23.63796502,6.48,HIP 30141,-,-,-,44379,CMa
95.15099913,-34.14414357,5.521,HIP 30143,-,-,2288,44506,Col
95.27262118,-11.81733151,6.32,HIP 30190,-,-,-,44394,CMa
95.29965356,29.54082814,6.404,HIP 30200,-,-,2272,44092,Aur
95.35298558,-11.7732406,5.55,HIP 30214,-,FR CMa,2284,44458,CMa
95.35742101,2.268521218,6.28,HIP 30217,-,-,2280,44333,Mon
95.35799745,17.76346439,6.28,HIP 30218,-,-,2277,44234,Gem
95.4422096,53.4521774,5.333,HIP 30247,-,45 Aur,2264,43905,Aur
95.46,2.374,6.4,-,-,Cl Collinder 91,-,-,Mon
95.51463113,59.37216092,6.31,HIP 30272,-,* 4 Lyn A,2257,43812,Lyn
95.51479771,59.37209798,6.07,HIP 30272,-,4 Lyn,2257,43812,Lyn
95.52843729,-33.43639895,3.85,HIP 30277,-,δ Columbae,2296,44762,Col
95.65163511,12.57023699,6,HIP 30318,-,-,2287,44497,Ori
95.65948232,-69.98404458,5.542,HIP 30321,-,π 1 Doradus,2352,45669,Dor
95.67493897,-17.95591871,1.97,HIP 30324,Mirzam,β Canis Majoris,2294,44743,CMa
95.73262592,-56.36996684,5.598,HIP 30342,-,ν Pictoris,2320,45229,Pic
95.74011193,22.51358275,2.87,HIP 30343,Tejat,μ Geminorum,2286,44478,Gem
95.7560593,-63.68313495,6.278,HIP 30352,-,-,2337,45461,Pic
95.77653942,56.97634924,6.47,HIP 30357,-,-,-,44061,Lyn
95.81030765,-31.79031492,6.319,HIP 30376,-,-,2307,44956,CMa
95.82704928,3.764489768,6.385,HIP 30382,-,-,2292,44700,Mon
95.89965847,-9.874729804,6.134,HIP 30407,-,V721 Mon,2301,44816,Mon
95.90745328,-52.18091128,5.951,-,-,-,-,45291,Car
95.94202257,4.592882361,4.398,HIP 30419,-,ϵ Monocerotis,2298,44769,Mon
95.94226777,-15.07125364,6.221,HIP 30420,-,-,2303,44891,CMa
95.9425,4.5956,4.31,HIP 30419,-,* eps Mon,2298,44769,Mon
95.9455301,-58.54387217,6.467,HIP 30423,-,-,2336,45450,Pic
95.98297427,-25.57763161,5.6,HIP 30436,-,-,2311,45018,CMa
95.98795783,-52.69566138,-0.74,HIP 30438,Canopus,α Carinae,2326,45348,Car
96.00420787,-36.70776321,5.619,HIP 30444,-,-,2316,45145,Col
96.00951294,8.885012899,6.219,HIP 30448,-,-,2300,44783,Mon
96.04299755,-11.53008763,5.207,HIP 30457,-,-,2305,44951,CMa
96.05767657,-60.28132294,5.766,HIP 30463,-,-,2345,45557,Pic
96.08573954,-12.96193434,6.12,HIP 30468,-,-,2309,44996,CMa
96.1108345,-63.42901095,6.46,HIP 30480,-,-,2354,45701,Pic
96.18228145,25.048719,6.345,HIP 30501,-,-,-,44780,Gem
96.18283162,-28.78011548,6.39,HIP 30503,-,-,2318,45184,CMa
96.18540199,-40.28397917,6.292,HIP 30505,-,-,2323,45306,Col
96.21987779,16.05712959,6.35,HIP 30517,-,-,2302,44867,Ori
96.22458979,49.28789201,4.75,HIP 30520,-,ψ 1 Aurigae,2289,44537,Aur
96.23249006,-63.82814291,6.249,HIP 30524,-,-,2360,45796,Pic
96.30416532,7.085710717,5.98,HIP 30541,-,T Mon,2310,44990,Mon
96.31894282,-0.945882901,5.9,HIP 30545,-,-,2313,45067,Mon
96.36739265,14.72199226,6,HIP 30564,-,BL Ori,2308,44984,Ori
96.36929453,-69.6903,5.38,HIP 30565,-,π 2 Doradus,2377,46116,Dor
96.37502303,-35.06415006,6.243,HIP 30566,-,-,2329,45383,Col
96.38724539,23.32716775,6.05,HIP 30570,-,-,2304,44927,Gem
96.43188594,-48.17689921,5.87,HIP 30591,-,* G Pup A,2348,45572A,Pup
96.43188785,-48.17689908,5.76,HIP 30591,-,G Pup,2348,45572,Pup
96.44638972,-3.88901497,6.309,HIP 30595,-,-,2317,45168,Mon
96.46802296,11.12588229,6.38,HIP 30602,-,-,-,45090,Mon
96.49511469,-7.894983794,6.404,HIP 30608,-,-,2321,45239,Mon
96.53969382,-3.515721081,6.43,HIP 30627,-,-,-,45215,Mon
96.60765263,56.28509618,5.54,HIP 30651,-,RR Lyn,2291,44691,Lyn
96.64351556,-4.597397445,6.133,HIP 30660,-,-,2325,45321,Mon
96.66495771,-1.507333086,5.854,HIP 30666,-,-,2324,45320,Mon
96.67774009,-14.60342984,6.3,HIP 30669,-,-,-,45420,CMa
96.68688254,-7.511940346,6.33,HIP 30675,-,-,2328,45380,Mon
96.7036346,58.41740802,5.197,HIP 30679,-,5 Lyn,2293,44708,Lyn
96.75365909,-4.355646375,6.472,HIP 30700,-,-,-,45418,Mon
96.76723653,-58.00211859,5.816,HIP 30703,-,-,2369,45984,Pic
96.7816011,-37.89550423,6.487,HIP 30706,-,-,2353,45680,Col
96.79735276,-25.85649792,6.07,HIP 30711,-,-,2349,45588,CMa
96.80733782,0.299244199,5.186,HIP 30717,-,77 Ori,2334,45416,Mon
96.8149635,-0.276001423,5.538,HIP 30720,-,78 Ori,2335,45433,Mon
96.83521067,2.908287855,5.543,HIP 30728,-,-,2333,45415,Mon
96.89800749,32.56294614,6.46,HIP 30741,-,-,2319,45192,Aur
96.98613073,20.4963209,6.22,HIP 30769,-,16 Gem,2330,45394,Gem
96.9898668,-4.762147611,5.041,HIP 30772,-,10 Mon,2344,45546,Mon
97.04253342,-32.58006834,4.48,HIP 30788,-,λ Canis Majoris,2361,45813,CMa
97.06034942,70.53531907,6.03,-,-,-,2285,44472A,Cam
97.06035274,70.53531894,6.04,HIP 30794,-,-,2285,44472,Cam
97.06986479,1.912678364,6.45,HIP 30798,-,-,2347,45563,Mon
97.07838604,10.30389551,6.155,HIP 30804,-,-,2342,45512,Mon
97.11689111,16.23838478,6.233,HIP 30815,-,-,2340,45506,Gem
97.1420341,30.493036,5.55,HIP 30827,-,RT Aur,2332,45412,Aur
97.15591494,-17.46601048,5.761,HIP 30836,-,-,2359,45765,CMa
97.16351048,-32.37127735,5.74,HIP 30840,-,IY CMa,2364,45871,CMa
97.1635147,-32.37127776,5.89,HIP 30840,-,IY CMa,2364,45871A,CMa
97.17671258,-41.07485826,6.316,HIP 30849,-,-,2368,45983,Col
97.20445711,-7.03305837,3.74,HIP 30867,-,β Monocerotis,2356,45725,Mon
97.20446001,-7.033059396,4.6,HIP 30867,-,* bet Mon A,2356,45725,Mon
97.20592752,-7.034400224,5,HIP 30867,-,* bet Mon B,2357,45726,Mon
97.2067207,-7.034653347,5.32,HIP 30867,-,* bet Mon C,2358,45727,Mon
97.24077556,20.2121349,4.14,HIP 30883,-,ν Geminorum,2343,45542,Gem
97.31171482,2.646195275,6.2,HIP 30906,-,-,2355,45724,Mon
97.36874223,-56.85276686,5.197,HIP 30932,-,-,2389,46355,Pic
97.45410924,-50.23908391,6.15,-,-,-,2384,46273B,Pup
97.45443099,-50.23908458,5.93,-,-,-,2384,46273A,Pup
97.51239078,46.6855547,5.866,HIP 30972,-,47 Aur,2338,45466,Aur
97.51254265,-65.56824107,6.262,HIP 30973,-,-,2408,46730,Dor
97.54698446,-10.08151264,5.909,HIP 30986,-,-,2367,45976,Mon
97.5492401,-19.21488911,6.44,HIP 30988,-,-,-,46037,CMa
97.64535872,-13.14817367,6.14,HIP 31024,-,-,2373,46064,CMa
97.69285297,-27.76957997,5.903,HIP 31037,-,-,2380,46189,CMa
97.69628163,58.16263328,5.855,HIP 31039,-,6 Lyn,2331,45410,Lyn
97.74956085,-40.916253,6.179,HIP 31056,-,-,2390,46365,Col
97.78984223,11.2513759,6.14,HIP 31066,-,-,2370,45995,Mon
97.79163643,16.9386318,6.17,HIP 31067,-,-,2366,45951,Gem
97.79433111,-61.87954259,6.144,HIP 31068,-,AE Pic,2410,46792,Pic
97.8,6,5.4,-,-,[SC93] 254,-,-,Mon
97.80455602,-35.25885727,5.82,HIP 31072,-,-,2388,46349,Col
97.825,5.9167,5.4,-,-,Cl Collinder 97,-,-,Mon
97.82637888,-51.82596005,5.573,HIP 31079,-,-,2400,46569,Car
97.8460234,-12.39197491,5.153,HIP 31084,-,-,2379,46184,CMa
97.84997846,-32.86854629,6.34,HIP 31086,-,KM CMa,-,46347,CMa
97.89561565,-36.9400237,6.278,HIP 31099,-,SX Col,2393,46431,Col
97.9059796,15.90350403,6.38,HIP 31105,-,19 Gem,2371,46031,Gem
97.95124473,11.54441177,5.21,HIP 31119,-,-,2375,46089,Mon
97.95860089,-8.158221985,5.411,HIP 31121,-,-,2381,46229,Mon
97.96402618,-23.4184222,4.33,HIP 31125,-,ξ 1 Canis Majoris,2387,46328,CMa
97.9929588,-58.75383649,5.64,HIP 31137,-,μ Pictoris,2412,46860,Pic
98.07727338,17.78435062,6.242,HIP 31158,-,20 Gem,-,46136,Gem
98.08001623,4.855998274,5.83,HIP 31159,-,12 Mon,2382,46241,Mon
98.08907308,-37.6967237,5.253,HIP 31165,-,-,2399,46568,Col
98.09637191,-5.868818891,5.598,HIP 31167,-,-,2386,46304,Mon
98.09698015,11.67351702,6.05,HIP 31168,-,-,2378,46178,Mon
98.11326986,32.4548979,5.829,HIP 31173,-,WW Aur,2372,46052,Aur
98.16240684,-32.03044264,5.706,HIP 31190,-,-,2397,46547,CMa
98.19530467,-11.16638539,6.24,HIP 31205,-,-,2392,46407,CMa
98.22594959,7.332969698,4.5,HIP 31216,-,13 Mon,2385,46300,Mon
98.29266461,-38.62518721,6.434,HIP 31241,-,-,2407,46727,Col
98.35950743,-52.32923189,6.172,HIP 31265,-,-,2416,47001,Car
98.36110783,-20.92396961,6.402,HIP 31266,-,-,2403,46602,CMa
98.40068513,14.1551647,5.553,HIP 31277,-,-,2391,46374,Gem
98.40800582,-1.220153677,5.079,HIP 31278,-,-,2395,46487,Mon
98.45616692,-36.23202641,5.405,HIP 31299,-,-,2411,46815,Col
98.63666727,55.35304329,6.46,HIP 31359,-,7 Lyn,2376,46101,Lyn
98.64721201,-32.71625298,5.61,HIP 31362,-,-,2415,46936,CMa
98.69299183,7.572482182,6.46,HIP 31385,-,14 Mon,2404,46642,Mon
98.74408325,-52.97560928,4.4,HIP 31407,-,-,2435,47306,Car
98.7641148,-22.96479542,4.5,HIP 31416,-,ξ 2 Canis Majoris,2414,46933,CMa
98.80025902,28.0223108,5.26,HIP 31434,-,49 Aur,2398,46553,Aur
98.81595221,0.890218102,5.86,HIP 31446,-,-,2409,46769,Mon
98.82331911,9.988336831,5.887,HIP 31448,-,-,2406,46709,Mon
98.85090927,-36.77987842,5.886,-,-,-,2424,47144A,Col
98.87840996,-22.10905195,6.32,HIP 31469,-,-,-,47012,CMa
98.9751225,-36.08863289,6.35,HIP 31509,-,-,2431,47230,Col
99.09521768,-18.65990399,5.695,HIP 31564,-,ν 1 Canis Majoris,2423,47138,CMa
99.13682127,38.44550528,5.25,HIP 31579,-,UU Aur,2405,46687,Aur
99.14720688,-5.211139731,5.52,HIP 31583,-,-,2418,47054,Mon
99.15,6.05,6.43,-,-,[SC93] 311,-,-,Mon
99.17099033,-19.2558804,3.91,HIP 31592,-,ν 2 Canis Majoris,2429,47205,CMa
99.17110043,-22.61473195,6.41,HIP 31593,-,V415 CMa,2433,47247,CMa
99.19415856,-13.32102125,5.939,HIP 31599,-,-,2428,47182,CMa
99.203,4.972,5.1,-,-,Cl Collinder 107,-,-,Mon
99.21363784,-41.55713861,6.338,HIP 31603,-,-,2445,47475,Col
99.2578687,-38.14650374,6.052,HIP 31617,-,-,2444,47463,Col
99.278,6.002,4.6,-,-,Cl Collinder 106,-,-,Mon
99.30765817,-36.99065702,5.93,-,-,-,2446,47500A,Col
99.35017536,6.135380307,6.06,HIP 31646,-,Plaskett's star,2422,47129,Mon
99.36369967,24.59085436,6.48,HIP 31650,-,-,2417,47020,Gem
99.40372602,10.85329501,6.37,HIP 31662,-,-,2426,47156,Mon
99.4099464,56.85753032,5.89,HIP 31665,-,11 Lyn,2402,46590,Lyn
99.41802613,2.704159667,6.172,HIP 31672,-,-,2430,47220,Mon
99.4199729,-12.98511745,6.106,HIP 31674,-,-,2437,47366,CMa
99.42796043,16.39928043,1.92,HIP 31681,Alhena,γ Geminorum,2421,47105,Gem
99.44030261,-43.19593569,3.17,HIP 31685,Pipit,ν Puppis,2451,47670,Pup
99.44840878,-32.33973347,5.258,HIP 31688,-,-,2447,47536,CMa
99.46959955,4.956667537,6.2,HIP 31697,-,V731 Mon,2432,47240,Mon
99.47258909,-18.23748069,4.43,HIP 31700,-,ν 3 Canis Majoris,2443,47442,CMa
99.50162499,-61.53339178,6.35,-,-,-,2468,48189A,Pic
99.58523082,-2.543895729,6.116,HIP 31733,-,-,2440,47420,Mon
99.59545015,-23.58031906,6.5,HIP 31736,-,-,-,47579,CMa
99.59587722,28.98433754,5.744,HIP 31737,-,53 Aur,2425,47152,Aur
99.64760764,-16.87354656,6.03,HIP 31758,-,-,2448,47561,CMa
99.65681556,-48.22018367,5.03,HIP 31765,-,-,2462,47973,Pup
99.6591137,1.613520891,6.31,HIP 31766,-,V689 Mon,2442,47432,Mon
99.66473662,39.39085112,5.69,HIP 31771,-,51 Aur,2419,47070,Aur
99.70491833,39.90255953,5.331,HIP 31789,-,ψ 3 Aurigae,2420,47100,Aur
99.77208699,22.03088272,6.08,HIP 31813,-,-,2436,47358,Gem
99.8196643,-14.14576188,4.812,HIP 31827,-,-,2450,47667,CMa
99.83261348,42.48887658,4.82,HIP 31832,-,ψ 2 Aurigae,2427,47174,Aur
99.875,13.1167,5.97,-,-,[SC93] 343,-,-,Gem
99.88118071,24.60016348,6.38,HIP 31850,-,-,2439,47415,Gem
99.8880001,28.26313235,6.22,HIP 31852,-,* 54 Aur A,2438,47395A,Aur
99.90093996,-23.69568979,6.05,HIP 31859,-,-,2455,47827,CMa
99.92775221,-30.47049053,5.71,HIP 31870,-,-,2460,47946,CMa
99.94882153,12.98276979,5.978,HIP 31876,-,-,2449,47575,Gem
99.99119137,44.01411374,6.34,HIP 31889,-,-,2434,47270,Aur
100.0120453,-80.81359402,5.606,HIP 31897,-,ζ Mensae,2559,50506,Men
100.1203209,77.99578275,5.72,HIP 31940,-,-,2363,45866,Cam
100.1331101,6.371251749,6.498,HIP 31945,-,-,2454,47756,Mon
100.1343856,71.74878599,5.86,HIP 31946,-,-,2396,46509,Cam
100.2400102,-71.7751909,6.492,HIP 31977,-,-,2505,49268,Vol
100.2444151,9.89575637,4.68,HIP 31978,-,S Mon,2456,47839,Mon
100.2726707,0.49532234,5.765,HIP 31992,-,-,2461,47964,Mon
100.3090397,-40.34984692,6.14,HIP 32007,-,-,2475,48383,Pup
100.321747,11.00320089,6.21,HIP 32012,-,-,2458,47886,Mon
100.3370731,28.19664014,6.427,HIP 32019,-,25 Gem,2453,47731,Gem
100.3414228,16.39765274,6.272,HIP 32020,-,-,2457,47863,Gem
100.4073307,35.93192026,6.481,HIP 32040,-,-,2452,47703,Aur
100.4849386,-9.167534781,5.194,HIP 32064,-,-,2469,48217,Mon
100.4967953,6.345425714,6.37,HIP 32067,-,-,2467,48099,Mon
100.6,6.3833,6.35,-,-,[SC93] 384,-,-,Mon
100.6013635,17.6453018,5.21,HIP 32104,-,26 Gem,2466,48097,Gem
100.6918496,-22.44859336,6.23,HIP 32144,-,-,2481,48501,CMa
100.770717,44.52444947,5.02,HIP 32173,-,ψ 4 Aurigae,2459,47914,Aur
100.7775585,3.033800584,6.17,HIP 32177,-,-,2474,48348,Mon
100.8072607,37.14737713,6.206,HIP 32190,-,-,2464,48073,Aur
100.8473083,-39.19311216,6.273,HIP 32208,-,-,2488,48797,Pup
100.9110236,3.932530341,5.9,HIP 32226,-,-,2479,48434,Mon
100.9830298,25.13112719,2.98,HIP 32246,Mebsuta,ϵ Geminorum,2473,48329,Gem
100.9970298,13.2279999,4.49,HIP 32249,-,30 Gem,2478,48433,Gem
101.0521784,36.1092584,6.369,HIP 32268,-,-,2471,48272,Aur
101.0532939,-54.69551488,6.46,HIP 32269,-,-,-,49219,Car
101.1186129,-31.07052565,5.17,HIP 32292,-,10 CMa,2492,48917,CMa
101.1894158,28.97093898,5.44,HIP 32311,-,28 Gem,2480,48450,Gem
101.2164673,-27.34166703,6.43,HIP 32322,-,-,2493,48938,CMa
101.2318568,-70.43375755,6.091,HIP 32332,-,4 G. Vol,2536,50002,Vol
101.2871553,-16.71611586,-1.46,HIP 32349,Sirius,α Canis Majoris,2491,48915,CMa
101.322352,12.89559496,3.36,HIP 32362,Alzirr,ξ Geminorum,2484,48737,Gem
101.345585,-31.79364811,5.916,HIP 32366,-,-,2500,49095,CMa
101.3473496,-23.46243168,6.033,HIP 32368,-,-,2495,49001,CMa
101.3799532,-30.94898047,5.68,HIP 32385,-,-,2501,49131,CMa
101.4738235,-52.40969089,5.761,HIP 32402,-,-,2515,49517,Car
101.4758297,12.69356338,6.47,HIP 32404,-,32 Gem,2489,48843,Gem
101.4974755,-14.79612902,5.298,HIP 32411,-,-,2498,49048,CMa
101.499,-20.716,4.5,-,-,M 41,-,-,CMa
101.5432074,23.37122346,6.49,HIP 32431,-,-,-,48805,Gem
101.5506227,-37.77532403,6.192,HIP 32434,-,V339 Pup,2510,49336,Pup
101.5588796,59.44166893,5.44,HIP 32438,-,* 12 Lyn A,2470,48250A,Lyn
101.5598466,59.44182007,5.99,HIP 32438,-,* 12 Lyn B,2470,48250B,Lyn
101.6350605,8.587157607,5.92,HIP 32463,-,16 Mon,2494,48977,Mon
101.6625671,-10.10735974,5.646,HIP 32474,-,-,2502,49147,Mon
101.7062928,57.16917581,5.335,HIP 32489,-,13 Lyn,2477,48432,Lyn
101.7128847,-14.42597548,5.272,HIP 32492,-,11 CMa,2504,49229,CMa
101.719472,-51.26566786,5.379,HIP 32494,-,-,2523,49689,Car
101.7440655,-87.02496351,6.462,HIP 32500,-,-,2848,58805,Oct
101.7561814,-21.01540325,6.08,HIP 32504,-,12 CMa,2509,49333,CMa
101.8279513,-55.53999,5.61,HIP 32531,-,V448 Car,2526,49877,Car
101.8326257,8.037256353,4.77,HIP 32533,-,17 Mon,2503,49161,Mon
101.8391637,-37.92969723,5.26,HIP 32537,-,-,2518,49591,Pup
101.9050874,-8.99850272,5.062,HIP 32558,-,-,2508,49331,Mon
101.9148995,48.78948438,5.216,HIP 32562,-,ψ 6 Aurigae,2487,48781,Aur
101.9651995,2.412176392,4.47,HIP 32578,-,18 Mon,2506,49293,Mon
102.0477297,-61.94138912,3.23,HIP 32607,-,α Pictoris,2550,50241,Pic
102.0512179,55.70419218,6.23,-,-,-,2486,48767,Lyn
102.0534242,55.70448408,6.29,HIP 32609,-,-,2486,48766,Lyn
102.0794429,-1.318923398,5.731,HIP 32617,-,-,2514,49434,Mon
102.091,41.06,5.4,-,-,NGC 2281,-,-,Aur
102.2405737,-15.14472689,5.59,-,-,-,2522,49662A,CMa
102.2652337,1.002067414,6.15,HIP 32682,-,-,2517,49567,Mon
102.3183574,-2.272047332,5.75,HIP 32698,-,-,2521,49643,Mon
102.4221394,32.60675971,5.708,HIP 32740,-,IS Gem,2512,49380,Gem
102.4345059,37.51274833,6.48,HIP 32746,-,-,-,49364,Aur
102.457651,16.20288409,5.87,HIP 32753,-,33 Gem,2519,49606,Gem
102.4602463,-32.50847884,3.89,HIP 32759,-,κ Canis Majoris,2538,50013,CMa
102.4638072,-53.62245041,4.408,HIP 32761,-,-,2554,50337,Car
102.4775681,-46.61456159,5.14,HIP 32765,-,-,2548,50223,Pup
102.4840381,-50.6145387,2.93,HIP 32768,-,τ Puppis,2553,50310,Pup
102.5042297,-60.24914479,6.098,HIP 32775,-,-,2562,50571,Pic
102.5907017,-17.08455232,5.771,HIP 32809,-,-,2535,49980,CMa
102.5972844,-31.70605786,5.747,HIP 32810,-,-,2545,50123,CMa
102.6062444,13.41317872,5.672,HIP 32814,-,35 Gem,2525,49738,Gem
102.6539972,-25.77839432,6.314,HIP 32827,-,-,2544,50093,CMa
102.6762626,-8.040996612,6.29,HIP 32838,-,-,2534,49976,Mon
102.6914303,41.78123055,4.975,HIP 32844,-,ψ 7 Aurigae,2516,49520,Aur
102.7076291,-0.54087986,5.771,HIP 32851,-,-,2530,49933,Mon
102.7181318,-34.36731835,4.989,HIP 32855,-,-,2549,50235,Pup
102.7378712,67.57193422,5.122,HIP 32864,-,42 Cam,2490,48879,Cam
102.8624382,-70.9634104,5.395,HIP 32912,-,ι Volantis,2602,51557,Vol
102.8857468,-48.29275365,6.404,HIP 32918,-,-,2563,50621,Pup
102.8876933,21.76114529,5.259,HIP 32921,-,36 Gem,2529,49908,Gem
102.9140697,3.041991679,6.369,HIP 32931,-,-,2543,50062,Mon
102.9267531,-36.23027219,5.94,HIP 32938,-,-,2558,50445,Pup
102.943,0.465,6,-,-,NGC 2301,-,-,Mon
102.9999424,23.60172199,5.671,HIP 32968,-,-,2533,49968,Gem
103.095259,-5.316276911,6.282,HIP 32990,-,-,2552,50282,Mon
103.1892878,-59.34117079,6.415,HIP 33012,-,-,2592,51210,Car
103.1964039,-43.97558681,6.46,HIP 33015,-,-,2579,50860,Pup
103.1972453,33.96125676,3.6,HIP 33018,-,θ Geminorum,2540,50019,Gem
103.2061285,8.380397091,5.742,HIP 33024,-,-,2551,50277,Mon
103.2512481,-26.95763275,6.44,HIP 33040,-,KX CMa,2567,50648,CMa
103.255879,38.86914785,6.099,HIP 33041,-,59 Aur,2539,50018,Aur
103.2647526,35.78799875,6.016,HIP 33044,-,-,2542,50056,Aur
103.2710352,59.44854219,5.38,HIP 33048,-,14 Lyn A,2520,49618,Lyn
103.2815772,44.83993841,6.236,HIP 33056,-,-,2532,49949,Aur
103.3057994,38.43802369,6.41,HIP 33064,-,* 60 Aur A,2541,50037,Aur
103.3283841,-19.03269422,5.648,HIP 33077,-,-,2565,50644,CMa
103.3410047,-18.93284194,6.123,HIP 33079,-,-,2566,50643,CMa
103.3433277,10.99665374,6.281,HIP 33082,-,-,2555,50371,Mon
103.35,11,6.01,-,-,[SC93] 486,-,-,Mon
103.3871122,-20.22425261,4.83,HIP 33092,-,15 CMa,2571,50707,CMa
103.3914272,-28.5397944,6.04,HIP 33094,-,-,2576,50806,CMa
103.4260345,68.88831101,5.096,HIP 33104,-,43 Cam,2511,49340,Cam
103.4810533,-24.53875576,6.22,HIP 33126,-,-,2578,50853,CMa
103.4878043,38.50501911,6.443,HIP 33133,-,ψ 8 Aurigae,2547,50204,Aur
103.5094078,-50.61159966,6.26,HIP 33139,-,-,2594,51266,Pup
103.5331345,-24.18421097,3.87,HIP 33152,-,ο 1 Canis Majoris,2580,50877,CMa
103.5357981,-5.85218921,6.46,HIP 33154,-,-,2570,50700,Mon
103.5474953,-12.0386281,4.08,HIP 33160,-,θ Canis Majoris,2574,50778,CMa
103.6027145,-1.126946996,5.435,HIP 33184,-,-,2572,50747,Mon
103.6111815,-42.36557181,6.27,HIP 33189,-,NP Pup,2591,51208,Pup
103.6609923,13.17784532,4.715,HIP 33202,-,38 Gem,2564,50635,Gem
103.6751771,-1.756482966,6.21,HIP 33210,-,-,2577,50820,Mon
103.7454881,-2.803589687,6.017,HIP 33243,-,-,2582,50890,Mon
103.7614084,-20.40487718,5.792,HIP 33248,-,17 CMa,2588,51055,CMa
103.8110755,43.91002923,6.151,HIP 33269,-,V352 Aur,2557,50420,Aur
103.8132771,45.82640947,6.311,HIP 33271,-,-,2556,50384,Aur
103.8277765,25.37569543,5.748,HIP 33277,-,37 Gem,2569,50692,Gem
103.8942562,8.324290933,6.258,HIP 33297,-,-,2584,50931,Mon
103.9059602,-20.1364969,4.664,HIP 33302,-,π Canis Majoris,2590,51199,CMa
103.9455336,-22.9414426,5.3,HIP 33316,-,-,2595,51283,CMa
103.9782174,-31.7901795,6.34,HIP 33330,-,-,2598,51411,CMa
104.0276913,-14.0434309,5.09,HIP 33345,-,μ Canis Majoris,2593,51250,CMa
104.0342691,-17.05423863,4.385,HIP 33347,-,ι Canis Majoris,2596,51309,CMa
104.0666245,-48.72114336,4.95,HIP 33357,-,-,2608,51799,Pup
104.0833,-24.73,2.6,-,-,Cl Collinder 121,-,-,CMa
104.1076368,9.956573691,5.897,HIP 33372,-,-,2589,51104,Mon
104.1335749,46.27399881,5.87,HIP 33377,-,ψ 9 Aurigae,2568,50658,Aur
104.1436431,-79.42019216,5.449,HIP 33384,-,θ Mensae,2689,54239,Men
104.1904225,-35.34133453,6.262,HIP 33394,-,-,2604,51682,Pup
104.2,11.8333,6.06,-,-,[SC93] 515,-,-,Mon
104.2335408,46.70535191,5.877,HIP 33415,-,-,2573,50763,Aur
104.2503928,-8.179299938,6.337,HIP 33420,-,-,2599,51424,Mon
104.2521743,33.68103977,5.927,HIP 33421,-,-,2586,51000,Gem
104.3047389,57.56328631,6.013,HIP 33444,-,-,2561,50551,Lyn
104.3191886,58.42276123,4.35,HIP 33449,-,15 Lyn,2560,50522,Lyn
104.3232678,-35.50715499,6.224,HIP 33451,-,-,2612,51825,Pup
104.3270967,37.3947219,6.5,HIP 33453,-,-,-,51021,Aur
104.3566122,11.90755495,6.27,HIP 33465,-,-,2597,51330,Gem
104.3913174,-24.63082475,5.47,HIP 33478,-,-,2607,51733,CMa
104.4046134,45.09409392,4.893,HIP 33485,-,ψ10 Aur,2585,50973,Lyn
104.4276483,-27.53751086,6.23,HIP 33492,-,-,2611,51823,CMa
104.5314723,-27.16438375,6.361,HIP 33532,-,-,2614,51925,CMa
104.604537,-34.11169012,5.068,HIP 33558,-,-,2619,52092,Pup
104.6495785,-25.41415371,5.583,HIP 33575,-,-,2616,52018,CMa
104.6515373,-56.3948468,6.443,HIP 33577,-,-,2638,52622,Car
104.6564532,-28.97208616,1.5,HIP 33579,Adhara,ϵ Canis Majoris,2618,52089,CMa
104.6621364,7.622296696,6.241,HIP 33584,-,-,2606,51693,Mon
104.6655965,-55.72912346,6.26,HIP 33588,-,-,2634,52603,Car
104.673877,-45.76761422,6.22,HIP 33590,-,-,2626,52362,Pup
104.682071,-30.99803597,6.395,HIP 33591,-,-,2621,52140,CMa
104.7376016,3.602355719,5.947,HIP 33603,-,-,2610,51814,Mon
104.7618639,38.05231842,6.021,HIP 33614,-,62 Aur,2600,51440,Aur
104.8340614,7.316966863,6.33,HIP 33644,-,-,2613,51892,Mon
104.8663861,25.91416308,6.397,HIP 33650,-,40 Gem,2605,51688,Gem
104.9135662,-21.60289372,6.26,HIP 33666,-,-,2623,52273,CMa
104.9605628,-67.91644453,5.17,HIP 33682,-,6 G. Vol,2662,53501,Vol
105.0168216,76.97740862,4.54,HIP 33694,-,-,2527,49878,Cam
105.0345032,-20.15842469,6.305,HIP 33703,-,-,2625,52348,CMa
105.0659307,16.07899589,5.69,HIP 33715,-,41 Gem,2615,52005,Gem
105.0751488,-5.367161369,6.282,HIP 33719,Citalá,-,2622,52265,Mon
105.0989854,-8.406818507,5.939,HIP 33729,-,-,2624,52312,Mon
105.1771345,-28.48957402,6.279,HIP 33760,-,-,2637,52619,CMa
105.2072857,-33.46552732,6.399,HIP 33774,-,-,2641,52703,Pup
105.2145218,-51.40258597,5.151,HIP 33779,-,-,2652,53047,Car
105.2713073,-58.93993733,6.005,HIP 33800,-,-,2661,53349,Car
105.2747761,-25.21563381,5.635,HIP 33804,-,LS CMa,2640,52670,CMa
105.3392458,70.80829542,5.69,HIP 33827,-,-,2581,50885,Cam
105.4297835,-27.93483034,3.47,HIP 33856,Nganurganity / Unurgunite,σ Canis Majoris,2646,52877,CMa
105.4704863,-1.345883166,6.189,HIP 33873,-,-,2636,52611,Mon
105.4849317,-5.722063131,5.192,HIP 33878,-,-,2639,52666,Mon
105.5644911,-43.40387906,6.431,HIP 33909,-,-,2658,53253,Pup
105.5728917,15.33600982,5.75,HIP 33914,-,-,2632,52556,Gem
105.60325,24.21544625,5.181,HIP 33927,-,ω Geminorum,2630,52497,Gem
105.6063911,17.75551959,5.94,HIP 33929,-,NP Gem,2631,52554,Gem
105.638697,16.67444524,5.848,HIP 33937,-,-,2635,52609,Gem
105.7282386,-4.239232115,5,HIP 33971,-,19 Mon,2648,52918,Mon
105.7561306,-23.83329397,3.02,HIP 33977,-,ο 2 Canis Majoris,2653,53138,CMa
105.8129086,-59.17810494,5.85,-,-,-,2674,53921A,Car
105.8246426,9.138357838,5.953,HIP 34002,-,-,2647,52913,Mon
105.9086328,10.95181765,5.117,HIP 34033,-,-,2649,52960,Gem
105.9395561,-15.633287,4.12,HIP 34045,Muliphein,γ Canis Majoris,2657,53244,CMa
105.9649947,12.59424254,5.985,HIP 34055,-,-,2651,52976,Gem
105.9733422,-49.58393872,4.925,HIP 34059,-,H Pup,2672,53811,Pup
105.9888134,-43.60803496,5.28,HIP 34065,-,-,2667,53705,Pup
105.9894007,-10.12376472,6.428,HIP 34066,-,-,2656,53240,Mon
106.011636,-42.33728669,5.19,HIP 34081,-,C Pup,2666,53704,Pup
106.0218639,-5.323975146,5.602,HIP 34086,-,-,2655,53208,Mon
106.0272135,20.57029847,3.79,HIP 34088,Mekbuda,ζ Geminorum,2650,52973,Gem
106.0762892,-56.74970225,5.17,HIP 34105,-,V386 Car,2683,54118,Car
106.1960473,-22.0316877,6.072,HIP 34142,-,-,2664,53629,CMa
106.2874534,47.77504172,6.359,HIP 34168,-,-,2645,52860,Lyn
106.3182069,-50.36003885,6.449,HIP 34177,-,-,2687,54179,Pup
106.3265371,22.63745825,6.01,HIP 34182,-,44 Gem,2659,53257,Gem
106.3834161,-34.77769942,6.43,-,-,-,2677,53952A,Pup
106.4126061,9.185790691,5.78,HIP 34215,-,-,2663,53510,Mon
106.4652974,70.73192521,6.48,HIP 34238,-,-,2617,52030,Cam
106.5020295,-30.65571078,6.325,HIP 34248,-,-,2680,54031,CMa
106.5051517,59.80185096,6.39,HIP 34250,-,-,2642,52708,Lyn
106.5094495,-38.38286472,6.083,HIP 34253,-,-,2685,54153,Pup
106.548299,34.47396785,5.551,HIP 34267,-,-,2660,53329,Gem
106.5596376,-68.83758138,6.474,HIP 34270,-,7 G. Vol,2712,55151,Vol
106.649855,-12.39395018,6.5,HIP 34297,-,-,2679,53975,CMa
106.6698588,-11.29401606,5.7,-,-,-,2678,53974A,CMa
106.6698613,-11.29401101,5.39,HIP 34301,-,FN CMa,2678,53974,CMa
106.7186366,-24.96057977,6.088,HIP 34318,-,-,2686,54173,CMa
106.7769635,4.910580944,6.088,HIP 34338,-,-,2676,53929,Mon
106.7794907,-40.89326951,5.783,HIP 34339,-,D Pup,2691,54475,Pup
106.8053386,-51.96827369,5.952,HIP 34349,-,-,2698,54732,Car
106.8178139,-59.71641615,6.47,HIP 34350,-,-,-,54967,Car
106.8433275,34.00928883,5.93,HIP 34358,-,-,2665,53686,Gem
106.8441142,-23.84071495,5.83,HIP 34360,-,FV CMa,2690,54309,CMa
106.8536595,28.17669822,6.464,HIP 34367,-,-,2669,53744,Gem
106.9562041,7.471214725,5.739,HIP 34387,-,-,2682,54079,CMi
107.0553012,33.83238946,6.3,HIP 34428,-,-,2673,53899,Gem
107.0918313,15.93067662,5.476,HIP 34440,-,45 Gem,2684,54131,Gem
107.0978502,-26.39319958,1.84,HIP 34444,Wezen,δ Canis Majoris,2693,54605,CMa
107.151009,37.44509715,6.185,HIP 34462,-,-,2675,53925,Aur
107.1765428,-70.49709075,5.623,HIP 34473,-,γ 1 Volantis,2735,55864,Vol
107.1869404,-70.4989304,3.746,HIP 34481,-,γ 2 Volantis,2736,55865,Vol
107.2127839,-39.6556553,4.83,HIP 34495,-,A Pup,2702,54893,Pup
107.3343721,-10.3465653,6.21,HIP 34536,-,-,2694,54662,Mon
107.3890136,-16.23450917,6.08,HIP 34561,-,OS CMa,2699,54764,CMa
107.4292652,-25.2310336,5.69,HIP 34579,-,LZ CMa,2704,54912,CMa
107.5278264,21.24698391,6.42,HIP 34608,-,-,2692,54563,Gem
107.5390322,-18.68564059,6.23,HIP 34617,-,-,2705,54958,CMa
107.5570063,-4.23710696,4.92,HIP 34622,-,20 Mon,2701,54810,Mon
107.5805032,-27.49151916,5.448,HIP 34624,-,-,2708,55070,CMa
107.6978449,-48.93209712,5.09,HIP 34670,-,-,2719,55526,Pup
107.7627172,-3.898014582,6.5,HIP 34688,-,-,-,54990,Mon
107.7848763,30.24516377,4.42,HIP 34693,-,τ Geminorum,2697,54719,Gem
107.8461138,26.85658899,5.75,HIP 34722,-,47 Gem,2700,54801,Gem
107.8483994,-0.301929205,5.428,HIP 34724,-,21 Mon,2707,55057,Mon
107.9138605,39.32055034,4.886,HIP 34752,-,63 Aur,2696,54716,Aur
107.9233532,-20.88306099,5.825,HIP 34758,-,-,2716,55344,CMa
107.9451968,16.97632199,6.5,HIP 34763,-,-,-,54986,Gem
107.9640959,5.654703025,6.059,HIP 34768,-,-,2710,55111,CMi
107.9660853,-0.49276717,4.15,HIP 34769,-,δ Monocerotis,2714,55185,Mon
108.0082766,-63.19007326,6.19,-,-,-,2754,56239A,Car
108.0170385,-30.82136703,6.076,HIP 34782,-,-,2720,55568,CMa
108.0312163,5.474346303,6.152,HIP 34789,-,-,2713,55184,CMi
108.0508946,-25.9425878,5.897,HIP 34798,-,26 CMa,2718,55522,CMa
108.0658625,-40.49882094,5.31,HIP 34802,-,E Pup,2727,55719,Pup
108.1075967,-36.54438364,6.055,-,-,-,2726,55718A,Pup
108.1099009,24.12859389,5.85,HIP 34819,-,48 Gem,2706,55052,Gem
108.1401047,-46.75930461,4.49,HIP 34834,-,QW Pup,2740,55892,Pup
108.15,-27.6667,-0.1,-,-,NAME CMa Dwarf Galaxy,-,-,CMa
108.2799757,-11.25134221,5.752,HIP 34888,-,-,2723,55589,CMa
108.3056275,-45.1827376,4.874,HIP 34899,-,OU Pup,2746,56022,Pup
108.342816,16.15896422,5,HIP 34909,-,51 Gem,2717,55383,Gem
108.3474986,51.42874481,5.5,HIP 34912,-,UY Lyn,2703,54895,Lyn
108.3501043,-22.67424163,5.96,HIP 34914,-,-,2730,55762,CMa
108.3846606,-44.63970886,5.1,HIP 34922,-,L2 Puppis,2748,56096,Pup
108.4018727,-27.35635889,6.101,HIP 34924,-,GY CMa,2734,55857,CMa
108.4516044,-22.905778,6.27,HIP 34940,-,-,2733,55856,CMa
108.485,-30.758,3.6,-,-,Cl Collinder 132,-,-,CMa
108.4889071,-30.33979222,6.306,HIP 34954,-,-,2743,55985,CMa
108.4918204,71.81658523,6.359,HIP 34956,-,-,2681,54070,Cam
108.503,-25.724,6.5,-,-,NGC 2354,-,-,CMa
108.5452087,-3.901778118,5.94,HIP 34975,-,-,2731,55775,Mon
108.5633822,-26.35250805,4.65,HIP 34981,-,27 CMa,2745,56014,CMa
108.5646639,-9.947532915,5.882,HIP 34982,-,-,2732,55832,Mon
108.5835947,3.111417264,5.343,HIP 34987,-,-,2729,55751,CMi
108.6177206,-10.31624551,6.03,HIP 34999,-,-,2739,55879,Mon
108.6359203,12.11582403,5.702,HIP 35005,-,-,2728,55730,CMi
108.6589192,-48.27192834,4.76,HIP 35020,-,-,2762,56456,Pup
108.6749094,24.88498429,5.82,HIP 35025,-,52 Gem,2725,55621,Gem
108.6917398,-46.84967132,5.715,HIP 35029,-,PR Pup,2761,56455,Pup
108.7027251,-26.77266756,3.82,HIP 35037,-,ω Canis Majoris,2749,56139,CMa
108.7131717,-27.03799518,5.582,HIP 35044,-,-,2750,56160,CMa
108.7381379,-41.42639477,5.942,HIP 35054,-,-,2759,56410,Pup
108.8308633,-0.161284547,6.42,HIP 35080,-,24 Mon,2744,56003,Mon
108.8377839,-30.6864494,5.337,HIP 35083,-,-,2756,56342,CMa
108.8384422,-52.49922417,5.947,HIP 35084,-,-,2767,56705,Car
108.9073395,45.4094874,6.5,HIP 35113,-,-,-,55576,Lyn
108.9142894,7.977743713,5.82,HIP 35120,-,-,2747,56031,CMi
108.9301736,-10.58360286,5.94,HIP 35127,-,-,2752,56207,Mon
108.9470691,-23.74027674,6.34,HIP 35132,-,-,2755,56341,CMa
108.9881964,27.89742098,5.71,HIP 35152,-,53 Gem,2738,55870,Gem
109.0606361,-15.5856906,5.447,HIP 35180,-,-,2758,56405,CMa
109.0644716,-46.77453323,5.622,HIP 35181,-,-,2771,56813,Pup
109.1327076,-38.3189224,5.797,HIP 35202,-,-,2769,56733,Pup
109.1458034,-27.88117905,4.64,HIP 35205,-,-,2766,56618,CMa
109.1534773,-23.31559396,4.79,HIP 35210,-,-,2764,56577,CMa
109.159817,-23.31095212,5.79,HIP 35213,-,-,-,56578,CMa
109.2058676,-36.59263291,5.009,HIP 35226,-,-,2770,56779,Pup
109.2075915,-67.95715268,3.99,HIP 35228,-,δ Volantis,2803,57623,Vol
109.2384006,-30.8970102,6.32,HIP 35241,-,-,2768,56731,CMa
109.2641779,26.68949249,6.389,HIP 35253,-,-,-,56176,Gem
109.2856533,-37.09747115,2.7,HIP 35264,-,π Puppis,2773,56855,Pup
109.2857602,-37.09763321,6.49,HIP 35264,-,* pi. Pup B,2773,56855B,Pup
109.3819274,-6.679994885,6.274,HIP 35301,-,-,2765,56614,Mon
109.3904936,52.13106736,5.918,HIP 35304,-,-,2737,55866,Lyn
109.4276851,38.87626282,6.485,HIP 35317,-,-,-,56171,Aur
109.4500488,-26.79755785,6.434,HIP 35326,-,-,2774,56876,CMa
109.5092271,40.88339366,5.87,HIP 35341,-,64 Aur,2753,56221,Aur
109.517048,30.9558723,6.196,HIP 35345,-,-,2757,56386,Gem
109.5177055,-43.98678579,5.839,HIP 35347,-,M Pup,2789,57197,Pup
109.5232455,16.54038599,3.559,HIP 35350,-,λ Geminorum,2763,56537,Gem
109.5766399,-36.73395237,4.67,HIP 35363,-,NV Pup,2787,57150,Pup
109.6332387,49.46475579,5.05,HIP 35384,-,-,2751,56169,Lyn
109.6396355,-39.2102842,5.243,HIP 35393,-,F Pup,2791,57240,Pup
109.6591058,-36.74273748,5.11,HIP 35406,-,NW Pup,2790,57219,Pup
109.6682456,-24.55869951,4.95,HIP 35412,-,UW CMa,2781,57060,CMa
109.6770208,-24.95436132,4.4,HIP 35415,-,τ Canis Majoris,2782,57061,CMa
109.7136406,-26.58585586,5.288,HIP 35427,-,-,2786,57146,CMa
109.7580024,-19.2803061,6.094,HIP 35442,-,-,2785,57118,CMa
109.8070187,-33.72716376,6.3,HIP 35463,-,-,2794,57299,Pup
109.8432267,2.74067607,5.887,HIP 35476,-,-,2778,56989,CMi
109.8674105,-16.39524869,5.7,HIP 35487,-,R CMa,2788,57167,CMa
109.9485223,7.14294775,5.91,HIP 35509,-,-,2779,57006,CMi
110.028508,15.14292858,6.442,HIP 35548,-,-,2780,57049,Gem
110.0307274,21.98230405,3.53,HIP 35550,Wasat,δ Geminorum,2777,56986,Gem
110.0892616,-52.31152522,5.953,HIP 35564,-,-,2813,57852,Car
110.0910714,-52.30924405,6.443,-,-,-,-,57853,Car
110.1616907,-52.08592245,5.367,HIP 35589,-,-,2815,57917,Car
110.2288141,-26.9638368,5.986,HIP 35611,-,-,2800,57593,CMa
110.2428542,-14.3604902,5.584,HIP 35615,-,-,2796,57478,CMa
110.2629109,42.65591255,6.32,HIP 35623,-,-,2775,56941,Aur
110.2680503,-25.89164492,5.886,HIP 35626,-,MZ CMa,2802,57615,CMa
110.3229153,45.22817703,5.739,HIP 35643,-,-,2776,56963,Lyn
110.4869241,20.44365813,5.08,HIP 35699,-,56 Gem,2795,57423,Gem
110.5085609,-8.979379534,6.43,HIP 35707,-,-,2806,57682,Mon
110.5109067,36.7605836,5.12,HIP 35710,-,65 Aur,2793,57264,Aur
110.5144945,0.177121666,5.971,HIP 35712,-,-,2801,57608,CMi
110.5558658,38.99592227,6.4,HIP 35725,-,-,2792,57263,Aur
110.5563722,-19.01660122,4.95,HIP 35727,-,-,2812,57821,CMa
110.5716033,59.90199665,6.35,HIP 35735,-,47 Cam,2772,56820,Cam
110.5774605,-2.979128679,6.238,HIP 35737,-,-,2807,57708,Mon
110.6057914,-5.982828914,5.816,HIP 35749,-,-,2811,57749,Mon
110.6179979,0.700831693,6.43,HIP 35751,-,-,-,57707,CMi
110.7169097,55.28139368,5.78,HIP 35785,-,19 Lyn,2784,57103,Lyn
110.7529057,-31.92377845,5.43,HIP 35795,-,NO CMa,2819,58155,CMa
110.8672374,22.94534813,6.17,HIP 35842,-,58 Gem,2810,57744,Gem
110.8687971,25.05053128,5.022,HIP 35846,-,57 Gem,2808,57727,Gem
110.8708026,-27.83429483,5.356,HIP 35848,-,-,2822,58215,CMa
110.8828962,-32.20206558,5.39,HIP 35855,-,-,2823,58286,CMa
110.9930718,-35.83783694,6.297,HIP 35893,-,-,2829,58420,Pup
111.0237595,-29.30310551,2.45,HIP 35904,Aludra,η Canis Majoris,2827,58350,CMa
111.0352815,40.67238886,5.188,HIP 35907,-,66 Aur,2805,57669,Aur
111.0718081,-22.91275692,6.2,HIP 35920,-,-,2826,58346,CMa
111.1152031,15.51719675,6.41,HIP 35933,-,OT Gem,2817,58050,Gem
111.139388,27.63785597,5.759,HIP 35941,-,59 Gem,2816,57927,Gem
111.1546888,-71.47065878,6.48,HIP 35946,-,11 G. Vol,-,59640,Vol
111.1674472,-16.20147285,5.19,HIP 35951,-,-,2825,58343,CMa
111.1827257,-31.80890474,5.28,HIP 35957,-,-,2834,58535,CMa
111.2120112,-19.01228311,6.272,HIP 35975,-,-,2831,58439,CMa
111.2378547,51.88725864,5.783,HIP 35984,-,-,2804,57646,Lyn
111.2424168,11.66952291,5.361,HIP 35987,-,1 CMi,2820,58187,CMi
111.2846474,-13.75197699,5.78,HIP 35998,-,-,2832,58461,CMa
111.3332265,-21.98258944,6.038,HIP 36017,-,-,2839,58585,CMa
111.3414032,81.25746992,6.29,HIP 36019,-,-,2709,55075,Cam
111.3552823,-25.21776509,5.782,HIP 36024,-,-,2841,58612,CMa
111.4087448,-79.09419106,5.522,HIP 36039,-,ϵ Mensae,2919,60816,Men
111.412082,9.276090422,4.986,HIP 36041,-,ϵ Canis Minoris,2828,58367,CMi
111.4290838,-31.73872161,6.297,HIP 36045,-,-,2847,58766,CMa
111.4316485,27.79807971,3.79,HIP 36046,-,ι Geminorum,2821,58207,Gem
111.4633331,-5.774961933,5.962,HIP 36055,-,-,2833,58526,Mon
111.5910412,-51.0184807,5.081,HIP 36114,-,-,2862,59219,Car
111.615777,10.6080677,6.377,HIP 36123,-,-,2836,58552,CMi
111.6717204,11.00884367,6.375,HIP 36141,-,-,2840,58599,CMi
111.6769402,-34.14069429,5.884,HIP 36143,-,-,2856,59026,Pup
111.6785509,49.21152707,4.61,HIP 36145,-,21 Lyn,2818,58142,Lyn
111.7347018,20.25755477,5.935,HIP 36156,-,61 Gem,2837,58579,Gem
111.7478445,-23.08602491,5.56,HIP 36168,-,FY CMa,2855,58978,CMa
111.7832913,-17.86486368,5.62,HIP 36186,-,NR CMa,2853,58954,CMa
111.7876739,8.289315763,2.89,HIP 36188,Gomeisa,β Canis Minoris,2845,58715,CMi
111.8576554,66.33157118,6.462,HIP 36211,-,-,2809,57742,Cam
111.9289031,-22.85919055,5.97,HIP 36236,-,-,2860,59136,Pup
111.9348222,21.44527903,5.24,HIP 36238,-,63 Gem,2846,58728,Gem
111.9652492,-11.55686781,6.11,-,-,-,2859,59067,CMa
111.9964995,-29.15589871,5.542,HIP 36258,-,-,2863,59256,Pup
112.0080342,-26.83897609,6.26,HIP 36264,-,-,-,59235,Pup
112.0086452,6.941970608,5.22,HIP 36265,-,η Canis Minoris,2851,58923,CMi
112.0408095,8.92552448,4.3,HIP 36284,-,γ Canis Minoris,2854,58972,CMi
112.1662596,27.55293997,6.36,HIP 36325,-,-,-,58898,Gem
112.1968994,15.10982364,6.22,HIP 36340,-,-,2858,59059,Gem
112.2131385,-31.84839592,6.37,HIP 36345,-,-,2870,59499,Pup
112.2141992,-64.50980574,6.39,HIP 36346,-,12 G. Vol,2888,60150,Vol
112.2145294,48.18393893,5.71,HIP 36348,-,-,2844,58661,Lyn
112.2192788,46.31461962,6.41,HIP 36351,-,-,-,58681,Lyn
112.2704781,-31.45621792,5.768,HIP 36362,-,-,2873,59550,Pup
112.27373,-38.81206732,5.395,HIP 36363,-,-,2875,59635,Pup
112.2779953,31.78454925,4.18,HIP 36366,-,ρ Geminorum,2852,58946,Gem
112.307636,-43.30143539,3.25,HIP 36377,-,σ Puppis,2878,59717,Pup
112.3277836,-1.905325412,5.572,HIP 36388,-,-,2865,59311,Mon
112.3351702,28.1182763,5.064,HIP 36393,-,64 Gem,2857,59037,Gem
112.3410961,-14.99866239,6.39,-,-,-,2868,59438A,Pup
112.3421147,-10.32666673,5.706,HIP 36396,-,-,2867,59381,Mon
112.3569208,-7.551236129,5.853,HIP 36399,-,-,2866,59380,Mon
112.4490897,12.00656332,4.531,HIP 36425,-,6 CMi,2864,59294,CMi
112.4531746,27.91612036,5.01,HIP 36429,-,65 Gem,2861,59148,Gem
112.4642179,-23.02429021,4.86,HIP 36431,-,-,2874,59612,Pup
112.4831549,49.6724594,5.357,HIP 36439,-,22 Lyn,2849,58855,Lyn
112.4988442,-52.65115682,5.863,HIP 36444,-,-,2884,60060,Car
112.6288277,-54.39936488,5.941,HIP 36496,-,-,2892,60228,Car
112.6775082,-30.96228054,4.65,HIP 36514,-,-,2881,59890,Pup
112.6977965,-9.776877077,5.82,HIP 36521,-,U Mon,-,59693,Mon
112.7130585,-5.226493363,6.236,HIP 36526,-,-,2876,59669,Mon
112.7194361,68.46564639,5.643,HIP 36528,-,-,2830,58425,Cam
112.7686155,82.41146709,4.96,HIP 36547,-,VZ Cam,2742,55966,Cam
112.7865941,11.20298012,6.36,HIP 36553,-,-,-,59603,CMi
112.9516855,17.08604576,5.442,HIP 36616,-,-,2877,59686,Gem
113.0240122,-8.881326459,5.916,HIP 36640,-,-,2883,59984,Mon
113.0247868,1.914479676,5.233,HIP 36641,-,δ 1 Canis Minoris,2880,59881,CMi
113.0927989,-35.96118818,6.346,HIP 36657,-,-,2895,60312,Pup
113.290733,-24.71073425,5.83,HIP 36721,-,-,2900,60345,Pup
113.2986073,3.290379184,5.571,HIP 36723,-,δ 2 Canis Minoris,2887,60111,CMi
113.3048267,-40.05852156,6.247,HIP 36728,-,V376 Pup,2907,60559,Pup
113.3315192,-19.41252566,5.63,HIP 36732,-,-,2899,60341,Pup
113.342439,-14.33830612,6.21,HIP 36736,-,-,2897,60325,Pup
113.353456,37.18789562,6.39,HIP 36740,-,-,-,59826,Lyn
113.4020119,15.82666451,5.263,HIP 36760,-,68 Gem,2886,60107,Gem
113.4498616,-14.52390399,4.97,HIP 36773,-,KQ Pup,2902,60414,Pup
113.4626731,-36.33839243,5.44,HIP 36778,-,OW Pup,2911,60606,Pup
113.4646508,51.31414385,6.49,HIP 36779,-,-,-,59721,Lyn
113.5132523,-22.29606755,4.39,HIP 36795,-,-,2906,60532,Pup
113.5206817,10.56807519,6.265,HIP 36796,-,-,2893,60275,CMi
113.5534421,-33.46342926,6.095,HIP 36807,-,-,2913,60646,Pup
113.5662192,3.371724321,5.817,HIP 36812,-,δ 3 Canis Minoris,2901,60357,CMi
113.5775694,-23.47366501,5.09,HIP 36817,-,* n Pup,2909,60584,Pup
113.5775736,-23.47366466,5.77,HIP 36817,-,* n Pup A,2909,60584,Pup
113.5802381,-23.47489735,5.795,HIP 36817,-,* n Pup B,2910,60585,Pup
113.6449781,-27.01227517,5.77,HIP 36848,-,-,2916,60666,Pup
113.6494285,31.88827619,1.9,HIP 36850A,-,-,2891,60179,Gem
113.6494716,31.88828222,1.58,HIP 36850,Castor,α Geminorum,2891,60179,Gem
113.6504186,31.88849199,3,HIP 36850B,-,-,2890,60178,Gem
113.664915,-51.47451688,6.28,HIP 36856,-,-,2925,61031,Car
113.7866801,30.96091796,5.347,HIP 36896,-,-,2896,60318,Gem
113.8402374,-74.27495727,6.34,HIP 36914,-,15 G. Vol,2979,62153,Vol
113.8453818,-28.36933479,4.63,HIP 36917,-,-,2922,60863,Pup
113.9155096,-52.53383587,4.92,HIP 36942,-,-,2934,61248,Car
113.9806251,26.8957445,4.06,HIP 36962,-,υ Geminorum,2905,60522,Gem
113.9832254,43.03095836,6.41,HIP 36965,-,CC Lyn,2898,60335,Lyn
114.0066852,-55.88770846,6.399,HIP 36977,-,-,2941,61394,Car
114.0162213,-14.49277192,5.7,HIP 36981,-,V378 Pup,2921,60855,Pup
114.0308829,-22.16050435,6.34,HIP 36986,-,-,2923,60951,Pup
114.0695679,-8.31130169,6.284,HIP 37000,-,-,2920,60853,Mon
114.1318103,46.18028663,5.65,HIP 37023,-,-,2903,60437,Lyn
114.1446076,5.862171937,5.888,HIP 37031,-,-,2918,60803,CMi
114.1709802,-19.70234028,5.699,HIP 37036,-,PT Pup,2928,61068,Pup
114.1830003,-48.83016602,5.68,HIP 37043,-,-,2940,61391,Pup
114.1959794,55.75506255,5.931,HIP 37046,-,-,2894,60294,Lyn
114.3195459,-4.110981631,5.131,HIP 37088,-,25 Mon,2927,61064,Mon
114.3205437,-23.77539776,6.361,HIP 37089,-,-,2933,61227,Pup
114.3241309,40.02537432,6.34,HIP 37091,-,-,2915,60654,Lyn
114.34211,-34.96853762,4.83,HIP 37096,-,NAME * f Pup AB,2937,61330,Pup
114.3421241,-34.9685308,4.53,HIP 37096,-,* f Pup,2937,61330,Pup
114.342167,-34.96844822,6.07,HIP 37096,-,* f Pup C,2937,61330,Pup
114.4375887,-38.01042531,6.362,HIP 37128,-,-,2945,61453,Pup
114.4743699,48.77384326,5.906,HIP 37140,-,-,2914,60652,Lyn
114.5598722,24.36044327,6.37,HIP 37165,-,-,2926,61035,Gem
114.5751911,-25.36480577,4.67,HIP 37173,-,PU Pup,2944,61429,Pup
114.5758685,-48.6014346,5.658,HIP 37174,-,MY Pup,2957,61715,Pup
114.6355773,-38.78148864,6.191,HIP 37202,-,-,2955,61642,Pup
114.636933,35.04854985,5.572,HIP 37204,-,70 Gem,2924,60986,Gem
114.682911,-36.49683282,5.8,HIP 37223,-,-,2954,61641,Pup
114.7057298,-26.80175682,4.5,HIP 37229,-,* k01 Pup,2948,61555,Pup
114.7077947,-26.80384716,4.429,HIP 37229,-,* k02 Pup,2949,61556,Pup
114.7513246,-53.27335682,6.044,HIP 37248,-,V390 Car,2971,61966,Car
114.7913944,34.58430633,4.9,HIP 37265,Jishui,ο Geminorum,2930,61110,Gem
114.8000212,24.22253066,6.18,HIP 37269,-,-,2931,61219,Gem
114.8254979,5.22498756,0.37,HIP 37279,Procyon,α Canis Minoris,2943,61421,CMi
114.8508198,-16.84729035,6.38,HIP 37289,-,-,-,61589,Pup
114.8624197,-26.86311251,6.485,HIP 37293,-,-,2956,61672,Pup
114.863911,-38.30802345,4.84,HIP 37297,-,-,2961,61831,Pup
114.869139,17.67452184,5.05,HIP 37300,-,74 Gem,2938,61338,Gem
114.9325649,-38.1392981,5.77,HIP 37322,-,-,2963,61878,Pup
114.9494788,-38.26065233,5.747,HIP 37329,-,-,2964,61899,Pup
114.9753954,32.00973171,6.165,HIP 37339,-,-,2936,61295,Gem
114.9916296,-37.57942428,5.996,HIP 37345,-,V468 Pup,2968,61925,Pup
115.0291268,5.2311748,6.07,-,-,-,2950,61563,CMi
115.043,-33.54,6.3,-,-,Cl Bochum 15,-,-,Pup
115.0563692,-19.66086011,5.921,HIP 37364,-,-,2960,61774,Pup
115.0612212,38.34454087,5.73,HIP 37369,-,-,2935,61294,Lyn
115.0875837,-11.75254932,6.42,HIP 37375,-,-,-,61750,Pup
115.0967102,-15.26391964,4.951,HIP 37379,-,-,2959,61772,Pup
115.1270431,87.02010502,5.07,HIP 37391,-,OV Cep,2609,51802,Cep
115.1480145,-8.185429859,6.013,HIP 37394,-,-,2958,61749,Mon
115.1966013,13.77125272,6.21,HIP 37404,-,-,2953,61630,Gem
115.2042365,4.071816905,6.5,HIP 37405,-,-,-,61721,CMi
115.2064534,57.08282785,6.076,HIP 37406,-,23 Lyn,2929,61106,Lyn
115.2438274,23.01852863,5.906,HIP 37428,-,-,2951,61603,Gem
115.301662,48.1315327,5.581,HIP 37441,-,-,2939,61363,Lyn
115.3117999,-9.551132713,3.93,HIP 37447,-,α Monocerotis,2970,61935,Mon
115.3158857,-38.53353313,5.393,HIP 37450,-,-,2981,62226,Pup
115.3405155,-44.63216657,6.406,HIP 37461,-,-,2984,62318,Pup
115.3480342,-22.33671821,6.16,HIP 37465,-,-,2976,62082,Pup
115.3964793,3.624779129,5.942,HIP 37478,-,-,2966,61887,CMi
115.455246,-72.60609911,3.944,HIP 37504,-,ζ Volantis,3024,63295,Vol
115.4660263,13.48045606,5.8,HIP 37508,-,-,2965,61885,Gem
115.5134087,14.2085062,5.56,HIP 37521,-,NZ Gem,2967,61913,Gem
115.5425708,-58.63091939,6.389,HIP 37530,-,-,3006,62758,Car
115.6814575,34.00022074,6.06,HIP 37580,-,-,2962,61859,Gem
115.7006349,-26.35132651,5.628,HIP 37590,-,-,2988,62412,Pup
115.7222071,-58.23006617,6.205,HIP 37599,-,-,3012,62897,Car
115.7378983,-45.17311541,5.04,HIP 37606,-,-,2998,62644,Pup
115.7517326,58.71035918,4.947,HIP 37609,-,24 Lyn,2946,61497,Lyn
115.7725756,0.18933284,6.31,HIP 37614,-,-,2982,62264,CMi
115.7725811,0.1893342,6.31,HIP 37614,-,NAME HD 62264AB,2982, 62264AB,CMi
115.79993,-36.05008997,5.585,HIP 37623,-,-,2994,62578,Pup
115.828032,28.88350884,4.29,HIP 37629,-,σ Geminorum,2973,62044,Gem
115.8382927,4.945756727,6.48,HIP 37634,-,-,-,62286,CMi
115.8424122,22.39944361,6.229,HIP 37636,-,-,2978,62141,Gem
115.8849445,-28.41088575,4.59,HIP 37648,-,1 Pup,2993,62576,Pup
115.9247043,-40.93374645,5.17,HIP 37664,-,-,3002,62713,Pup
115.9288168,-38.20187983,6.4,HIP 37666,-,-,3001,62712,Pup
115.9519567,-28.95482621,3.93,HIP 37677,-,3 Pup,2996,62623,Pup
116.0174083,50.43379384,5.36,HIP 37701,-,50 Cam,2969,61931,Lyn
116.0288124,25.78416012,5.289,HIP 37704,-,76 Gem,2983,62285,Gem
116.0318041,2.405422685,6.47,HIP 37705,-,AZ CMi,2989,62437,CMi
116.0403596,-36.0625053,5.784,HIP 37710,-,-,3007,62781,Pup
116.0542212,-69.82161522,6.154,HIP 37720,-,18 G. Vol,3038,63584,Vol
116.0585755,12.86007096,6.4,HIP 37723,-,-,2987,62407,CMi
116.1118492,24.39799647,3.57,HIP 37740,-,κ Geminorum,2985,62345,Gem
116.1423736,-24.67407959,5.6,HIP 37751,-,V390 Pup,3004,62747,Pup
116.1424293,-37.94291958,5.87,HIP 37752,-,-,3011,62893,Pup
116.1827231,-66.07193156,6.382,HIP 37773,-,17 G. Vol,3036,63513,Vol
116.3137339,-37.96858526,3.61,HIP 37819,-,c Pup,3017,63032,Pup
116.3251783,-43.75256594,6.012,HIP 37823,-,-,3020,63118,Pup
116.3289578,28.02619889,1.14,HIP 37826,Pollux,β Geminorum,2990,62509,Gem
116.371397,-14.69053472,5.997,HIP 37843,-,2 Pup A,3010,62864,Pup
116.3955052,-34.17255156,5.362,HIP 37853,-,171 G. Pup,3018,63077,Pup
116.3979868,-56.72256862,6.101,HIP 37854,-,-,3031,63382,Car
116.4869565,-14.5638052,5.026,HIP 37891,-,4 Pup,3015,62952,Pup
116.5091271,-6.77251422,5.496,HIP 37901,-,-,3014,62902,Mon
116.5310351,18.5099981,4.87,HIP 37908,-,81 Gem,3003,62721,Gem
116.5439342,-37.93367765,5.869,HIP 37915,-,V392 Pup,3022,63215,Pup
116.5675051,10.7682517,5.237,HIP 37921,-,11 CMi,3008,62832,CMi
116.6142278,62.83052303,6.458,HIP 37934,-,-,2977,62140,Cam
116.6392196,-37.77256863,6.315,HIP 37939,-,-,-,63291,Pup
116.6636683,37.51739522,5.18,HIP 37946,-,DU Lyn,2999,62647,Lyn
116.6669922,65.45567406,5.925,HIP 37949,-,51 Cam,2975,62066,Cam
116.6863045,-12.67531515,6.386,HIP 37951,-,-,3019,63112,Pup
116.7739856,-39.33099603,6.322,HIP 37982,-,OX Pup,3032,63401,Pup
116.8023095,-22.51950972,5.87,HIP 37995,-,-,3023,63271,Pup
116.8108084,-36.07360053,6.45,HIP 37996,-,-,-,63399,Pup
116.8541357,-38.5111418,5.068,HIP 38010,-,-,3035,63465,Pup
116.8763493,33.41569686,5.14,HIP 38016,-,π Geminorum,3013,62898,Gem
116.8812731,-46.60848992,5.208,HIP 38020,-,-,3037,63578,Pup
116.910526,-15.99068922,6.309,HIP 38031,-,QY Pup,3026,63302,Pup
116.9383638,-16.01448296,6.43,HIP 38037,-,-,3027,63323,Pup
116.9863034,-12.19275683,5.73,HIP 38048,-,* 5 Pup A,3029,63336A,Pup
117.021536,-25.93716961,4.49,HIP 38070,-,ο Puppis,3034,63462,Pup
117.035615,-40.65237924,6.14,HIP 38074,-,T Pup,3041,63640,Pup
117.0812437,-56.47107584,6.38,HIP 38087,-,-,3056,63926,Car
117.081258,-56.471072,6.484,-,-,-,3056,63926,Car
117.0839989,-47.07772423,4.71,HIP 38089,-,Q Pup,3046,63744,Pup
117.1401627,23.14097899,6.21,HIP 38106,-,82 Gem,3021,63208,Gem
117.2569739,-24.91224714,5.313,HIP 38146,-,-,3043,63660,Pup
117.2576527,13.37186953,6.066,HIP 38147,-,-,3030,63352,Gem
117.2780062,-56.41036376,5.57,HIP 38152,-,-,3062,64067,Car
117.3035938,-46.85771875,5.805,HIP 38159,-,QS Pup,3058,63949,Pup
117.3039181,-60.2837136,5.771,HIP 38160,-,-,3070,64185,Car
117.3095733,-46.37319965,4.11,HIP 38164,-,-,3055,63922,Pup
117.3110395,-35.24328625,5.936,HIP 38167,-,V397 Pup,3049,63786,Pup
117.3235565,-24.85978388,3.3,HIP 38170,Azmidi,ξ Puppis,3045,63700,Pup
117.3678343,-44.75115651,6.313,HIP 38183,-,-,3057,63948,Pup
117.3700293,-13.35294971,6.234,HIP 38184,-,-,3042,63655,Pup
117.3846355,12.81425122,6.41,HIP 38196,-,-,-,63475,CMi
117.3975065,-33.28895038,5.585,HIP 38200,-,-,3052,63852,Pup
117.4165656,-14.08535999,6.35,HIP 38206,-,-,-,63696,Pup
117.4198377,-19.50551788,6.48,HIP 38209,-,-,-,63734,Pup
117.4207962,-66.19597347,5.762,HIP 38210,-,19 G. Vol,3081,64484,Vol
117.4216726,-17.22840847,5.162,HIP 38211,-,6 Pup,3044,63697,Pup
117.5236186,-19.52354705,6.091,HIP 38246,-,-,3051,63822,Pup
117.5440685,-9.183441936,5.598,HIP 38253,-,-,3047,63752,Mon
117.5992619,-50.50946704,5.907,HIP 38267,-,-,3071,64225,Pup
117.6771231,-44.57994572,6.457,HIP 38292,-,-,3069,64181,Pup
117.6974802,3.277252157,6.19,HIP 38300,-,-,3050,63799,CMi
117.7129105,4.459515131,6.5,HIP 38303,-,-,-,63798,CMi
117.7225982,0.079556335,6.37,HIP 38306,-,-,-,63838,CMi
117.7301702,-11.12859165,6.158,HIP 38307,-,-,3054,63894,Mon
117.7503316,-24.52855516,6.48,HIP 38316,-,-,3060,64042,Pup
117.759822,33.2336531,6.041,HIP 38319,-,-,3040,63589,Gem
117.7737965,54.12924123,6.02,HIP 38325,-,-,3028,63332,Lyn
117.8139198,37.08208833,6.5,HIP 38349,-,-,-,63588,Lyn
117.8347456,-43.09523363,6.33,HIP 38355,-,-,3074,64287,Pup
117.9181584,-42.88820384,6.032,HIP 38370,-,QU Pup,3078,64365,Pup
117.9203457,-12.81940284,6.361,HIP 38372,-,8 Pup,3063,64077,Pup
117.924953,1.766868461,5.16,HIP 38373,-,ζ Canis Minoris,3059,63975,CMi
117.9292704,-21.1736601,5.607,HIP 38375,-,-,3068,64152,Pup
117.94281,-13.89795157,6.49,HIP 38382,-,* 9 Pup B,3064,64096,Pup
117.9429482,-13.89800983,5.61,HIP 38382,-,* 9 Pup A,3064,64096A,Pup
117.9865519,19.32508495,6.032,HIP 38394,-,-,3053,63889,Gem
118.0161044,45.93298761,6.5,HIP 38403,-,-,-,63630,Lyn
118.0299574,3.277343592,6.39,HIP 38406,-,BC CMi,3061,64052,CMi
118.046,-38.537,5.8,-,-,NGC 2477,-,-,Pup
118.0542994,-40.57578173,3.696,HIP 38414,-,-,3080,64440,Pup
118.0652624,-34.70543992,5.12,HIP 38423,-,* 212 Pup A,3079,64379A,Pup
118.0786621,-14.84617793,5.689,HIP 38427,-,10 Pup,3073,64238,Pup
118.1239235,-54.36716358,5.68,HIP 38438,-,V372 Car,3088,64722,Car
118.1517783,55.209438,6.37,HIP 38449,-,-,3039,63586,Lyn
118.1610287,-38.86281461,4.474,HIP 38455,-,QZ Pup,3084,64503,Pup
118.1994021,-5.428136049,5.765,HIP 38474,-,-,3072,64235,Mon
118.264611,-36.36376821,5.418,HIP 38497,-,-,3085,64572,Pup
118.2651437,-49.61304341,4.63,HIP 38500,-,-,3089,64740,Pup
118.3256562,-48.10293513,4.24,HIP 38518,-,-,3090,64760,Pup
118.3742007,26.76578141,4.963,HIP 38538,-,ϕ Geminorum,3067,64145,Gem
118.5458742,-35.87728564,5.463,HIP 38593,-,-,3091,64802,Pup
118.6219312,47.38597737,6.253,HIP 38623,-,25 Lyn,3065,64106,Lyn
118.666319,-34.8467112,6.12,HIP 38635,-,-,3092,64876,Pup
118.6779093,47.56459331,5.446,HIP 38639,-,26 Lyn,3066,64144,Lyn
118.7221556,-57.30280785,5.613,HIP 38656,-,-,3105,65273,Car
118.7517721,-52.58332875,6.356,HIP 38667,-,-,3100,65189,Car
118.8077046,-30.91764625,6.43,HIP 38686,-,-,3096,64974,Pup
118.8809719,8.862839244,5.8,HIP 38712,-,-,3087,64685,CMi
118.9162269,19.88396701,5.365,HIP 38722,-,85 Gem,3086,64648,Gem
118.9201139,35.41268152,6.221,HIP 38723,-,-,3083,64491,Lyn
119.0777014,-60.52643508,5.717,HIP 38783,-,-,3120,65662,Car
119.0946758,-30.28457072,6.4,HIP 38792,-,PX Pup,3099,65183,Pup
119.0996127,4.485563828,6.162,HIP 38794,-,-,3093,64938,CMi
119.1946671,-52.98234546,3.431,HIP 38827,-,χ Carinae,3117,65575,Car
119.2122781,-59.12576635,6.25,HIP 38834,-,-,3126,65750,Car
119.2147597,-22.88011163,4.184,HIP 38835,-,11 Pup,3102,65228,Pup
119.2408356,-43.50040227,5.346,HIP 38846,-,-,3114,65460,Pup
119.2409545,-42.40647645,6.075,HIP 38845,-,-,3111,65442,Pup
119.2477193,15.7902783,5.78,HIP 38848,-,1 Cnc,3095,64960,Cnc
119.3031569,-63.29683293,6.124,HIP 38863,-,-,3139,65908,Car
119.3161715,8.641217761,6.023,HIP 38868,-,-,3097,65066,CMi
119.3267542,-44.10985983,5.064,HIP 38872,-,N Pup,3116,65551,Pup
119.3335911,-47.89074476,6.215,HIP 38879,-,-,3118,65598,Pup
119.4171094,-30.33457124,4.79,HIP 38901,-,χ Pup,3113,65456,Pup
119.4454762,-60.30307193,5.6,HIP 38908,-,-,3138,65907,Car
119.4654965,-45.57766906,5.123,HIP 38917,-,O Pup,3121,65685,Pup
119.4783692,-40.78435264,6.46,HIP 38925,-,-,-,65638,Pup
119.5245724,7.213527654,6.42,HIP 38945,-,BU CMi,3103,65241,CMi
119.5601607,-49.24491521,4.41,HIP 38957,-,V Pup,3129,65818,Pup
119.5690226,43.97737639,6.36,HIP 38959,-,-,3094,64958,Lyn
119.5892981,-51.44847335,6.432,HIP 38963,-,-,3133,65867,Car
119.6311289,16.51868096,6.002,HIP 38975,-,-,3104,65257,Cnc
119.7106289,-60.82446124,5.81,HIP 38994,-,-,3147,66194,Car
119.7575058,-45.21583945,5.963,HIP 39014,-,-,3137,65904,Pup
119.7738126,-23.31039653,5.11,HIP 39023,-,12 Pup,3123,65699,Pup
119.8012704,-49.97684986,6.25,HIP 39035,-,-,3142,66005,Pup
119.8065047,-49.97377071,6.26,HIP 39038,-,-,3143,66006,Pup
119.8156867,-73.24417097,6.327,HIP 39041,-,20 G. Vol,3171,66920,Vol
119.8682216,-39.29691742,5.224,HIP 39061,-,-,3140,65925,Pup
119.8960645,13.24216635,6.07,HIP 39067,-,-,3115,65522,Cnc
119.9064263,-60.58706218,5.18,HIP 39070,-,-,3153,66342,Car
119.9170289,-60.20735075,6.294,HIP 39073,-,-,3152,66341,Car
119.9339711,-3.67958567,4.934,HIP 39079,-,27 Mon,3122,65695,Mon
119.9640546,36.08207421,6.5,HIP 39094,-,-,-,65392,Lyn
119.9668648,-18.39921691,4.61,HIP 39095,-,-,3131,65810,Pup
120.0489103,73.91791768,5.347,HIP 39117,-,-,3075,64307,Cam
120.0612051,-48.98151152,5.996,HIP 39122,-,-,3148,66210,Pup
120.0831908,-63.56745483,4.806,HIP 39138,-,-,3159,66591,Car
120.1206701,-48.87176524,6.107,HIP 39153,-,PY Pup,3151,66255,Pup
120.1971148,17.30870055,5.588,HIP 39177,-,3 Cnc,3128,65759,Cnc
120.2004286,19.81621501,6.29,HIP 39180,-,-,3125,65735,Cnc
120.203536,17.6477778,4.67,HIP 40167,Tegmine,ζ 2 Cancri,3210,68255,Cnc
120.2080766,-54.15127404,5.846,HIP 39184,-,-,3156,66441,Car
120.2328039,25.39283739,5.853,HIP 39191,-,ω 1 Cancri,3124,65714,Cnc
120.2532562,23.58308232,6.31,HIP 39194,-,-,3127,65757,Cnc
120.2641902,-6.419211513,6.45,HIP 39198,-,-,-,65938,Mon
120.3055623,-1.392606904,4.68,HIP 39211,-,28 Mon,3141,65953,Mon
120.3079095,4.87986726,5.64,HIP 39213,-,-,3136,65900,CMi
120.3365744,59.04740239,5.772,HIP 39221,-,-,3106,65301,Lyn
120.3460104,-54.51552912,6.111,HIP 39225,-,V461 Car,3157,66546,Car
120.3762014,16.45531103,5.99,HIP 39236,-,5 Cnc,3134,65873,Cnc
120.3815314,-55.45465618,6.265,HIP 39238,-,-,3161,66607,Car
120.4063592,-37.28372104,5.893,HIP 39251,-,-,3154,66358,Pup
120.4268349,60.32439079,6.008,HIP 39261,-,53 Cam,3109,65339,Cam
120.4323201,25.0894663,6.297,HIP 39263,-,ω 2 Cancri,3132,65856,Cnc
120.4613731,8.913991435,6.209,HIP 39271,-,-,3144,66011,CMi
120.4799179,35.41306631,6.324,HIP 39279,-,-,3130,65801,Lyn
120.5255589,-37.05004523,6.335,HIP 39299,-,-,3155,66435,Pup
120.5664038,2.334571902,4.38,HIP 39311,-,-,3145,66141,CMi
120.6082062,-6.337136872,6.325,HIP 39326,-,-,3150,66242,Mon
120.628349,63.09033895,6.07,HIP 39340,-,-,3112,65448,Cam
120.6490972,57.27362641,6.49,HIP 39348,-,54 Cam,3119,65626,Lyn
120.6865969,-41.30982529,5.497,HIP 39360,-,V336 Pup,3162,66624,Pup
120.745063,-54.7088194,1.93,HIP 42913,Alsephina,δ Velorum,3485,74956,Vel
120.7673364,-32.46354912,5.808,HIP 39380,-,-,3160,66598,Pup
120.873356,-42.94832844,6.271,HIP 39420,-,-,3166,66812,Pup
120.876614,28.3308208,5.96,HIP 43587,Copernicus,ρ 1 Cancri,3522,75732,Cnc
120.8795821,27.79435081,4.937,HIP 39424,-,χ Geminorum,3149,66216,Gem
120.8960314,-40.0031478,2.25,HIP 39429,Naos,ζ Puppis,3165,66811,Pup
121.0674563,-32.67483043,5.12,HIP 39487,-,MZ Pup,3170,66888,Pup
121.1359975,-25.69973572,6.4,HIP 39514,-,-,-,66885,Pup
121.172574,-19.72815112,6.105,HIP 39524,-,14 Pup,3168,66834,Pup
121.1766651,-50.59039637,5.943,HIP 39527,-,-,3178,67249,Vel
121.1788821,-62.83634534,6.241,HIP 39530,-,V375 Car,3186,67536,Car
121.188766,18.84201969,6.21,HIP 39535,-,-,3158,66552,Cnc
121.1960786,79.47961384,5.387,HIP 39538,-,-,3082,64486,Cam
121.246,-28.122,6.5,-,-,NGC 2527,-,-,Pup
121.2654552,-53.10792097,5.509,HIP 39566,-,-,3180,67364,Car
121.2687043,13.11821651,5.136,HIP 39567,-,8 Cnc,3163,66664,Cnc
121.3345958,-46.97841198,6.159,HIP 39584,-,MX Vel,3179,67341,Vel
121.4043991,27.52973387,6.21,HIP 39607,-,-,3164,66684,Cnc
121.4370194,-33.56943247,6.141,HIP 39617,-,-,3177,67243,Pup
121.4568203,-0.573303503,6.399,HIP 39625,-,-,3172,66950,Mon
121.5766481,22.63548765,5.99,HIP 39659,-,μ 1 Cancri,3169,66875,Cnc
121.614221,-9.244458505,6.226,HIP 39675,-,-,3174,67159,Mon
121.6680806,-45.26601491,5.021,HIP 39690,-,-,3187,67582,Vel
121.6733652,-48.4973889,6.317,HIP 39691,-,-,-,67621,Vel
121.7914547,43.26035927,6.35,HIP 39722,-,28 Lyn,3167,66824,Lyn
121.8166873,-17.36874252,6.5,HIP 39730,-,-,-,67408,Pup
121.8251667,-20.55434315,5.338,HIP 39734,-,-,3183,67456,Pup
121.8860368,-24.30432443,2.81,HIP 39757,Tureis,ρ Puppis,3185,67523,Pup
121.9410677,21.581813,5.3,HIP 39780,-,μ 2 Cancri,3176,67228,Cnc
121.982477,-68.61706464,4.398,HIP 39794,-,ϵ Volantis,3223,68520,Vol
122.1026665,-63.80082083,6.314,HIP 39843,-,-,3217,68423,Car
122.1143789,51.50666499,4.797,HIP 39847,-,27 Lyn,3173,67006,Lyn
122.1485337,-2.983787661,4.33,HIP 39863,-,ζ Monocerotis,3188,67594,Mon
122.156843,-37.68122315,6.339,HIP 39866,-,PQ Pup,3195,67888,Pup
122.176857,13.64091872,6.242,HIP 39874,-,12 Cnc,3184,67483,Cnc
122.1815826,-20.36317158,6.365,HIP 39876,-,-,3190,67751,Pup
122.2368577,-11.33965247,6.305,HIP 39898,-,-,3189,67725,Mon
122.2526538,-61.30237386,4.742,HIP 39903,-,-,3220,68456,Car
122.2568183,-19.24503397,4.393,HIP 39906,-,16 Pup,3192,67797,Pup
122.2896026,-48.68441048,5.654,HIP 39919,-,NN Vel,3203,68161,Vel
122.2924534,-35.45501668,6.209,HIP 39920,-,-,3199,67977,Pup
122.3460528,42.43060941,6.255,HIP 39938,-,-,3181,67370,Lyn
122.3688951,-16.24891827,5.65,HIP 39943,-,-,3194,67880,Pup
122.3721564,-47.3452815,4.173,-,-,* gam01 Vel,3206,68243,Vel
122.3831256,-47.33658633,1.83,HIP 39953,-,γ 2 Velorum,3207,68273,Vel
122.3901055,-56.08535228,5.648,HIP 39957,-,-,3218,68434,Car
122.3965945,29.09307595,6.465,HIP 39958,-,-,-,67542,Cnc
122.3996405,-44.12276742,5.183,HIP 39961,-,-,3204,68217,Vel
122.4298092,-47.93719179,5.217,HIP 39970,-,IS Vel,3213,68324,Vel
122.5157372,58.24824514,5.89,HIP 39995,-,-,3175,67224,Lyn
122.5546106,25.84447953,6.413,HIP 40007,-,ψ1 Cnc,-,67690,Cnc
122.5857018,-49.23735946,6.447,HIP 40016,-,-,-,68478,Vel
122.658,-12.834,6.5,-,-,NGC 2539,-,-,Pup
122.66594,-13.79920609,5.54,HIP 40035,-,18 Pup,3202,68146,Pup
122.7453522,14.62947364,6.207,HIP 40058,-,-,3198,67959,Cnc
122.7570135,-37.2923748,6.44,HIP 40063,-,-,3219,68450,Pup
122.7949575,-48.46199261,5.806,HIP 40077,-,-,3227,68657,Vel
122.8179388,-12.92699869,4.72,HIP 40084,-,19 Pup,3211,68290,Pup
122.8191622,9.821235268,6.072,HIP 40085,-,-,3201,68099,Cnc
122.8253317,54.5402414,6.48,HIP 40086,-,-,-,67539,Lyn
122.839556,-39.61854411,4.42,HIP 40091,-,NS Pup,3225,68553,Pup
122.8578874,-42.98727792,4.75,HIP 40096,-,-,3226,68601,Pup
122.8875184,-7.772539025,5.354,HIP 40107,-,1 G. Hya,3212,68312,Hya
122.9998614,-46.64434951,5.76,HIP 40155,-,AH Vel,3232,68808,Vel
123.0252406,-43.40043938,6.47,HIP 40160,-,-,-,68763,Vel
123.0530017,17.64764148,5.31,HIP 40167A,-,zet01 Cnc,3208,68257,Cnc
123.0533844,17.64781815,6.17,HIP 40167B,-,-,3209,68255,Cnc
123.0549983,17.64849074,5.79,HIP 40167C,-,-,3210,68256,Cnc
123.082,-37.661,6.3,-,-,NGC 2546,-,-,Pup
123.128283,-46.264278,6.24,-,-,-,3234,68895A,Vel
123.2032841,68.47407325,5.329,HIP 40215,-,55 Cam,3182,67447,UMa
123.2148104,-37.92447518,6.39,HIP 40220,-,-,3233,68862,Pup
123.2488784,16.51432594,6.047,HIP 40231,-,-,3222,68461,Cnc
123.2869503,29.65653799,5.605,HIP 40240,-,15 Cnc,3215,68351,Cnc
123.3331965,-15.78822467,4.99,HIP 40259,-,20 Pup,3229,68752,Pup
123.3407297,-1.165887349,6.47,HIP 40263,-,3 G. Hya,-,68667,Hya
123.3729886,-35.89951824,4.77,HIP 40274,-,MX Pup,3237,68980,Pup
123.3926946,-50.1960752,5.514,HIP 40282,-,-,3247,69194,Vel
123.400637,-46.99162834,5.127,HIP 40285,-,NO Vel,3244,69144,Vel
123.4211463,-33.56952739,6.377,HIP 40291,-,-,3238,69002,Pup
123.4402142,-46.57868529,6.476,HIP 40299,-,-,-,69168,Vel
123.4591054,56.45225111,5.85,HIP 40305,-,-,3200,68077,Lyn
123.4929676,-36.32227962,5.064,HIP 40321,-,OS Pup,3240,69081,Pup
123.4945843,-36.34077627,6.014,HIP 40324,-,-,3241,69082,Pup
123.5122057,-40.34786714,4.44,HIP 40326,-,-,3243,69142,Pup
123.5459767,-32.14071224,6.06,HIP 40341,-,-,3239,69080,Pup
123.5464166,17.67595441,6.47,HIP 40342,-,-,3228,68703,Cnc
123.5552343,-35.49001879,5.765,HIP 40344,-,-,3242,69123,Pup
123.5874783,13.04829603,6.35,HIP 40354,-,-,3231,68776,Cnc
123.5994778,-45.83451404,5.836,HIP 40357,-,-,3250,69302,Vel
123.7134996,-46.48589189,6.437,HIP 40397,-,-,-,69404,Vel
123.8163445,-62.91564109,5.259,HIP 40429,-,-,3260,69863,Car
123.8468952,-50.44922215,6.418,HIP 40433,-,-,3256,69596,Vel
123.9604222,60.3806003,6.48,HIP 40474,-,56 Cam,3221,68457,UMa
123.9689122,-30.92594796,6.41,-,-,-,3251,69445A,Pup
123.9950926,-35.90319187,6.132,HIP 40485,-,-,3253,69511,Pup
124.1288375,9.185543957,3.52,HIP 40526,Tarf,β Cancri,3249,69267,Cnc
124.224624,84.05764426,6.46,HIP 40559,-,-,3108,65299,Cam
124.3463816,-16.28511311,6.308,HIP 40604,-,21 Pup,3257,69665,Pup
124.3818807,8.866305437,6.257,HIP 40617,-,-,3252,69478,Cnc
124.4600584,59.57113418,5.63,HIP 40646,-,29 Lyn,3235,68930,Lyn
124.482235,-59.16682682,6.453,HIP 40655,-,-,3274,70267,Car
124.4928381,-30.00369771,6.422,HIP 40656,-,-,3261,69879,Pup
124.5601086,15.67791237,6.41,HIP 40675,-,-,-,69629,Cnc
124.5657819,54.14369692,6.243,HIP 40677,-,-,3246,69149,Lyn
124.57248,-35.45170456,5.578,HIP 40678,-,-,3266,70002,Pup
124.578362,-65.61319221,5.056,HIP 40680,-,24 G. Vol,3280,70514,Vol
124.599779,-12.63217144,5.95,HIP 40693,-,-,3259,69830,Pup
124.6314686,-76.91972406,4.047,HIP 40702,-,α Chamaeleontis,3318,71243,Cha
124.6388044,-36.65928922,4.4,HIP 40706,-,-,3270,70060,Pup
124.7732695,-48.19785272,6.44,HIP 40749,-,-,-,70309,Vel
124.8128457,-10.16575127,6.3,HIP 40766,-,HQ Hya,3265,69997,Hya
124.8215002,62.50715623,5.723,HIP 40772,-,57 Cam,3245,69148,UMa
124.8729651,-34.59013446,6.437,HIP 40787,-,-,3273,70235,Pup
124.8845377,75.75690733,5.541,HIP 40793,-,-,3216,68375,Cam
124.9540179,-71.5149087,5.318,HIP 40817,-,κ 1 Volantis,3301,71046,Vol
124.9577614,3.948028109,6.05,HIP 40818,-,6 G. Hya,3269,70013,Hya
125.002198,-71.50537824,5.608,HIP 40834,-,κ 2 Volantis,3302,71066,Vol
125.0541648,-0.909313779,6.177,HIP 40858,-,8 G. Hya,3271,70110,Hya
125.0709048,-5.329954288,6.094,HIP 40859,-,9 G. Hya,3272,70148,Hya
125.087383,20.74772121,5.798,HIP 40866,-,-,3264,69994,Cnc
125.1085828,57.74327956,5.877,HIP 40875,-,30 Lyn,3254,69548,Lyn
125.1139513,-22.92467998,6.12,HIP 40876,-,-,3276,70302,Pup
125.1339015,24.02231115,5.93,HIP 40881,Piautos,λ Cancri,3268,70011,Cnc
125.1605795,-77.4844792,4.337,HIP 40888,-,θ Chamaeleontis,3340,71701,Cha
125.1680072,72.4072315,5.98,HIP 40889,-,-,3236,68951,UMa
125.2818277,-64.10600227,6.108,HIP 40926,-,-,3298,70982,Car
125.3004132,-57.97322001,5.954,HIP 40932,-,-,3293,70839,Car
125.337685,-36.48417686,5.176,HIP 40943,-,-,3283,70556,Pup
125.3384329,-20.07906287,5.572,HIP 40944,-,-,3279,70442,Pup
125.3459418,-33.05436508,4.8,HIP 40945,-,-,3282,70555,Pup
125.350777,-39.62071549,6.143,HIP 40947,-,-,3286,70612,Pup
125.4775258,-17.5863371,5.711,HIP 40990,-,-,3281,70523,Pup
125.5185481,-73.39997939,5.279,HIP 41003,-,η Volantis,3334,71576,Vol
125.5401048,74.820407,6.384,HIP 41011,-,-,-,69054,Cam
125.625682,-6.179156784,6.14,HIP 41036,-,13 G. Hya,3285,70574,Hya
125.6284741,-59.5094807,2.01,HIP 41037,Avior A,* eps Car A,3307,71129,Car
125.6284802,-59.50948419,1.86,HIP 41037,Avior,ϵ Carinae,3307,71129,Car
125.6286496,-59.5095554,3.85,HIP 41037,Avior B,* eps Car B,3307,71130,Car
125.6320541,-48.4903859,5.17,HIP 41039,-,* B Vel A,3294,70930A,Vel
125.6320588,-48.49037864,4.82,HIP 41039,-,* B Vel,3294,70930,Vel
125.6322638,-48.4905409,6.1,HIP 41039,-,* B Vel B,3294,70930,Vel
125.6836242,60.63123628,6.39,HIP 41060,-,-,3263,69976,UMa
125.6951971,-13.05479284,6.109,HIP 41067,-,22 Pup,3289,70673,Pup
125.7080694,-26.34822297,5.883,HIP 41074,-,-,3291,70761,Pup
125.7087893,43.1881306,4.25,HIP 41075,Alsciaukat,-,3275,70272,Lyn
125.725394,-7.54312191,5.918,HIP 41080,-,14 G. Hya,3288,70652,Hya
125.7298258,-52.12372895,5.887,HIP 41081,-,-,3300,71043,Vel
125.820555,-38.28607923,6.32,HIP 41107,-,V436 Pup,3296,70946,Pup
125.841012,18.33216179,5.94,HIP 41117,-,20 Cnc,3284,70569,Cnc
125.9520888,53.21971259,5.54,HIP 41152,-,-,3277,70313,Lyn
125.9800345,10.63206024,6.08,HIP 41163,-,21 Cnc,3290,70734,Cnc
126.0828612,-80.9142271,5.69,HIP 41191,-,-,3393,72922,Cha
126.1374974,82.43075832,6.28,HIP 41208,-,-,3197,67934,Cam
126.1458924,-3.751242492,5.61,HIP 41211,-,1 Hya,3297,70958,Hya
126.1518139,-4.716999246,6.022,HIP 41214,-,16 G. Hya,3295,70937,Hya
126.1782341,42.00523933,6.001,HIP 41224,-,-,3287,70647,Lyn
126.2299149,-23.15374524,5.669,HIP 41242,-,-,3308,71141,Pup
126.2383614,-42.7698353,6.02,HIP 41250,-,V438 Pup,3322,71302,Pup
126.2655915,-24.04621938,5.301,HIP 41260,-,-,3315,71176,Pup
126.2703608,35.0114071,6.059,HIP 41262,-,-,3292,70771,Lyn
126.3291739,-21.04595627,5.987,HIP 41282,-,-,3316,71196,Pup
126.3805208,-51.72741354,5.17,HIP 41296,-,-,3330,71510,Vel
126.3980688,2.102218049,5.708,HIP 41299,-,17 G. Hya,3305,71095,Hya
126.4140086,-17.43940734,6.417,HIP 41306,-,-,3317,71231,Pup
126.4151328,-3.906427219,3.9,HIP 41307,-,30 Mon,3314,71155,Hya
126.4341461,-66.1368879,3.759,HIP 41312,-,β Volantis,3347,71878,Vol
126.4649826,-64.60061947,5.94,HIP 41321,-,28 G. Vol,3346,71863,Vol
126.4662937,-42.15307512,5.42,HIP 41323,-,-,3326,71459,Pup
126.4781961,7.564504048,5.122,HIP 41325,-,-,3306,71115,Cnc
126.4816252,-14.92966121,5.951,HIP 41328,-,-,3320,71267,Pup
126.5738753,-39.05896065,6.49,HIP 41361,-,NO Puppis,3327,71487,Pup
126.6050232,-52.80749733,6.041,HIP 41373,-,-,3341,71722,Vel
126.613358,-3.987430318,5.59,HIP 41375,-,2 Hya,3321,71297,Hya
126.6154418,27.89358064,5.57,HIP 41377,-,ϕ 1 Cancri,3304,71093,Cnc
126.674803,-12.53460415,5.52,HIP 41395,-,-,3324,71377,Pup
126.6830799,12.65460913,5.5,HIP 41400,-,27 Cnc,3319,71250,Cnc
126.6951387,26.93435153,6.19,HIP 41404,-,* phi02 Cnc B,3310,71150,Cnc
126.696129,26.93548855,6.13,HIP 41404,-,* phi02 Cnc A,3311,71151,Cnc
126.7406056,-52.70494835,6.49,HIP 41426,-,-,-,71805,Vel
126.8184088,-31.67273589,6.331,HIP 41449,-,-,3336,71622,Pyx
126.8198147,-70.09348349,5.507,HIP 41451,-,30 G. Vol,3370,72337,Vol
126.9024415,-53.08847876,5.073,HIP 41483,-,GU Vel,3350,71935,Vel
126.9975895,-35.11374922,5.73,HIP 41515,-,XY Pyx,3343,71801,Pyx
127.0824509,-8.816281909,6.43,HIP 41547,-,26 G. Hya,3338,71665,Hya
127.1214696,-2.51712577,6.41,HIP 41564,-,LO Hya (25 G. Hya),3337,71663,Hya
127.1501624,-23.07097981,6.494,HIP 41572,-,-,3344,71815,Pyx
127.1532721,24.14492164,6.05,HIP 41574,-,28 Cnc,3329,71496,Cnc
127.1555813,14.21082424,5.948,HIP 41578,-,29 Cnc,3333,71555,Cnc
127.2125109,-9.748586787,5.989,HIP 41597,-,27 G. Hya,3342,71766,Hya
127.2697967,-47.92892255,5.535,HIP 41616,-,* 33 Vel A,3358,72108A,Vel
127.2815296,-44.16041428,5.84,HIP 41621,-,-,3356,72067,Vel
127.3645144,-44.72481212,5.15,HIP 41639,-,-,3359,72127,Vel
127.364521,-44.724819,5.19,-,-,-,3359,72127A,Vel
127.3741771,-54.21173177,6.44,HIP 41644,-,V469 Car,-,72303,Car
127.4016215,-55.19091146,6.346,HIP 41653,-,-,3368,72322,Car
127.4401448,-46.33169874,5.969,HIP 41674,-,-,3363,72232,Vel
127.4424812,67.29743967,5.884,HIP 41676,-,-,3303,71088,UMa
127.5661257,60.71816822,3.42,HIP 41704,Muscida,ο Ursae Majoris,3323,71369,UMa
127.6192122,-32.15928298,5.588,HIP 41723,-,-,3362,72227,Pyx
127.6634536,-44.73731844,6.29,HIP 41737,-,-,3371,72350,Vel
127.7942724,-47.86661997,6.373,HIP 41781,-,-,3375,72485,Vel
127.8331927,37.26494348,6.174,HIP 41798,-,-,3348,71906,Lyn
127.8529034,-39.06410463,6.48,HIP 41806,-,-,3373,72436A,Vel
127.8732767,-54.39401012,6.333,HIP 41813,-,-,3382,72650,Vel
127.8771645,24.0811077,5.694,HIP 41816,-,υ 1 Cancri,3355,72041,Cnc
127.8788496,-19.57746247,5.43,HIP 41817,-,-,3367,72310,Pyx
127.8988748,18.09441817,5.337,HIP 41822,-,θ Cancri,3357,72094,Cnc
127.9220811,18.98772115,6.45,HIP 41833,-,-,-,72115,Cnc
128.0206546,-53.21191657,6.021,HIP 41861,-,-,3386,72737,Vel
128.0206648,-53.21191403,6.03,-,-,-,3386,72738A,Vel
128.1390285,-15.03015917,6.38,HIP 41893,-,29 G. Hya,3374,72462,Hya
128.1393643,53.11484693,6.226,HIP 41894,-,-,3351,71952,Lyn
128.1661267,10.06600813,6.474,HIP 41904,-,34 Cnc,3372,72359,Cnc
128.168751,-47.04210653,6.481,HIP 41905,-,-,-,72752,Vel
128.1740172,-73.35678788,6.1,HIP 41907,-,33 G. Vol,3417,73468,Vol
128.1770675,20.44116224,5.325,HIP 41909,-,η Cancri,3366,72292,Cnc
128.2145653,-31.50085138,6.38,HIP 41926,-,-,3384,72673,Pyx
128.2221316,69.31990269,6.297,HIP 41927,-,-,3332,71553,UMa
128.2437506,-34.63403905,6.366,HIP 41939,-,VX Pyx,3385,72688,Pyx
128.2504336,24.08479432,6.34,HIP 41940,-,υ 2 Cancri,3369,72324,Cnc
128.2577473,-45.75290462,6.354,HIP 41941,-,-,-,72798,Vel
128.3327509,-38.37067455,6.461,HIP 41970,-,-,3388,72787,Vel
128.3405396,36.4364324,6.186,HIP 41975,-,32 Lyn,3365,72291,Lyn
128.3761399,-46.97066127,6.221,HIP 41986,-,-,3390,72900,Vel
128.4101294,-38.84881276,5.908,HIP 42001,-,-,3389,72832,Vel
128.4311593,4.756999657,5.867,HIP 42008,-,-,3378,72561,Hya
128.4376921,13.25731185,6.247,HIP 42010,-,-,3376,72505,Cnc
128.5067258,-2.151555565,5.792,HIP 42028,-,33 G. Hya,3383,72660,Hya
128.5556088,8.452306678,6.029,HIP 42049,-,-,3380,72617,Cnc
128.6218892,-37.61116986,6.38,HIP 42070,-,-,3399,72993,Vel
128.6237643,-27.09816239,6.41,HIP 42071,-,-,-,72913,Pyx
128.6331504,-32.59876492,6.42,HIP 42075,-,-,3397,72954,Pyx
128.6507496,65.14511307,5.453,HIP 42080,-,2 UMa,3354,72037,UMa
128.6816521,-49.94420213,5.01,HIP 42088,-,-,3407,73155,Vel
128.6828527,36.41962006,5.751,HIP 42090,-,33 Lyn,3377,72524,Lyn
128.79,-44.407,5.9,-,-,Cl Pismis 4,-,-,Vel
128.8022384,-39.97045053,6.431,HIP 42123,-,-,3404,73121,Vel
128.8148137,-58.22473899,5.234,HIP 42129,-,-,3415,73390,Car
128.8321047,-58.00923686,4.847,HIP 42134,-,-,3414,73389,Car
128.8539806,2.743452713,6.332,HIP 42142,-,34 G. Hya,3392,72908,Hya
128.867495,-7.982293839,5.72,HIP 42146,-,3 Hya,3398,72968,Hya
128.8695876,-26.84348781,5.944,HIP 42147,-,-,3402,73072,Pyx
128.9624066,6.620213751,5.92,HIP 42172,-,-,3395,72945,Cnc
128.9667808,-50.96964684,5.782,HIP 42177,-,-,3413,73340,Vel
129.0321415,15.31363214,6.33,HIP 42187,-,-,3394,72943,Cnc
129.13767,20.24233,6.176,-,-,[AKS95] 69,-,-,Cnc
129.2030948,74.72367672,6.31,-,-,-,3352,71973A,Cam
129.2031044,74.72367602,6.27,HIP 42249,-,-,3352,71973,Cam
129.2740369,9.65557809,5.91,HIP 42265,-,36 Cnc,3406,73143,Cnc
129.3284717,-62.85346472,5.456,HIP 42286,-,-,3432,73887,Car
129.3632244,-4.93400207,6.171,HIP 42299,-,37 G. Hya,3411,73281,Hya
129.373478,-33.74568333,6.499,HIP 42302,-,-,3419,73476,Pyx
129.4109707,-42.98908063,4.14,HIP 42312,-,-,3426,73634,Vel
129.4140311,5.703787762,4.131,HIP 42313,-,δ Hydrae,3410,73262,Hya
129.4673033,-26.25500013,5.27,HIP 42334,-,η Pyxidis,3420,73495,Pyx
129.55471,20.44075,5.832,-,-,[AKS95] 73,-,-,Cnc
129.5790881,32.80201683,5.95,HIP 42365,-,1 LMi,3409,73192,Cnc
129.5924385,53.40154048,5.645,HIP 42372,-,-,3400,73017,UMa
129.6678781,-19.73689665,6.39,HIP 42394,-,-,3425,73603,Pyx
129.6866972,-53.09038155,6.431,HIP 42400,-,-,3435,73952,Vel
129.6893227,3.341435188,4.43,HIP 42402,Minchir,σ Hydrae,3418,73471,Hya
129.7495356,52.92507863,6.32,HIP 42415,-,-,3405,73131,UMa
129.7715061,-70.38674388,5.2,HIP 42425,-,θ Volantis,3460,74405,Vol
129.7829111,-22.66189676,5.17,HIP 42430,-,-,3430,73752,Pyx
129.7829369,-22.66185547,5.29,-,-,-,3430,73752B,Pyx
129.7830901,-22.66160375,5.37,-,-,-,3430,73752A,Pyx
129.7919912,59.93910618,6.47,HIP 42434,-,-,3401,73029,UMa
129.7987692,65.02090642,5.64,HIP 42438,-,π 1 Ursae Majoris,3391,72905,UMa
129.8049872,-60.31728845,6.48,HIP 42440,-,-,3443,74148,Car
129.8234295,52.71162365,5.891,HIP 42452,-,-,3408,73171,UMa
129.842118,-36.60666996,6.114,HIP 42455,-,-,3434,73900,Pyx
129.8493521,-53.43976878,5.439,HIP 42459,-,-,3440,74071,Vel
129.8523148,8.017601273,6.45,HIP 42462,-,-,3424,73599,Cnc
129.9269751,-29.56108459,4.872,HIP 42483,-,ζ Pyxidis,3433,73898,Pyx
129.9275319,73.62967652,6.154,HIP 42484,-,-,3379,72582,Cam
129.9899937,-53.05472684,5.19,HIP 42504,-,NZ Vel,3442,74146,Vel
130.006131,-12.47537473,4.969,HIP 42509,-,6 Hya,3431,73840,Hya
130.025597,-35.30835511,3.954,HIP 42515,-,β Pyxidis,3438,74006,Pyx
130.0267429,20.00778749,6.39,HIP 42516,-,39 Cnc,3427,73665,Cnc
130.0534049,64.32793618,4.61,HIP 42527,-,π 2 Ursae Majoris,3403,73108,UMa
130.0727707,-53.01539739,5.61,HIP 42535,-,-,3448,74196,Vel
130.0733306,-52.9219099,3.63,HIP 42536,-,ο Velorum,3447,74195,Vel
130.0761953,31.9418934,6.22,HIP 42538,-,4 LMi,3423,73596,Cnc
130.0798989,-40.26387124,5.22,HIP 42540,-,NY Vel,3439,74067,Vel
130.0920269,19.66993647,6.39,HIP 42549,-,-,3428,73710,Cnc
130.1125421,19.54481231,6.29,HIP 42556,Meleph,ϵ Cancri,3429,73731,Cnc
130.1469112,-45.19110298,5.648,HIP 42564,-,-,3444,74167,Vel
130.1542834,-59.76100475,4.313,HIP 42568,-,V343 Car,3457,74375,Car
130.1565467,-46.64874011,3.81,HIP 42570,-,-,3445,74180,Vel
130.254458,45.83400587,5.359,HIP 42604,-,34 Lyn,3422,73593,Lyn
130.2721661,-48.92268115,5.879,HIP 42614,-,-,3453,74273,Vel
130.3047042,-47.31713043,4.77,HIP 42624,-,-,3452,74272,Vel
130.3313024,-78.96336275,5.453,HIP 42637,-,η Chamaeleontis,3502,75416,Cha
130.4305674,-15.94338535,4.866,HIP 42662,-,9 Hya,3441,74137,Hya
130.4871239,-45.41071178,5.227,HIP 42679,-,LN Vel,3456,74371,Vel
130.531,-48.09,4.6,-,-,IC 2395,-,-,Vel
130.5408843,-11.96600635,6.449,HIP 42701,-,48 G. Hya,3446,74190,Hya
130.5674688,-48.0990967,5.468,HIP 42712,-,HX Vel,3462,74455,Vel
130.5791319,-53.10005688,5.474,HIP 42715,-,KT Vel,3466,74535,Vel
130.5867601,-55.77455764,6.243,HIP 42717,-,-,3471,74622,Car
130.6057775,-53.11398427,4.815,HIP 42726,-,HY Vel,3467,74560,Vel
130.7374963,-35.94330172,6.411,HIP 42775,-,-,3463,74475,Pyx
130.7506311,46.90083961,6.205,HIP 42777,-,-,3436,73971,UMa
130.8008267,-79.07010236,6.07,HIP 42794,-,RS Cha,3524,75747,Cha
130.8013728,12.68087363,5.65,HIP 42795,-,45 Cnc,3450,74228,Cnc
130.806149,3.398661889,4.3,HIP 42799,-,η Hydrae,3454,74280,Hya
130.8214464,21.4684988,4.652,HIP 42806,Asellus Borealis,γ Cancri,3449,74198,Cnc
130.8980726,-33.18638328,3.68,HIP 42828,-,α Pyxidis,3468,74575,Pyx
130.9178042,-49.82280083,5.16,HIP 42834,-,-,3476,74753,Vel
130.918227,-7.233728475,4.625,HIP 42835,-,31 Mon,3459,74395,Hya
130.9763696,-68.21158386,6.31,HIP 42850,-,40 G. Vol,3491,75116,Vol
130.9990736,4.334558387,6.362,HIP 42854,-,50 G. Hya,3458,74393,Hya
131.0997795,-42.64927746,4.046,HIP 42884,-,-,3477,74772,Vel
131.1248261,-65.82543056,6.021,HIP 42895,-,41 G. Vol,3495,75171,Vol
131.1712466,18.15430807,3.94,HIP 42911,Asellus Australis,δ Cancri,3461,74442,Cnc
131.1876488,10.08166869,5.66,HIP 42917,-,49 Cnc,3465,74521,Cnc
131.2163612,-37.14725112,5.722,HIP 42923,-,-,3479,74824,Pyx
131.2297849,-21.16782614,6.12,HIP 42928,-,-,3473,74706,Pyx
131.2553391,5.68058484,6.127,HIP 42931,-,10 Hya,3469,74591,Hya
131.3392664,30.69775012,6.119,HIP 42954,-,46 Cnc,3464,74485,Cnc
131.3952697,4.664373869,6.43,HIP 42981,-,54 G. Hya,-,74685,Hya
131.4553091,-25.38809519,6.057,HIP 43002,-,-,3483,74879,Pyx
131.4797859,-79.50437378,5.77,HIP 43012,-,-,3543,76236,Cha
131.5068514,-46.04152817,3.91,HIP 43023,-,-,3487,75063,Vel
131.510316,-2.048655804,5.685,HIP 43026,-,56 G. Hya,3478,74794,Hya
131.5286353,-11.00676431,6.219,HIP 43035,-,58 G. Hya,3480,74860,Hya
131.593935,-13.54772365,4.32,HIP 43067,-,12 Hya,3484,74918,Hya
131.5990087,-41.12538457,6.194,HIP 43073,-,-,3488,75081,Vel
131.611,-52.931,6.1,-,-,NGC 2669,-,-,Vel
131.6272788,-45.91250532,5.459,HIP 43082,-,OP Vel,3494,75149,Vel
131.6742518,28.75989314,4.018,HIP 43103,-,ι 1 Cancri,3475,74739,Cnc
131.6772844,-56.76977625,4.49,HIP 43105,-,V344 Car,3498,75311,Car
131.693801,6.41880152,3.38,HIP 43109,Ashlesha,ϵ Hydrae,3482,74874,Hya
131.7051665,-34.62294546,6.324,HIP 43114,-,AI Pyx,3490,75112,Pyx
131.7334125,12.1099528,5.885,HIP 43121,-,50 Cnc,3481,74873,Cnc
131.812441,-1.897036898,5.279,HIP 43142,-,61 G. Hya,3486,74988,Hya
131.8285183,-46.15541627,5.748,HIP 43148,-,-,3496,75276,Vel
131.8394616,-17.05288234,6.5,HIP 43152,-,63 G. Hya,-,75098,Hya
131.9182891,-41.73679314,6.36,HIP 43177,-,-,3497,75289,Vel
132.0008992,-52.85015343,6.266,HIP 43195,-,-,3503,75466,Vel
132.0203195,-6.55883927,6.073,HIP 43204,-,65 G. Hya,3493,75140,Hya
132.0365695,-42.46344788,6.42,HIP 43209,-,-,3501,75387,Vel
132.060933,-28.63879269,6.49,HIP 43215,-,AK Pyx,-,75306,Pyx
132.1082112,5.837812491,4.337,HIP 43234,-,ρ Hydrae,3492,75137,Hya
132.1560504,-1.04483866,6.424,HIP 43246,-,66 G. Hya,-,75217,Hya
132.2052145,66.7080798,6.187,HIP 43266,-,-,3470,74604,UMa
132.3405243,-3.4430254,5.31,HIP 43305,-,14 Hya,3500,75333,Hya
132.4131621,-40.32015777,5.465,HIP 43325,-,-,3514,75630,Vel
132.4372686,-21.0484394,6.5,HIP 43338,-,-,3507,75495,Pyx
132.4484928,-45.30787395,4.935,HIP 43347,-,-,3520,75710,Vel
132.4588585,-72.55123893,6.098,HIP 43351,-,44 G. Vol,3544,76270,Vol
132.4645566,-32.78053701,5.194,HIP 43352,-,-,3512,75605,Pyx
132.4681342,-39.14160318,6.368,HIP 43354,-,HZ Vel,3517,75654,Vel
132.5092985,-29.46299924,5.867,HIP 43370,-,-,3513,75629,Pyx
132.5875698,-42.08979084,6,HIP 43392,-,-,3525,75759,Vel
132.590154,-28.61761901,6.168,HIP 43394,-,-,3516,75649,Pyx
132.6330108,-27.70984159,4.01,HIP 43409,-,γ Pyxidis,3518,75691,Pyx
132.6342617,33.28505442,6.21,HIP 43410,-,5 LMi,3499,75332,Lyn
132.6394193,-46.52918759,5.11,HIP 43413,-,KX Vel,3527,75821,Vel
132.6450672,-66.79298306,5.329,HIP 43414,-,43 G. Vol,3537,76143,Vol
132.6880086,18.83218548,6.42,HIP 43427,-,-,3504,75469,Cnc
132.7561017,15.3506567,6.361,HIP 43454,-,54 Cnc,3510,75528,Cnc
132.8933742,-7.17722415,5.73,HIP 43496,-,* 15 Hya A,3523,75737A,Hya
132.9021497,-57.6335756,5.59,HIP 43499,-,-,3536,76113,Car
132.9584801,-44.15093155,6.35,HIP 43520,-,-,-,76004,Vel
132.9816323,-40.98658478,6.478,HIP 43528,-,-,-,75989,Vel
132.9867943,43.726604,5.148,HIP 43531,-,35 Lyn,3508,75506,Lyn
133.0417707,42.00273295,5.984,HIP 43550,-,-,3511,75556,Lyn
133.0490347,45.31282032,5.956,HIP 43553,-,-,3509,75523,Lyn
133.1007571,5.340308597,6.35,HIP 43570,-,71 G. Hya,3526,75811,Hya
133.1088998,-32.50932264,6.463,HIP 43573,-,-,3533,76001,Pyx
133.1191246,28.25915786,6.23,HIP 43575,-,53 Cnc,3521,75716,Cnc
133.1281768,-13.23294445,6.109,HIP 43580,-,73 G. Hya,3529,75916,Hya
133.1442583,32.47415912,5.664,HIP 43584,-,σ 1 Cancri,3519,75698,Cnc
133.1608612,-48.35908812,5.889,HIP 43589,-,-,3539,76161,Vel
133.1612333,-36.54534524,6.409,HIP 43590,-,-,3534,76072,Pyx
133.2000725,-38.72408817,5.806,HIP 43603,-,-,3535,76110,Vel
133.2657458,-56.64948543,5.998,HIP 43620,-,-,3549,76346,Car
133.2721422,-16.95247062,6.43,HIP 43623,-,74 G. Hya,-,76027,Hya
133.2747771,59.05613922,6.35,HIP 43624,-,-,3506,75487,UMa
133.3439907,61.96226615,5.74,HIP 43644,-,5 UMa,3505,75486,UMa
133.4527375,-60.35390851,5.768,HIP 43669,-,-,3560,76538,Car
133.4608518,-47.52069976,5.302,HIP 43671,-,-,3551,76360,Vel
133.4614938,-40.44754393,6.447,HIP 43673,-,-,3548,76304,Vel
133.4820064,35.53829369,6.129,HIP 43685,-,CY Lyn,3528,75896,Lyn
133.5610211,30.57940135,6.25,HIP 43721,-,* 57 Cnc B,3532,75959B,Cnc
133.5613834,30.57912067,5.97,HIP 43721 ,-,* 57 Cnc A,3532,75959A,Cnc
133.5747796,-5.434459527,6,HIP 43726,-,-,3538,76151,Hya
133.7251234,-58.23965662,6.353,HIP 43763,-,V473 Car,3568,76640,Car
133.7618671,-60.64460951,3.8,HIP 43783,-,-,3571,76728,Car
133.7990913,-54.96576889,5.698,HIP 43797,-,-,3570,76653,Vel
133.8017911,-18.24119139,5.741,HIP 43798,-,80 G. Hya,3554,76376,Hya
133.830009,-45.04167336,6.26,HIP 43807,-,-,3562,76566,Vel
133.8453414,17.23127306,6.4,HIP 43811,-,X Cnc,3541,76221,Cnc
133.8484425,5.94556521,3.1,HIP 43813,-,ζ Hydrae,3547,76294,Hya
133.8815301,-27.68184821,4.89,HIP 43825,-,δ Pyxidis,3556,76483,Pyx
133.9153354,27.92748218,5.225,HIP 43834,-,ρ 2 Cancri,3540,76219,Cnc
133.9770302,-15.43953406,6.46,HIP 43850,-,82 G. Hya,-,76478,Hya
133.981446,11.62602472,5.44,HIP 43851,-,60 Cnc,3550,76351,Cnc
133.9829304,-23.81829293,6.375,HIP 43853,-,-,3559,76512,Pyx
134.0802626,-52.72347412,4.723,HIP 43878,-,H Vel,3574,76805,Vel
134.1271481,40.20147311,5.88,HIP 43894,-,-,3546,76292,Lyn
134.1421942,-16.70874914,5.929,HIP 43899,-,84 G. Hya,3564,76579,Hya
134.1543227,4.236580569,6.131,HIP 43902,-,81 G. Hya,3557,76494,Hya
134.1560223,64.60382733,5.56,HIP 43903,-,6 UMa,3531,75958,UMa
134.1707322,-85.66315212,5.419,HIP 43908,-,ζ Octantis,3678,79837,Oct
134.2081359,45.63164605,5.711,HIP 43923,-,-,3545,76291,Lyn
134.2358237,32.91042794,5.436,HIP 43932,-,σ 2 Cancri,3555,76398,Cnc
134.2434049,-59.22933762,4.895,HIP 43937,-,V376 Car,3582,77002,Car
134.2845074,17.14375053,6.146,HIP 43957,-,-,3558,76508,Cnc
134.3122904,15.3227666,5.22,HIP 43970,-,ο 1 Cancri,3561,76543,Cnc
134.3966653,15.58128493,5.677,HIP 44001,-,ο 2 Cancri,3565,76582,Cnc
134.4250969,9.387759394,6.178,HIP 44010,-,-,3567,76629,Cnc
134.481495,-48.5729094,5.876,HIP 44024,-,-,3583,77020,Vel
134.4944474,30.23382519,6.239,HIP 44031,-,61 Cnc,3563,76572,Cnc
134.6216842,11.8576804,4.249,HIP 44066,Acubens,α Cancri,3572,76756,Cnc
134.6830532,-16.13272712,5.86,HIP 44075,-,88 G. Hya,3578,76932,Hya
134.7181322,-47.23468313,5.146,HIP 44093,-,FZ Vel,3588,77140,Vel
134.7947128,18.13486146,6.38,HIP 44126,-,FZ Cnc,3577,76830,Cnc
134.8018881,48.04182286,3.13,HIP 44127,Talitha A,* iot UMa A,3569,76644,UMa
134.8018901,48.04182614,3.14,HIP 44127,Talitha,ι Ursae Majoris,3569,76644,UMa
134.8158935,-28.80604023,6.241,HIP 44130,-,-,3585,77087,Pyx
134.850757,-59.08371177,5.16,HIP 44143,-,-,3598,77370,Car
134.8620111,13.07438786,6.46,HIP 44148,-,-,-,76908,Cnc
134.8860607,32.41855931,5.22,HIP 44154,-,σ 3 Cancri,3575,76813,Cnc
134.9163031,-19.20804222,6.191,HIP 44162,-,89 G. Hya,3584,77084,Hya
135.0225406,-41.25360734,4.446,HIP 44191,-,-,3591,77258,Vel
135.0927304,-43.17399357,6.08,HIP 44213,-,IU Vel,3593,77320,Vel
135.1283404,37.60435298,6.2,HIP 44231,-,-,3580,76944,Lyn
135.1603059,41.78302456,3.96,HIP 44248,-,10 UMa,3579,76943,Lyn
135.1905904,-60.96382859,5.78,HIP 44256,-,-,3604,77615,Car
135.285475,-68.68391932,5.87,HIP 44283,-,45 G. Vol,3610,77887,Vol
135.2975815,-26.66371592,6.187,HIP 44290,-,-,3597,77361,Pyx
135.336938,-41.86425954,5.541,HIP 44299,-,-,3600,77475,Vel
135.3505408,32.2522961,5.87,HIP 44307,-,66 Cnc,3587,77104,Cnc
135.3807781,5.640985107,6.052,HIP 44315,-,90 G. Hya,3590,77250,Hya
135.4198334,39.71351226,6.386,HIP 44331,-,-,3586,77093,Lyn
135.4356436,-52.18868918,5.57,-,-,-,3605,77653A,Vel
135.4534636,27.90260144,6.07,HIP 44342,-,67 Cnc,3589,77190,Cnc
135.491614,-0.482674332,5.627,HIP 44356,-,92 G. Hya,3596,77353,Hya
135.5266193,-39.4021425,6.238,HIP 44367,-,-,3602,77580,Vel
135.6116502,-66.39607456,3.99,HIP 44382,-,α Volantis,3615,78045,Vol
135.6362145,67.62961745,4.76,HIP 44390,-,ρ Ursae Majoris,3576,76827,UMa
135.6844488,24.45288673,5.447,HIP 44405,-,ν Cancri,3595,77350,Cnc
135.6867358,7.298267673,5.831,HIP 44406,-,-,3599,77445,Cnc
135.7722164,-53.55037251,6.377,HIP 44423,-,-,3611,77907,Vel
135.9063651,47.15652473,3.55,HIP 44471,Alkaphrah,κ Ursae Majoris,3594,77327,UMa
136.0016656,54.2838829,5.74,HIP 44504,-,-,3592,77309,UMa
136.0240817,-47.44144847,6.438,HIP 44509,-,-,-,78005,Vel
136.0386652,-47.09773508,3.75,HIP 44511,-,-,3614,78004,Vel
136.1998673,-57.85257659,6.44,HIP 44565,-,-,3622,78293,Car
136.2295025,32.37683656,6.47,HIP 44574,-,-,3606,77660,Cnc
136.2867213,-72.60270256,4.467,HIP 44599,-,-,3643,78791,Car
136.3503952,48.53031557,5.95,HIP 44613,-,-,3603,77601,UMa
136.4098973,-70.53849836,4.652,HIP 44626,-,V345 Car,3642,78764,Car
136.4932074,5.09232603,4.981,HIP 44659,-,ω Hydrae,3613,77996,Hya
136.5318332,-64.49984911,6.355,HIP 44665,-,-,3632,78632,Car
136.632366,38.45221394,4.539,HIP 44700,-,-,3612,77912,Lyn
136.6417743,-55.80240899,6.081,HIP 44708,-,-,3629,78548,Vel
136.6797442,59.34452502,6.435,HIP 44717,-,-,3608,77692,UMa
136.7497473,1.462692998,6.17,HIP 44738,-,NS Hya,3618,78196,Hya
136.9367065,10.66819989,5.24,HIP 44798,-,κ Cancri,3623,78316,Cnc
136.9989911,-43.43259091,2.21,HIP 44816,Suhail,λ Velorum,3634,78647,Vel
137.0002089,29.65423213,5.42,HIP 44818,-,τ Cancri,3621,78235,Cnc
137.0119994,-25.85853788,4.56,HIP 44824,-,κ Pyxidis,3628,78541,Pyx
137.0173163,32.54040276,6.46,HIP 44825,-,-,3620,78234,Cnc
137.0979153,66.87323394,5.136,HIP 44857,-,σ 1 Ursae Majoris,3609,77800,UMa
137.1757544,-8.589533343,5.609,HIP 44883,-,19 Hya,3630,78556,Hya
137.1813808,-26.76759865,6.144,HIP 44887,-,-,3637,78676,Pyx
137.1855105,-16.27732323,6.48,HIP 44888,-,100 G. Hya,-,78614,Hya
137.1972127,26.6291159,5.95,HIP 44892,-,75 Cnc,3626,78418,Cnc
137.2177374,51.60464775,4.48,HIP 44901,-,15 UMa,3619,78209,UMa
137.2675444,-18.32855157,5.722,HIP 44923,-,102 G. Hya,3638,78702,Hya
137.2979768,-12.35770562,5.769,HIP 44936,-,101 G. Hya,3636,78668,Hya
137.3397548,22.04543837,5.149,HIP 44946,Nahn,ξ Cancri,3627,78515,Cnc
137.3982072,-8.787648471,5.46,HIP 44961,-,20 Hya,3641,78732,Hya
137.4374863,-49.42438469,6.476,HIP 44979,-,-,3647,79025,Vel
137.4434335,11.5643765,6.48,HIP 44984,-,-,3635,78661,Cnc
137.4850401,-30.36540013,5.593,HIP 45001,-,ϵ Pyxidis,3644,78922,Pyx
137.4877715,-52.08286015,6.22,HIP 45002,-,-,-,79091,Vel
137.5869096,21.9964165,6.011,HIP 45033,-,79 Cnc,3640,78715,Cnc
137.5981082,67.13401784,4.8,HIP 45038,-,σ 2 Ursae Majoris,3616,78154,UMa
137.5981111,67.13401716,4.813,HIP 45038,-,* sig02 UMa A,3616,78154,UMa
137.6616542,30.96313642,5.95,HIP 45058,-,RS Cnc,3639,78712,Cnc
137.7293416,63.51367121,4.64,HIP 45075,-,τ Ursae Majoris,3624,78362,UMa
137.7420221,-58.96690056,3.4,HIP 45080,-,a Car,3659,79351,Car
137.7683254,-44.86790237,5,HIP 45085,-,GX Vel,3654,79186,Vel
137.8027121,80.82890839,6.35,HIP 45097,-,-,-,77246,Cam
137.8196751,-62.31697773,3.943,HIP 45101,-,-,3663,79447,Car
137.8890924,-46.58391048,5.769,HIP 45122,-,-,3658,79275,Vel
137.9205479,-39.25884358,6.002,HIP 45127,-,-,3656,79241,Vel
137.9818065,5.468626929,6.342,HIP 45150,-,104 G. Hya,3649,79066,Hya
137.9947324,-19.7476303,5.717,HIP 45158,-,107 G. Hya,3653,79181,Hya
138.0515296,-76.66302798,6.12,HIP 45166,-,-,3695,80194,Cha
138.05367,3.866978131,6.131,HIP 45167,-,105 G. Hya,3651,79108,Hya
138.1085437,-7.109805389,6.098,HIP 45184,-,21 Hya,3655,79193,Hya
138.127183,-43.61325489,5.98,HIP 45189,-,NAME HD 79416AB,3661,79416AB,Vel
138.2108606,-60.91676937,6.358,HIP 45214,-,-,-,79699,Car
138.2317955,-59.41392901,5.532,HIP 45219,-,-,3673,79698,Car
138.2999061,-69.7172076,1.69,HIP 45238,Miaplacidus,β Carinae,3685,80007,Car
138.3277698,-42.27329008,6.267,HIP 45242,-,-,3668,79524,Vel
138.3397948,-29.66436797,6.38,HIP 45249,-,-,-,79456,Pyx
138.3575905,-38.61647442,6.296,HIP 45259,-,-,3667,79523,Vel
138.3935556,-47.33840622,5.92,HIP 45270,-,-,3670,79621,Vel
138.4052593,21.28320637,6.465,HIP 45272,-,-,3657,79248,Cnc
138.4508882,43.21783165,5.282,HIP 45290,-,36 Lyn,3652,79158,Lyn
138.5128773,-14.69484214,6.46,HIP 45305,-,109 G. Hya,-,79481,Hya
138.5133023,71.65583292,6.5,HIP 45306,-,-,3633,78633,UMa
138.5342087,-44.14582015,5.85,HIP 45314,-,-,3672,79694,Vel
138.5749604,-55.56962984,5.254,HIP 45328,-,-,3679,79846,Vel
138.5855918,61.42331696,5.18,HIP 45333,-,16 UMa,3648,79028,UMa
138.6020244,-43.22748944,5.25,HIP 45344,-,-,3674,79735,Vel
138.7382131,-37.60242936,5.85,HIP 45386,-,-,3677,79807,Vel
138.8077171,14.94150888,5.348,HIP 45410,-,π 2 Cancri,3669,79554,Cnc
138.8234952,-58.38837776,5.993,HIP 45418,-,-,3691,80094,Car
138.8392788,84.18101403,6.28,HIP 45421,-,-,3581,76990,Cam
138.8539481,-15.02491142,6.318,HIP 45424,-,111 G. Hya,3675,79752,Hya
138.8946376,-57.57774087,6.311,HIP 45437,-,-,3693,80126,Car
138.9029506,-38.56994296,4.94,HIP 45439,-,-,3682,79917,Vel
138.9378324,-37.41314386,4.62,HIP 45448,-,-,3684,79940,Vel
138.9574235,56.74140711,5.266,HIP 45455,-,17 UMa,3660,79354,UMa
138.9690791,72.94632448,5.93,HIP 45461,-,-,3645,78935,UMa
139.0167911,-44.8987215,6.04,HIP 45481,-,-,3688,80057,Vel
139.0471959,54.02185733,4.805,HIP 45493,-,18 UMa,3662,79439,UMa
139.0503024,-57.54147114,4.318,HIP 45496,-,-,3696,80230,Car
139.0959803,-44.2657321,5.094,HIP 45505,-,-,3692,80108,Vel
139.1069393,-67.47656533,3.27,-,-,ASAS J091626-6728.7,-,-,Car
139.1723615,-8.74475835,5.468,HIP 45526,-,24 Hya,3683,79931,Hya
139.173912,-6.353144418,5.23,HIP 45527,-,23 Hya,3681,79910,Hya
139.2377009,-11.10311056,6.45,HIP 45543,-,117 G. Hya,-,79994,Hya
139.2378175,-39.40153801,5.304,HIP 45544,-,-,3694,80170,Vel
139.2725286,-59.27523203,2.26,HIP 45556,Aspidiske,ι Carinae,3699,80404,Car
139.2821736,-14.57407016,5.831,HIP 45559,-,118 G. Hya,3687,80050,Hya
139.3218436,-68.68959313,5.39,HIP 45571,-,-,3712,80671,Car
139.3550411,-74.89427946,5.32,HIP 45581,-,-,3720,80951,Car
139.3648733,-74.73459028,5.857,HIP 45585,-,-,3721,80950,Car
139.3799115,46.81722851,5.938,HIP 45590,-,-,3676,79763,UMa
139.426186,-54.49482834,6.319,HIP 45603,-,-,3700,80435,Vel
139.4639815,11.50114515,6.39,HIP 45614,-,-,3689,80064,Cnc
139.4652068,-67.05086069,6.136,HIP 45615,-,V478 Car,3713,80710,Car
139.5244634,-51.05085664,5.254,HIP 45631,-,-,3703,80456,Vel
139.6079542,35.36407574,5.94,HIP 45661,-,-,3686,80024,Lyn
139.676483,-51.5606496,5.93,HIP 45675,-,LR Vel,3708,80558,Vel
139.7103603,36.80207218,6.09,HIP 45688B,-,* 38 Lyn B,3690,80081B,Lyn
139.7110149,36.80259586,3.92,HIP 45688,-,38 Lyn,3690,80081,Lyn
139.8853143,-55.18647062,6.268,HIP 45742,-,-,3717,80781,Vel
139.8880607,-15.8346644,5.792,HIP 45743,-,121 G. Hya,3704,80479,Hya
139.9432569,-11.97485275,4.77,HIP 45751,-,26 Hya,3706,80499,Hya
139.9497146,-34.103341,6.384,HIP 45754,-,-,3710,80590,Pyx
139.982079,74.01660059,6.4,HIP 45764,-,-,3666,79517,Cam
140.1208956,-9.555703357,4.811,HIP 45811,-,27 Hya,3709,80586,Hya
140.1236245,-37.58168941,6.027,HIP 45814,-,-,3716,80774,Vel
140.1823377,51.26606394,6.11,HIP 45836,-,37 Lyn,3697,80290,UMa
140.2312408,-15.61782623,6.308,HIP 45854,-,126 G. Hya,3714,80719,Hya
140.2367211,-62.40463363,4.8,HIP 45856,-,-,3728,81101,Car
140.2637509,34.39255929,3.14,HIP 45860,-,α Lyncis,3705,80493,Lyn
140.3483535,45.37010083,6.39,HIP 45888,-,-,-,80461,UMa
140.363258,32.90215306,6.18,HIP 45896,-,-,3707,80546,Cnc
140.373293,-25.96544063,4.72,HIP 45902,-,θ Pyxidis,3718,80874,Pyx
140.4303658,56.69922043,5.47,HIP 45915,-,CG UMa,3698,80390,UMa
140.4585096,-55.51468859,5.608,HIP 45920,-,-,3732,81157,Vel
140.4624452,-42.19486023,5.572,HIP 45924,-,-,3726,81034,Vel
140.5284067,-55.01066713,2.473,HIP 45941,Markeb,κ Velorum,3734,81188,Vel
140.5999685,-46.04744412,5.729,HIP 45962,-,-,3730,81136,Vel
140.8010429,-28.83386135,4.68,HIP 46026,-,λ Pyxidis,3733,81169,Pyx
140.8557016,-48.2869427,6.264,HIP 46045,-,-,-,81347,Vel
140.8638403,-60.30231531,6.265,HIP 46049,-,-,3740,81502,Car
140.8823969,25.18283967,6.4,HIP 46058,-,6 LMi,3723,80956,Leo
140.9156449,-46.90875298,6.188,HIP 46067,-,-,-,81369,Vel
140.9369258,-37.75690131,6.469,HIP 46075,-,-,3735,81309,Vel
140.9972246,-51.7370814,6.086,HIP 46093,-,-,3739,81471,Vel
141.0228969,-61.64890466,5.988,HIP 46101,-,-,3742,81613,Car
141.0384348,-80.78687709,5.36,HIP 46107,-,ι Chamaeleontis,3795,82554,Cha
141.0678569,-39.42550111,6.049,HIP 46114,-,-,3737,81411,Vel
141.1545182,-70.07578176,6.45,HIP 46143,-,-,-,81896,Car
141.1635778,26.18232429,4.46,HIP 46146,-,κ Leonis,3731,81146,Leo
141.2319957,51.57389599,6.368,HIP 46168,-,-,3725,81025,UMa
141.2320044,51.57389467,6.435,-,-,-,3725,81025A,UMa
141.2827292,-43.97660187,6.371,HIP 46194,-,GK Vel,-,81575,Vel
141.3501462,-5.117395178,5.579,HIP 46221,-,28 Hya,3738,81420,Hya
141.3634759,-61.95047812,5.77,HIP 46225,-,-,3752,81830,Car
141.3854189,16.58558723,6.292,HIP 46232,-,-,3736,81361,Leo
141.4340448,63.94094059,6.227,HIP 46247,-,EZ UMa,3722,80953,UMa
141.5748217,-53.37890825,5.089,HIP 46283,-,-,3753,81848,Vel
141.5929603,-1.464074946,5.985,HIP 46288,-,136 G. Hya,3741,81567,Hya
141.6185826,-40.50170594,6.19,HIP 46297,-,-,3746,81780,Vel
141.683727,-64.92970064,6.039,HIP 46328,-,-,3761,82068,Car
141.6870926,-28.78769464,6.44,-,-,-,3745,81753A,Pyx
141.776292,-71.60189425,5.47,HIP 46358,-,-,3777,82350,Car
141.8267188,-22.34372709,4.69,HIP 46371,-,-,3749,81799,Hya
141.8968446,-8.65859953,1.97,HIP 46390,Alphard,α Hydrae,3748,81797,Hya
141.9449353,-6.071213931,5.56,-,-,-,3750,81809A,Hya
141.9543466,-71.78110153,6.31,HIP 46407,-,-,-,82458,Car
141.9649069,75.09832208,6.2,HIP 46410,-,-,3719,80930,Dra
142.1142105,9.056775011,5.62,HIP 46454,-,* ome Leo A,3754,81858,Leo
142.1215586,8.188305567,5.713,HIP 46457,-,3 Leo,3755,81873,Leo
142.1272204,-66.70187828,5.886,HIP 46460,-,-,3783,82406,Car
142.1666195,45.60148087,5.393,HIP 46471,Intercrus,-,3743,81688,UMa
142.1962724,-62.27313532,5.904,HIP 46482,-,-,3776,82347,Car
142.259577,-1.256911953,6.27,HIP 46504,-,144 G. Hya,3758,81980,Hya
142.287214,-2.768939454,4.6,HIP 46509,-,τ 1 Hydrae,3759,81997,Hya
142.3026764,-20.74912727,5.636,HIP 46511,-,148 G. Hya,3763,82077,Hya
142.3113317,-35.95133744,4.51,HIP 46515,-,ϵ Antliae,3765,82150,Ant
142.3173896,-38.40354172,6.145,HIP 46517,-,-,3766,82165,Ant
142.3518343,-2.2051907,6.126,HIP 46529,-,146 G. Hya,3760,82043,Hya
142.3850651,-4.246635995,6.257,HIP 46543,-,147 G. Hya,3762,82074,Hya
142.4578054,-23.34534417,6.24,HIP 46569,-,149 G. Hya,3767,82180,Hya
142.4771036,-26.58961539,5.479,HIP 46578,-,-,3770,82205,Ant
142.5212914,-51.51716458,5.46,HIP 46594,-,-,3784,82419,Vel
142.5936787,-15.5773533,5.849,HIP 46618,-,150 G. Hya,3772,82232,Hya
142.5976107,-58.3618358,5.888,HIP 46620,-,V482 Car,3793,82536,Car
142.6746907,-40.46683083,3.91,HIP 46651,-,* psi Vel A,3786,82434A,Vel
142.6749982,-40.46673935,3.6,HIP 46651,-,ψ Velorum,3786,82434,Vel
142.6751575,-40.46675767,5.12,HIP 46651,-,* psi Vel B,3786,82434B,Vel
142.6801127,33.65571385,5.857,HIP 46652,-,7 LMi,3764,82087,LMi
142.6920823,-31.88920013,6.15,HIP 46657,-,ζ 1 Antliae,3781,82384,Ant
142.8054923,-57.03437645,3.139,HIP 46701,-,-,3803,82668,Vel
142.882117,63.06185995,3.67,HIP 46733,-,23 UMa,3757,81937,UMa
142.883979,-31.87180986,5.899,HIP 46734,-,ζ 2 Antliae,3789,82513,Ant
142.8850435,35.10327204,5.37,HIP 46735,-,8 LMi,3769,82198,LMi
142.887593,-66.7190284,6.255,HIP 46737,-,-,3813,82858,Car
142.8876906,-35.71474927,5.87,HIP 46736,-,-,3790,82514,Ant
142.9011296,-73.08091308,5.454,HIP 46741,-,-,3821,83095,Car
142.9124456,-10.55203187,6.123,HIP 46744,-,153 G. Hya,3785,82428,Hya
142.9301239,22.96798129,4.31,HIP 46750,Alterf,λ Leonis,3773,82308,Leo
142.9821218,-10.37034293,6.124,HIP 46768,-,154 G. Hya,3788,82477,Hya
142.9864207,11.2998218,4.963,HIP 46771,-,ξ Leonis,3782,82395,Leo
142.9899042,9.715765315,5.07,HIP 46774,-,6 Leo,3779,82381,Leo
142.9955248,-1.184671352,4.548,HIP 46776,-,τ 2 Hydrae,3787,82446,Hya
143.0608171,-62.78888961,6.1,HIP 46806,-,R Car,3816,82901,Car
143.0766104,-28.62776903,6.45,HIP 46810,-,S Ant,3798,82610,Ant
143.0803226,-40.64933706,5.4,HIP 46811,-,-,3807,82694,Vel
143.0850361,-19.40030459,5.74,HIP 46813,-,156 G. Hya,3796,82573,Hya
143.1724756,1.864126265,6.12,HIP 46840,-,155 G. Hya,3794,82543,Hya
143.2142956,51.67731481,3.18,HIP 46853,-,θ Ursae Majoris,3775,82328,UMa
143.2323936,-13.51680425,5.937,HIP 46859,-,158 G. Hya,3802,82660,Hya
143.25822,-8.505373961,6.113,HIP 46869,-,157 G. Hya,3801,82638,Hya
143.2820009,-39.12907267,6.41,HIP 46874,-,-,3812,82785,Ant
143.2968637,45.5137597,6.47,HIP 46879,-,-,-,82408,UMa
143.3019161,-21.11572333,5.003,HIP 46880,-,160 G. Hya,3808,82734,Hya
143.3329487,-7.190202084,6.25,HIP 46893,-,159 G. Hya,3805,82674,Hya
143.3585462,-22.86388573,5.904,HIP 46897,-,162 G. Hya,3810,82747,Hya
143.3765111,36.48694845,6.181,HIP 46904,-,9 LMi,3791,82522,LMi
143.4350642,-49.00551072,6.21,-,-,-,3817,82984B,Vel
143.4355713,-49.00507517,5.56,-,-,-,3817,82984A,Vel
143.4355786,-49.00507613,5.12,HIP 46914,-,-,3817,82984,Vel
143.4723974,-80.94125797,5.059,HIP 46928,-,ζ Chamaeleontis,3860,83979,Cha
143.4964176,23.45392168,6.25,HIP 46938,-,-,3804,82670,Leo
143.5366395,-51.25526614,5.03,HIP 46950,-,-,3819,83058,Vel
143.5557577,36.39755806,4.6,HIP 46952,-,10 LMi,3800,82635,LMi
143.6110451,-59.22975195,4.09,HIP 46974,-,-,3825,83183,Car
143.6202478,69.83034071,4.57,HIP 46977,-,24 UMa,3771,82210,UMa
143.6360317,-5.914950119,5.548,HIP 46982,-,33 Hya,3814,82870,Hya
143.7059617,52.05147922,4.463,HIP 47006,-,26 UMa,3799,82621,UMa
143.7230311,72.20567979,5.768,HIP 47013,-,22 UMa,3768,82189,UMa
143.7659573,39.62149264,4.8,HIP 47029,-,-,3809,82741,Lyn
143.7992656,-35.82374957,6.47,HIP 47039,-,-,3823,83108,Ant
143.8908341,-19.5833964,6.31,HIP 47070,-,165 G. Hya,3822,83104,Hya
143.9145925,35.81013251,5.34,HIP 47080,-,11 LMi,3815,82885,LMi
143.9703486,14.37959393,6.303,HIP 47096,-,7 Leo,3818,83023,Leo
144.0282261,74.3188076,6.444,HIP 47119,-,-,3774,82327,Dra
144.1059396,-48.75117789,6.23,HIP 47145,-,-,3831,83368,Vel
144.178553,31.16175962,5.56,HIP 47168,-,-,3820,83069,Leo
144.1928725,-52.94366774,6.177,HIP 47172,-,-,3837,83465,Vel
144.2064132,-49.3550255,4.35,HIP 47175,-,-,3836,83446,Vel
144.2508638,-25.29675972,5.68,HIP 47187,-,-,3830,83332,Ant
144.2607565,16.43795182,5.732,HIP 47189,-,8 Leo,3826,83189,Leo
144.2720324,81.32638087,4.255,HIP 47193,-,-,3751,81817,Dra
144.2912212,-32.17867707,5.63,HIP 47199,-,-,3833,83380,Ant
144.302713,-53.6685,6.1,-,-,-,3840,83520A,Vel
144.3027164,-53.66850944,5.467,HIP 47204,-,-,3840,83520,Vel
144.302754,-53.668322,6.26,-,-,-,3840,83520B,Vel
144.3028306,6.835822454,5.009,HIP 47205,-,10 Leo,3827,83240,Leo
144.368336,-36.09599414,5.95,HIP 47224,-,-,3835,83441,Ant
144.4062902,60.21368269,6.41,HIP 47231,-,-,-,82969,UMa
144.4413972,-3.170639595,6.46,HIP 47242,-,166 G. Hya,-,83352,Hya
144.4646107,-9.424448472,6.39,HIP 47249,-,34 Hya,3832,83373,Hya
144.4841772,73.08039399,6.38,HIP 47260,-,-,3806,82685,Dra
144.5060476,-43.19094007,5.5,HIP 47267,-,-,3842,83548,Vel
144.5907349,40.23979333,5.276,HIP 47300,-,42 Lyn,3829,83287,Lyn
144.6137022,4.649292768,4.68,HIP 47310,-,2 Sex,3834,83425,Hya
144.837547,-61.32804977,4.498,HIP 47391,-,-,3856,83944,Car
144.8661441,67.27222912,5.947,HIP 47401,-,-,3824,83126,UMa
144.9380309,-62.94292365,6.403,HIP 47422,-,-,-,84046,Car
144.9475448,-10.57027158,6.32,HIP 47427,-,37 Hya,3846,83650,Hya
144.9640061,-1.142810732,3.91,HIP 47431,Ukdah,ι Hydrae,3845,83618,Hya
145.0765133,-14.33228878,5.052,HIP 47452,-,κ Hydrae,3849,83754,Hya
145.0836416,-10.76918442,6.356,HIP 47454,-,172 G. Hya,3848,83731,Hya
145.1773427,-57.98350925,5.307,HIP 47479,-,-,3863,84121,Car
145.2592012,-57.25951727,5.794,HIP 47498,-,-,3864,84152,Car
145.2876341,9.892307896,3.52,HIP 47508,Subra,ο Leonis,3852,83808,Leo
145.3197121,55.86649035,6.49,HIP 47521,-,-,-,83564,UMa
145.3208613,-23.59151431,4.76,HIP 47522,-,-,3858,83953,Hya
145.3963185,31.2778135,5.84,HIP 47544,-,DR Leo,3850,83787,Leo
145.4103521,25.91287743,6.249,HIP 47550,-,13 Leo,3853,83821,Leo
145.4496949,-55.2137615,5.98,HIP 47559,-,-,3868,84228,Vel
145.5014267,39.75785287,5.61,HIP 47570,-,43 Lyn,3851,83805,Lyn
145.554026,-66.91481853,6.32,HIP 47591,-,V486 Car,-,84416,Car
145.5600675,-23.91556723,4.94,HIP 47592,-,-,3862,84117,Hya
145.5617552,69.23753367,5.717,HIP 47594,-,-,3838,83489,UMa
145.6723005,-35.50170945,6.383,HIP 47627,-,-,3867,84224,Ant
145.6780782,35.09337204,6.14,HIP 47631,-,13 LMi,3857,83951,LMi
145.6795588,48.43100336,6.37,HIP 47633,-,-,3854,83869,UMa
145.7382869,72.25261763,5.142,HIP 47654,-,27 UMa,3839,83506,UMa
145.7789376,54.36370089,6.477,HIP 47664,-,-,3855,83886,UMa
145.8649506,-51.22813747,6.168,HIP 47694,-,IP Vel,3872,84400,Vel
145.8885832,29.97447664,5.621,HIP 47701,-,15 Leo,3861,84107,Leo
145.9259771,-53.8912818,5.544,HIP 47717,-,-,3875,84461,Vel
145.9329451,14.02170308,5.35,HIP 47723,-,ψ Leonis,3866,84194,Leo
146.0503963,-27.76947252,4.79,HIP 47758,-,θ Antliae,3871,84367,Ant
146.1250189,18.86349082,6.47,HIP 47779,-,-,3869,84252,Leo
146.152286,64.98410803,6.21,HIP 47791,-,-,3859,83962,UMa
146.3117154,-62.50790286,3.75,HIP 47854,-,l Car,3884,84810,Car
146.3416971,-30.20274901,6.45,HIP 47868,-,-,3878,84567,Ant
146.3791106,78.13470828,6.236,HIP 47884,-,-,3843,83550,Dra
146.4192302,-57.18604227,6.471,HIP 47893,-,V487 Car,3883,84809,Car
146.4628067,23.77425378,2.98,HIP 47908,-,ϵ Leonis,3873,84441,Leo
146.4821131,-58.79382866,6.211,HIP 47913,-,-,3887,84850,Car
146.5418466,6.708556391,5.79,HIP 47943,-,5 G. Leo,3876,84542,Leo
146.5859637,-76.77611877,5.44,HIP 47956,-,ν Chamaeleontis,3902,85396,Cha
146.5971971,11.81004324,5.644,HIP 47959,-,18 Leo,3877,84561,Leo
146.598377,1.785587788,5.64,HIP 47960,-,-,3879,84607,Sex
146.6265435,-44.75505998,5.55,HIP 47963,-,-,3886,84816,Vel
146.6319357,57.12806888,5.2,HIP 47965,-,44 Lyn,3870,84335,UMa
146.7755071,-65.07200742,2.99,HIP 48002,-,υ Carinae,3890,85123,Car
146.7781257,-65.07286188,5.99,-,-,* ups Car B,3891,85124,Car
146.8250201,79.13663211,6.09,HIP 48017,-,-,3847,83727,Dra
146.8424759,23.64768645,6.49,HIP 48023,-,-,-,84680,Leo
146.8581864,11.56816593,6.445,HIP 48029,-,19 Leo,3880,84722,Leo
147.1473806,46.02100739,5.1,HIP 48113,-,15 LMi,3881,84737,UMa
147.1666597,-56.41189059,6.047,HIP 48119,-,-,3895,85250,Vel
147.3670153,-37.18676426,5.946,HIP 48191,-,-,3892,85206,Ant
147.4587261,21.179422,6.077,HIP 48218,-,20 Leo,3889,85040,Leo
147.4639475,-36.26846225,6.362,HIP 48219,-,-,3897,85296,Ant
147.4880858,-45.73273691,5.084,HIP 48224,-,-,3898,85355,Vel
147.5982712,65.59322655,6.262,HIP 48266,-,-,3885,84812,UMa
147.6747193,-46.93391902,5.711,HIP 48287,-,-,3904,85483,Vel
147.7315932,-62.74511707,5.56,HIP 48310,-,-,3914,85656,Car
147.7473252,59.03873362,3.81,HIP 48319,-,υ Ursae Majoris,3888,84999,UMa
147.7533941,-80.06104761,6.49,HIP 48320,-,-,-,86320,Cha
147.7582668,13.0662391,6.45,HIP 48324,-,23 Leo,3896,85268,Leo
147.8003142,-59.4257768,5.778,HIP 48339,-,-,3913,85655,Car
147.8084654,-4.243350092,6.016,HIP 48341,-,6 Sex,3899,85364,Sex
147.8321871,-46.19382121,5.617,HIP 48348,-,-,3910,85563,Vel
147.8400665,-6.181925694,6.42,HIP 48351,-,-,3901,85380,Sex
147.8694791,-14.84662871,4.11,HIP 48356,Zhang,υ 1 Hydrae,3903,85444,Hya
147.9194513,-46.54762225,4.58,HIP 48374,-,-,3912,85622,Vel
147.998065,-16.5347935,6.074,HIP 48396,-,179 G. Hya,3908,85519,Hya
148.0264766,54.06433229,4.557,HIP 48402,-,ϕ Ursae Majoris,3894,85235,UMa
148.0499254,0.075602462,6.329,HIP 48413,-,-,3907,85505,Sex
148.126839,-8.105009967,5.43,HIP 48437,-,* gam Sex A,3909,85558,Sex
148.1269977,-8.104960883,6.4,HIP 48437,-,* gam Sex B,3909,85558,Sex
148.1909042,26.00695119,3.88,HIP 48455,Rasalas,μ Leonis,3905,85503,Leo
148.2417818,-27.33217277,6.29,HIP 48468,-,-,3916,85725,Ant
148.2503867,-55.37320729,6.491,HIP 48469,-,QZ Vel,3920,85871,Vel
148.428851,5.958576172,5.95,HIP 48519,-,-,3915,85709,Sex
148.4587455,-51.14670998,5.932,HIP 48527,-,V335 Vel,3924,85953,Vel
148.55132,-25.93233004,4.88,HIP 48559,-,-,3919,85859,Hya
148.5735628,-45.28351318,5.81,HIP 48561,-,-,3925,85980,Vel
148.6325649,-22.48745731,6.213,HIP 48584,-,182 G. Hya,3921,85905,Hya
148.7134613,-50.24396026,5.705,HIP 48613,-,-,3927,86087,Vel
148.7175187,-19.00933886,4.94,HIP 48615,Felis,-,3923,85951,Hya
148.7639886,61.11612371,6.286,HIP 48638,-,-,3911,85583,UMa
148.9291741,49.81984301,5.269,HIP 48682,-,31 UMa,3917,85795,UMa
149.0222183,-40.82454494,6.392,HIP 48706,-,-,3930,86211,Vel
149.0405548,-71.38929999,6.33,HIP 48715,-,-,3944,86606,Car
149.0912299,-51.33615637,6.377,HIP 48730,-,-,3935,86352,Vel
149.1082299,8.933155865,5.848,HIP 48734,-,10 Sex,3926,86080,Leo
149.1478906,-33.41849651,5.818,HIP 48748,-,-,3932,86267,Ant
149.1951952,-26.54967238,6.28,HIP 48763,-,185 G. Hya,3931,86266,Hya
149.2155869,-54.56778819,3.45,HIP 48774,-,ϕ Velorum,3940,86440,Vel
149.225384,-27.47515501,6.312,HIP 48776,-,BF Ant,3933,86301,Ant
149.2492036,-69.10180257,6.178,HIP 48782,-,V492 Car,3949,86659,Car
149.2955831,-52.63878186,6.115,HIP 48799,-,IV Vel,3941,86466,Vel
149.3067152,57.41820503,5.959,HIP 48802,-,-,3922,85945,UMa
149.4210601,41.05563189,5.104,HIP 48833,-,19 LMi,3928,86146,LMi
149.4274936,-48.41408942,6.05,HIP 48835,-,-,3943,86523,Vel
149.4329326,-1.941752719,6.46,HIP 48839,-,-,-,86341,Sex
149.4868657,45.41430313,6.324,HIP 48861,-,-,3929,86166,UMa
149.5317934,8.313977991,6.033,HIP 48876,-,11 Sex,3938,86369,Leo
149.5557307,12.44480573,5.26,HIP 48883,-,ν Leonis,3937,86360,Leo
149.5947708,72.8794717,5.835,HIP 48893,-,-,3918,85841,UMa
149.6084955,27.75899915,6.46,HIP 48895,-,HN Leo,3936,86358,Leo
149.7178143,-35.8909729,5.222,HIP 48926,-,η Antliae,3947,86629,Ant
149.7762684,-23.95076863,6.25,HIP 48943,-,OY Hya (188 G. Hya),3946,86612,Hya
149.9008932,29.64523147,5.744,HIP 48982,-,-,3942,86513,Leo
149.965363,56.8118065,5.485,HIP 49005,-,-,3939,86378,UMa
150.0533584,8.044219646,4.7,HIP 49029,-,π Leonis,3950,86663,Leo
150.1824738,-82.21467013,5.52,HIP 49065,-,μ 1 Chamaeleontis,3983,87971,Cha
150.252737,31.92367028,5.37,HIP 49081,-,20 LMi,3951,86728,LMi
150.2999405,-56.09656697,6.412,HIP 49092,-,-,-,87122,Vel
150.4196137,-53.36411285,6.181,HIP 49137,-,-,3955,87152,Vel
150.4918696,-57.34978859,6.191,HIP 49160,-,-,3957,87238,Car
150.5004006,-60.4208909,5.928,HIP 49164,-,-,3960,87283,Car
150.553,-60.041,4.2,-,-,NGC 3114,-,-,Car
150.7039567,21.94925727,5.663,HIP 49220,-,EO Leo,3952,87015,Leo
150.7058784,-62.15666742,6.371,HIP 49223,-,-,3967,87438,Car
150.7497599,-60.17867618,6.19,HIP 49233,-,-,3966,87436,Car
150.8357548,-46.63618913,6.101,HIP 49259,-,-,3964,87363,Vel
150.8921547,-61.88404055,6.35,-,-,-,3971,87543A,Car
150.9207772,-9.573790038,6.097,HIP 49293,-,-,3959,87262,Sex
150.991104,40.4302558,5.05,HIP 53721,Chalawan,-,4277,95128,UMa
151.0117322,-18.10140206,6.228,HIP 49321,-,192 G. Hya,3963,87344,Hya
151.0351333,3.201054797,6.429,HIP 49329,-,13 Sex,3961,87301,Sex
151.0872558,-24.28554031,5.701,HIP 49339,-,193 G. Hya,3965,87427,Hya
151.0973453,-39.97586035,6.409,HIP 49343,-,-,3968,87477,Ant
151.1513437,53.89171443,5.708,HIP 49363,-,-,3954,87141,UMa
151.2576404,-51.31361708,6.24,HIP 49394,-,-,-,87652,Vel
151.2811234,-13.06462649,4.588,HIP 49402,-,υ 2 Hydrae,3970,87504,Hya
151.2932529,52.37131312,6.35,HIP 49408,-,-,3958,87243,UMa
151.3136668,-36.38438429,6.268,HIP 49418,-,-,3972,87606,Ant
151.4205235,15.75750874,6.36,HIP 49445,-,-,3969,87500,Leo
151.5300434,-52.18793854,6.492,HIP 49477,-,-,3978,87816,Vel
151.5467162,-47.36999596,5.22,-,-,-,3976,87783A,Vel
151.697603,5.61149275,6.187,HIP 49530,-,14 Sex,3973,87682,Sex
151.7895807,-17.14173273,5.582,HIP 49569,-,195 G. Hya,3977,87808,Hya
151.833135,16.76266332,3.41,HIP 49583,-,η Leonis,3975,87737,Leo
151.8573432,35.24469587,4.49,HIP 49593,-,21 LMi,3974,87696,LMi
151.8988193,-48.26081996,6.384,HIP 49619,-,-,-,88015,Vel
151.9761255,9.997506875,4.38,HIP 49637,Yunü,31 Leo,3980,87837,Leo
151.9845157,-0.371670369,4.49,HIP 49641,-,α Sextantis,3981,87887,Sex
151.9859519,-62.22141658,6.44,HIP 49642,-,V495 Car,-,88158,Car
152.0068939,-37.33345721,6.327,HIP 49645,-,-,3984,88013,Ant
152.0661965,31.60405208,6.23,HIP 49658,-,-,3979,87822,LMi
152.0929624,11.96720878,1.4,HIP 49669,Regulus,α Leonis,3982,87901,Leo
152.143011,83.91838685,6.31,HIP 49688,-,-,3934,86321,Cam
152.147599,-15.61193784,6.244,HIP 49689,-,197 G. Hya,3986,88025,Hya
152.1781305,-65.81547675,5.258,HIP 49698,-,-,3995,88323,Car
152.2343317,-51.81126176,4.845,HIP 49712,-,-,3990,88206,Vel
152.3412199,-61.54900931,5.71,HIP 49751,-,S Car,3999,88366,Car
152.3761057,-68.68284879,6.47,-,-,-,4002,88473A,Car
152.3823669,-35.85677894,6.13,HIP 49769,-,-,3992,88218,Ant
152.4853606,-12.09530531,6.23,HIP 49802,-,199 G. Hya,3988,88182,Hya
152.5245263,-12.81592319,5.296,HIP 49809,-,200 G. Hya,3991,88215,Hya
152.5314165,-8.408169948,5.901,HIP 49812,-,17 Sex,3989,88195,Sex
152.6470358,-12.35412748,3.61,HIP 49841,-,λ Hydrae,3994,88284,Hya
152.6571605,-41.71524747,5.965,HIP 49844,-,-,4001,88399,Vel
152.7327531,-8.418459081,5.618,HIP 49865,-,18 Sex,3996,88333,Sex
152.7457112,40.66160709,6.335,HIP 49870,-,-,3987,88161,LMi
152.8032407,37.40189952,5.842,HIP 49893,-,-,3993,88231,LMi
152.8240172,-7.316621555,6.225,HIP 49900,-,-,4000,88372,Sex
152.8977452,-58.827765,6.4,HIP 49926,-,V368 Car,4007,88647,Car
152.9092147,13.35511309,6.427,HIP 49929,-,34 Leo,3998,88355,Leo
152.9435817,-58.06054409,5.75,HIP 49934,-,-,4009,88661,Car
153.0118824,-28.60595793,6.28,HIP 49967,-,-,4003,88522,Ant
153.0955125,-52.16324226,6.147,HIP 49994,-,-,4010,88693,Vel
153.1581738,-19.15304128,6.46,HIP 50013,-,204 G. Hya,4005,88595,Hya
153.2015192,4.614677155,5.781,HIP 50027,-,19 Sex,4004,88547,Sex
153.2547788,-59.91808683,6.087,HIP 50044,-,-,4018,88825,Car
153.3310233,-27.0289143,6.21,HIP 50066,-,205 G. Hya,4011,88699,Hya
153.338248,-61.65883046,6.41,HIP 50067,-,-,4022,88907,Car
153.3428691,-56.58669749,6.46,HIP 50069,-,-,-,88862,Vel
153.3451839,-51.23296958,5.265,HIP 50070,-,LW Vel,4017,88824,Vel
153.3530379,-33.03172079,6.38,HIP 50075,-,-,4013,88742,Ant
153.3666486,-51.75579109,5.88,-,-,-,4020,88842A,Vel
153.3776346,-66.37281118,5.141,HIP 50083,-,-,4025,88981,Car
153.4342525,-70.03790645,3.33,HIP 50099,-,ω Carinae,4037,89080,Car
153.4413448,-40.34602768,5.893,HIP 50103,-,-,4015,88809,Ant
153.4571025,27.1358236,6.05,HIP 50109,-,-,4006,88639,Leo
153.4856568,-40.31077395,6.325,HIP 50122,-,-,4019,88836,Ant
153.5373343,-23.8139465,6.357,HIP 50142,-,206 G. Hya,-,88806,Hya
153.683982,-42.12194134,3.85,HIP 50191,-,-,4023,88955,Vel
153.7764116,31.46806815,6.46,HIP 50218,-,22 LMi,4014,88786,LMi
153.7819449,59.98554064,6.25,HIP 50222,-,U UMa,4008,88651,UMa
153.8193318,-54.9742079,6.134,HIP 50232,-,-,4038,89104,Vel
153.8369649,-36.51771615,6.158,HIP 50234,-,-,4029,89015,Ant
153.8814955,-43.11236983,5.561,HIP 50241,-,-,4036,89062,Vel
154.0133759,-59.9034086,6.22,HIP 50287,-,-,4043,89263,Car
154.0374903,-11.20341765,6.075,HIP 50292,-,-,4034,89033,Sex
154.0601255,29.31047432,5.488,HIP 50303,-,23 LMi,4024,88960,LMi
154.1170102,28.68248293,6.465,HIP 50316,-,24 LMi,4027,88986,LMi
154.1672264,-51.20463749,6.3,HIP 50332,-,GY Vel,4045,89273,Vel
154.1697399,13.72833442,5.41,HIP 50333,-,37 Leo,4035,89056,Leo
154.1725632,23.41731699,3.41,HIP 50335,Adhafera,ζ Leonis,4031,89025,Leo
154.173989,25.37071531,5.84,HIP 50336,-,-,4032,89024,Leo
154.2707314,-61.33230464,3.35,HIP 50371,-,V337 Car,4050,89388,Car
154.2740802,42.91441381,3.45,HIP 50372,Tania Borealis,λ Ursae Majoris,4033,89021,UMa
154.3105764,23.10621783,5.82,HIP 50384,-,39 Leo,4039,89125,Leo
154.3340893,-46.83493614,6.48,HIP 50391,-,-,-,89328,Vel
154.4075106,-8.068913121,5.24,HIP 50414,-,ϵ Sextantis,4042,89254,Sex
154.5084445,65.10835174,5.76,HIP 50448,-,32 UMa,4026,88983,UMa
154.5316247,-28.99199866,5.53,HIP 50456,-,-,4049,89353,Ant
154.6176841,-41.66848935,5.957,HIP 50480,-,-,4056,89461,Vel
154.6577271,-36.8045653,6.306,HIP 50492,-,-,4053,89442,Ant
154.6579522,-56.11039361,5.8,HIP 50493,-,-,4061,89569,Vel
154.7446967,46.76077639,6.4,HIP 50509,-,-,4044,89268,UMa
154.7529424,24.71213737,6.4,HIP 50516,-,-,4048,89344,Leo
154.7699619,-64.67578227,6.46,HIP 50520,-,-,4065,89715B,Car
154.7711356,-64.67625765,5.67,HIP 50520,-,-,4065,89715,Car
154.7711419,-64.67625874,6.25,-,-,-,4065,89715A,Car
154.8202649,-12.52812262,6.027,HIP 50536,-,209 G. Hya,4055,89455,Hya
154.8847682,-5.106147799,6.361,HIP 50552,-,-,4059,89490,Sex
154.9031363,-55.02930533,4.543,HIP 50555,-,GZ Vel,4063,89682,Vel
154.925126,-65.13723781,6.3,HIP 50562,-,-,-,89805,Car
154.9931273,19.84148522,2.37,HIP 50583,-,γ 1 Leonis,4057,89484,Leo
154.9931436,19.84148867,1.98,HIP 50583,Algieba,* gam01 Leo,4057,89484,Leo
154.9978379,-9.059003191,6.308,HIP 50584,-,-,4060,89565,Sex
155.0616929,53.7794134,6.453,HIP 50606,-,-,4051,89389,UMa
155.0696482,-47.6990905,5.614,HIP 50609,-,-,4066,89736,Vel
155.1297958,54.21683883,6.012,HIP 50635,-,-,4052,89414,UMa
155.2283155,-56.04323771,4.51,HIP 50676,-,MV Vel,4074,89890,Vel
155.2639202,68.74765342,5.9,HIP 50685,-,EN UMa,4047,89343,UMa
155.2831602,-17.98495644,6.499,HIP 50693,-,-,4068,89747,Hya
155.3694318,-23.71083436,6.469,HIP 50728,-,213 G. Hya,4071,89816,Hya
155.4595956,14.97577304,6.163,HIP 50755,-,42 Leo,4070,89774,Leo
155.5434198,-58.2655694,6.35,HIP 50785,-,-,-,90074,Car
155.5440079,41.22953047,5.72,HIP 50786,-,-,4067,89744,UMa
155.5539054,-19.86657175,6.13,HIP 50790,-,217 G. Hya,4076,89911,Hya
155.5816035,-41.64996198,4.83,HIP 50799,-,-,4080,89998,Vel
155.5821987,41.49953826,3.05,HIP 50801,Tania Australis,μ Ursae Majoris,4069,89758,UMa
155.7422774,-66.901496,4.99,HIP 50847,-,-,4089,90264,Car
155.7518662,6.542643116,6.08,HIP 50851,-,43 Leo,4077,89962,Leo
155.7763708,33.9081424,5.9,HIP 50860,-,27 LMi,4075,89904,LMi
155.8047508,-30.16226145,6.25,HIP 50868,-,-,4083,90071,Ant
155.8603259,-4.074032839,5.97,HIP 50885,-,25 Sex,4082,90044,Sex
155.8682075,-0.902247945,6.441,HIP 50887,-,24 Sex,-,90043,Sex
155.872067,-38.00984042,5.329,HIP 50888,-,-,4086,90132,Ant
155.8860693,-3.642853335,6.42,HIP 50893,-,-,-,90057,Sex
155.9192678,-41.95319166,6.242,HIP 50903,-,-,4087,90170,Vel
155.9239995,29.6158542,6.367,HIP 50904,-,-,4078,89993,LMi
155.9609616,-57.95393185,6.325,HIP 50916,-,-,4091,90289,Car
156.0326953,65.5664226,4.93,HIP 50933,-,ET UMa,4072,89822,UMa
156.0358496,33.71852969,5.503,HIP 50935,-,28 LMi,4081,90040,LMi
156.0549049,2.368017541,6.31,HIP 50939,-,-,4085,90125,Sex
156.098773,-74.03161108,4.01,HIP 50954,-,-,4102,90589,Car
156.1854665,-73.97173194,6.174,HIP 50976,-,-,4105,90630,Car
156.2475746,-58.57630226,5.93,HIP 50993,-,-,4095,90454,Car
156.3133146,8.784843846,5.61,HIP 51008,-,44 Leo,4088,90254,Leo
156.3217258,-42.46740442,6.18,HIP 51014,-,-,4093,90393,Vel
156.4344621,-7.059826769,5.56,HIP 51046,-,-,4092,90362,Sex
156.4371811,35.42542781,6.47,HIP 51047,-,29 LMi,-,90250,LMi
156.4783956,33.7961192,4.718,HIP 51056,-,30 LMi,4090,90277,LMi
156.5226089,-16.8362886,3.81,HIP 51069,-,μ Hydrae,4094,90432,Hya
156.5409647,-42.7384924,6.126,HIP 51077,-,-,4099,90518,Vel
156.6538108,-0.988056351,6.305,HIP 51117,-,26 Sex,-,90473,Sex
156.7038395,-54.87730634,5.546,HIP 51140,-,-,4107,90677,Vel
156.752027,19.364535,6.132,HIP 51161,-,-,4097,90472,Leo
156.7879193,-31.06777914,4.25,HIP 51172,-,α Antliae,4104,90610,Ant
156.8519604,-57.63880511,4.7,HIP 51192,-,V399 Car,4110,90772,Car
156.8553491,-65.70466188,5.991,HIP 51194,-,-,4115,90874,Car
156.8668488,41.60099108,6.007,HIP 51200,-,-,4096,90470,UMa
156.867,-57.626,4.3,-,-,IC 2581,-,-,Car
156.9124538,9.762391668,6.04,HIP 51213,-,45 Leo,4101,90569,Leo
156.9697074,-58.73940618,3.81,HIP 51232,-,-,4114,90853,Car
156.9708317,36.70721001,4.21,HIP 51233,-,β Leonis Minoris,4100,90537,LMi
157.0087302,-49.40580232,6.086,HIP 51245,-,-,4111,90798,Vel
157.0161789,48.784901,6.5,-,-,-,4098,90508A,UMa
157.0760798,-63.16456766,6.426,HIP 51265,-,V507 Car,-,90966,Car
157.1521651,45.21221188,6.357,HIP 51290,-,-,4103,90602,UMa
157.1831627,-3.74239103,6.032,HIP 51302,-,-,4109,90763,Sex
157.2190617,-64.17227996,5.27,HIP 51313,-,-,4120,91056,Car
157.2656095,-65.17624546,6.418,HIP 51327,-,-,-,91094,Car
157.3695954,-2.739075781,5.18,HIP 51362,-,δ Sextantis,4116,90882,Sex
157.3707212,-29.66383322,5.565,HIP 51364,-,224 G. Hya,4117,90957,Hya
157.3974118,-30.60706511,5.56,HIP 51376,-,δ Antliae,4118,90972,Ant
157.4234569,84.25193024,5.51,HIP 51384,-,-,4062,89571,Cam
157.4768202,65.62623118,6.309,HIP 51401,-,35 UMa,4106,90633,UMa
157.526865,38.92513217,5.784,HIP 51420,-,32 LMi,4113,90840,LMi
157.5366079,-66.98465453,6.191,HIP 51425,-,V655 Car,4129,91272,Car
157.5728345,-0.637031816,5.1,HIP 51437,-,β Sextantis,4119,90994,Sex
157.5838657,-71.99279386,4.71,HIP 51438,-,-,4138,91375,Car
157.6107748,64.25768839,6.09,HIP 51448,-,-,4108,90745,UMa
157.6635194,-61.35647662,6.401,HIP 51461,-,-,4128,91270,Car
157.7448486,-7.63754802,6.2,HIP 51490,-,-,4122,91106,Sex
157.7448526,-7.637549449,6.32,HIP 51490,-,-,4122,91106A,Sex
157.7493213,-13.58847091,5.58,HIP 51491,-,225 G. Hya,4123,91120,Hya
157.7585855,-73.22149262,4.92,HIP 51495,-,-,4142,91496,Car
157.7696164,82.55865174,5.252,HIP 51502,-,-,4084,90089,Cam
157.8409203,-53.71548361,4.89,HIP 51523,-,-,4134,91324,Vel
157.9528245,-28.23710146,6.03,HIP 51551,-,227 G. Hya,4130,91280,Hya
157.9640642,32.37955702,5.905,HIP 51556,-,33 LMi,4124,91130,LMi
157.9860039,-45.06965407,5.99,HIP 51560,-,-,4136,91356,Vel
157.9875,-45.0681,5.16,HIP 515610,-,* s Vel,4135,91355,Vel
157.9893189,-45.06671779,5.668,HIP 51561,-,-,4135,91355,Vel
158.0061045,-61.68533195,3.27,HIP 51576,-,p Car,4140,91465,Car
158.049056,14.13726969,5.46,HIP 51585,-,46 Leo,4127,91232,Leo
158.1400398,-44.61850559,5.903,HIP 51610,-,-,4139,91437,Vel
158.1992053,-58.66674416,6.006,HIP 51623,-,-,4144,91533,Car
158.2027933,9.306584817,3.87,HIP 51624,Shaomin,ρ Leonis,4133,91316,Leo
158.23692,-47.00335121,5.027,HIP 51635,-,-,4143,91504,Vel
158.3023743,-13.40424389,6.5,HIP 51656,-,-,-,91434,Hya
158.3078747,40.42554634,4.715,HIP 51658,-,-,4132,91312,UMa
158.3557878,-58.19014901,6.26,HIP 51676,-,-,4147,91619,Car
158.378796,34.98869462,5.58,HIP 51685,-,34 LMi,4137,91365,LMi
158.5036857,-23.74516917,5.06,HIP 51718,-,44 Hya,4145,91550,Hya
158.5529644,-60.98762937,6.238,HIP 51732,-,-,4151,91767,Car
158.7000563,6.953750278,5.07,HIP 51775,-,48 Leo,4146,91612,Leo
158.7404145,-23.17624635,6.098,HIP 51795,-,231 G. Hya,4149,91706,Hya
158.7590017,8.650431245,5.79,HIP 51802,-,* 49 Leo A,4148,91636,Leo
158.7728764,75.71290186,4.853,HIP 51808,-,-,4126,91190,Dra
158.7903906,57.08263537,5.148,HIP 51814,-,37 UMa,4141,91480,UMa
158.7933854,-43.66458675,6.1,HIP 51816,-,-,4154,91805,Vel
158.8035459,-39.56259001,5.38,HIP 51821,-,U Ant,4153,91793,Ant
158.8531682,-76.30898238,6.293,HIP 51835,-,-,4170,92209,Cha
158.8671065,-78.60778854,4.12,HIP 51839,-,γ Chamaeleontis,4174,92305,Cha
158.8970744,-57.5576336,4.43,HIP 51849,-,-,4159,91942,Car
158.91193,-18.56897764,6.479,HIP 51852,-,233 G. Hya,4152,91790,Hya
158.9404,-60.1261,6.3,-,-,C 1033-598,-,-,Car
158.9554893,-58.22428186,6.43,HIP 51866,-,-,-,91969,Car
159.0081524,80.49462952,6.46,HIP 51883,-,-,4121,91075,Dra
159.0694121,-16.34432678,6.012,HIP 51905,-,ϕ 2 Hydrae,4156,91880,Hya
159.0854976,-59.56439384,5.088,HIP 51912,-,-,4164,92063,Car
159.089254,36.3269278,6.287,HIP 51914,-,35 LMi,4150,91752,LMi
159.1349247,-12.23012223,5.71,HIP 51933,-,236 G. Hya,4158,91889,Hya
159.307186,-27.41263553,4.89,HIP 51979,-,-,4162,92036,Hya
159.3171367,-53.85525926,6.417,HIP 51984,-,-,-,92155,Vel
159.3256268,-48.22566619,3.84,HIP 51986,-,p Vel,4167,92139,Vel
159.3627839,-58.73333782,5.45,HIP 52004,-,-,4169,92207,Car
159.3886373,-13.38454248,4.82,HIP 52009,-,U Hya,4163,92055,Hya
159.4677753,34.0786307,6.4,HIP 52032,-,36 LMi,-,92000,LMi
159.5110099,-57.25630271,5.876,HIP 52043,-,V514 Car,4173,92287,Car
159.6456153,-16.87656519,4.903,HIP 52085,-,ϕ 3 Hydrae,4171,92214,Hya
159.6800534,31.97623983,4.677,HIP 52098,-,37 LMi,4166,92125,LMi
159.6874844,-59.18299575,4.87,HIP 52102,-,-,4177,92397,Car
159.689074,-59.2624147,6.48,HIP 52103,-,-,-,92399,Car
159.7096416,-42.75344345,6.114,HIP 52112,-,-,4175,92328,Vel
159.7100658,-12.44362411,6.045,HIP 52113,-,243 G. Hya,4172,92245,Hya
159.7484178,-58.816854,5.979,HIP 52127,-,-,4179,92436,Car
159.773565,53.66829963,5.537,HIP 52136,-,-,4165,92095,UMa
159.8162297,-74.49338615,6.064,HIP 52150,-,-,4186,92682,Car
159.8266356,-55.60326798,4.267,HIP 52154,-,-,4180,92449,Vel
159.8451307,-64.11178841,6.314,HIP 52160,-,-,-,92536,Car
159.8511574,-55.60712264,6.06,-,-,-,-,92463,Vel
160.0476977,-65.10020906,5.52,HIP 52221,-,-,4185,92664,Car
160.2147464,-35.7417156,6.389,HIP 52273,-,-,4183,92589,Ant
160.3229827,-59.67691555,6.42,HIP 52308,-,WR 22,4188,92740,Car
160.3507748,-1.741491971,6.25,HIP 52316,-,33 Sex,4182,92588,Sex
160.4510771,68.4435008,5.729,HIP 52338,-,-,4176,92354,UMa
160.4646684,-79.78328811,5.969,HIP 52340,-,DR Cha,4206,93237,Cha
160.546954,31.69699594,6.02,HIP 52366,-,RX LMi,4184,92620,LMi
160.5588303,-64.46642611,4.82,HIP 52370,-,V518 Car,4196,92938,Car
160.5592,-59.1456,6.2,-,-,Cl Bochum 10,-,-,Car
160.6307195,-13.9745157,6.228,HIP 52391,-,245 G. Hya,4190,92770,Hya
160.6690269,-59.21575842,5.51,HIP 52405,-,-,4198,92964,Car
160.6799348,-32.71567028,5.624,HIP 52407,-,-,4194,92845,Ant
160.7391749,-64.39445022,2.76,HIP 52419,-,θ Carinae,4199,93030,Car
160.7578434,26.32556352,5.506,HIP 52422,-,40 LMi,4189,92769,LMi
160.7668363,69.07621383,4.992,HIP 52425,-,-,4181,92523,UMa
160.8371702,4.747670042,6.09,HIP 52452A,-,-,-,92841A,Sex
160.8371704,4.74766569,5.79,HIP 52452,-,35 Sex,4193,92841,Sex
160.8539875,23.18840327,5.07,HIP 52457,-,41 LMi,4192,92825,LMi
160.8845395,-60.56662077,4.545,HIP 52468,-,V520 Car,4200,93070,Car
160.9305269,57.19919968,5.782,HIP 52478,-,39 UMa,4187,92728,UMa
160.9545517,18.31298715,6.5,HIP 52484,-,-,-,92884,Leo
160.9633088,-64.24904189,5.748,HIP 52487,-,-,4204,93163,Car
160.9677413,-60.11778324,6.48,HIP 52488,-,WR 24,-,93131,Car
160.986,-59.553,5.5,-,-,Cl Trumpler 14,-,-,Car
161.0287552,-63.96107482,4.789,HIP 52502,-,-,4205,93194,Car
161.0606151,19.7588329,6.266,HIP 52513,-,-,4197,92941,Leo
161.083444,-70.85972536,6.233,HIP 52520,-,-,4211,93344,Car
161.0954522,-59.99332514,6.24,HIP 52526,-,QZ Car,-,93206,Car
161.1123371,-72.44349787,6.261,HIP 52535,-,-,4213,93372,Car
161.134734,-70.85525977,6.442,HIP 52537,-,-,4212,93359,Car
161.2647742,-59.6844309,6.48,-,-,* eta Car,4210,93308B,Car
161.2667939,67.41138307,5.95,HIP 52577,-,VY UMa,4195,92839,UMa
161.2894046,2.487973805,6.271,HIP 52584,-,36 Sex,4201,93102,Sex
161.3180613,-80.46959423,6.04,HIP 52595,-,* del01 Cha A,4231,93779A ,Cha
161.3193701,-80.46957233,6.38,HIP 52595,-,* del01 Cha B,4231,93779B,Cha
161.4458597,-80.54018818,4.433,HIP 52633,-,δ 2 Chamaeleontis,4234,93845,Cha
161.4662278,30.68230763,5.352,HIP 52638,-,42 LMi,4203,93152,LMi
161.523667,6.373183003,6.368,HIP 52660,-,37 Sex,4207,93244,Leo
161.5689472,-64.51456179,5.34,HIP 52678,-,-,4219,93540,Car
161.5711103,-60.60287236,6.268,HIP 52679,-,-,4217,93502,Car
161.5936719,57.36591282,6.34,HIP 52685,-,41 UMa,4202,93132,UMa
161.6022754,18.8915223,5.492,HIP 52686,-,51 Leo,4208,93257,Leo
161.6053216,14.19464504,5.478,HIP 52689,-,52 Leo,4209,93291,Leo
161.6232839,-64.26323713,5.229,HIP 52701,-,-,4220,93549,Car
161.6547591,-43.19267399,6.28,HIP 52709,-,-,-,93453,Vel
161.6923962,-49.42025994,2.69,HIP 52727,-,μ Velorum,4216,93497,Vel
161.6931046,-49.41989514,5.58,HIP 52727,-,* mu. Vel B,4216,93497B,Vel
161.700322,-69.20978659,6.35,HIP 52730,-,-,-,93649,Car
161.7134124,-64.38347349,4.83,HIP 52736,-,-,4222,93607,Car
161.7168942,-17.29687492,5.44,HIP 52737,-,-,4214,93397,Hya
161.7394725,-56.75719192,5.23,HIP 52742,-,-,4221,93563,Vel
161.8775195,-69.43773301,6.35,HIP 52785,-,-,-,93739,Car
161.9099852,-57.46740981,6.248,HIP 52797,-,-,4226,93662,Car
161.9346561,-59.87525588,6.47,HIP 52806,-,-,-,93695,Car
161.9730692,-64.26283469,6.452,HIP 52815,-,-,-,93738,Car
162.0225282,-59.91916251,6.015,HIP 52827,-,V522 Car,4228,93737,Car
162.0587954,-31.68784691,5.858,HIP 52841,-,252 G. Hya,4225,93657,Hya
162.168981,-1.958895707,5.93,HIP 52863,-,-,4224,93655,Sex
162.1727891,-47.74989663,6.5,HIP 52865,-,-,-,93773,Vel
162.2077936,65.13249,6.398,HIP 52877,-,-,4215,93427,UMa
162.2384505,29.41605573,6.149,HIP 52882,-,43 LMi,4223,93636,LMi
162.3142932,10.54519958,5.312,HIP 52911,-,53 Leo,4227,93702,Leo
162.3518129,-59.3237894,5.91,HIP 52922,-,-,4239,93943,Car
162.3518619,-59.32378319,6.12,HIP 52922,-,-,4239,93943A,Car
162.369997,63.81002544,6.43,HIP 52929,-,-,-,93551,UMa
162.4062011,-16.19364706,3.11,HIP 52943,-,ν Hydrae,4232,93813,Hya
162.4312154,-9.852690522,5.842,HIP 52948,-,-,4233,93833,Sex
162.47386,27.97394756,6.047,HIP 52959,-,44 LMi,4230,93765,LMi
162.4875737,-34.05818454,5.599,HIP 52965,-,-,4238,93905,Ant
162.5752349,-8.897764938,5.791,HIP 52980,-,41 Sex,4237,93903,Sex
162.7725339,-3.092666722,5.941,HIP 53035,-,-,4240,94014,Sex
162.7958682,56.58225736,5.661,HIP 53043,-,43 UMa,4235,93859,UMa
162.8488393,59.32011985,5.562,HIP 53064,-,42 UMa,4236,93875,UMa
162.9453282,-57.27230394,6.285,HIP 53100,-,-,-,94275,Car
163.0570528,1.024972626,6.37,HIP 53141,-,18 G. Leo,4244,94180,Leo
163.1192986,-79.55943793,6.338,HIP 53151,-,-,4268,94717,Cha
163.128525,-57.24040501,5.25,HIP 53154,-,V524 Car,4250,94367,Car
163.1335769,52.50360482,6.43,HIP 53157,-,-,4242,94084,UMa
163.1503863,-0.201660661,6.294,HIP 53167,-,19 G. Leo,4245,94237,Leo
163.3278715,34.21489213,3.83,HIP 53229,Praecipua,-,4247,94264,LMi
163.3381929,-58.89345269,6.25,HIP 53231,-,-,-,94491,Car
163.3539945,-2.255169533,6.117,HIP 53240,-,20 G. Leo,4249,94363,Leo
163.3730509,-20.13872946,5.24,HIP 53252,-,-,4251,94388,Hya
163.3735671,-58.85317037,3.79,HIP 53253,-,-,4257,94510,Car
163.3871015,-15.44583565,6.34,HIP 53259,-,-,4252,94386,Cra
163.3891832,-56.42049784,6.41,HIP 53260,-,-,-,94508,Vel
163.3935503,54.5851274,5.111,HIP 53261,-,44 UMa,4246,94247,UMa
163.4253269,-70.72033754,5.99,HIP 53272,-,-,4262,94650,Car
163.4253386,-70.72033581,6.39,-,-,CD-70 756A,-,-,Car
163.4321346,-2.129205552,5.449,HIP 53273,-,-,4253,94402,Leo
163.4947538,43.18995751,4.664,HIP 53295,-,ω Ursae Majoris,4248,94334,UMa
163.574071,-13.75803752,5.651,HIP 53316,-,-,4255,94481,Cra
163.6233442,-61.82662162,5.9,HIP 53334,-,-,4266,94683,Car
163.6756975,25.49072426,6.187,HIP 53355,-,48 LMi,4254,94480,LMi
163.7424124,34.03479856,5.725,HIP 53377,-,47 LMi,4256,94497,UMa
163.7542215,-42.25110069,6.11,HIP 53379,-,KQ Vel,4263,94660,Vel
163.798229,-20.66496209,6.444,HIP 53387,-,258 G. Hya,4261,94619,Hya
163.8217575,-60.5170011,5.92,HIP 53394,-,T Car,4271,94776,Car
163.863374,-43.02052578,6.4,HIP 53411,-,-,-,94724,Vel
163.9033191,24.7497173,4.32,HIP 53417,-,54 Leo,4259,94601,Leo
163.903339,24.74972842,4.477,HIP 53417,-,* 54 Leo A,4259,94601,Leo
163.9052018,24.74904162,6.29,HIP 53417,-,* 54 Leo B,4260,94602,Leo
163.9266504,0.736919271,5.93,HIP 53423,-,55 Leo,4265,94672,Leo
163.9349345,33.50692896,5.034,HIP 53426,-,46 UMa,4258,94600,UMa
164.0061178,6.185372588,5.78,HIP 53449,-,56 Leo,4267,94705,Leo
164.0604944,42.00815475,6.034,HIP 53465,-,-,4264,94669,UMa
164.0702201,22.35168093,6.139,HIP 53472,-,-,4269,94720,Leo
164.1434462,25.50024392,6.354,HIP 53492,-,50 LMi,4270,94747,LMi
164.1793801,-37.13776741,4.6,HIP 53502,-,ι Antliae,4273,94890,Ant
164.2826956,-50.76501689,5.898,HIP 53530,-,IW Vel,4274,94985,Vel
164.3157591,-75.0997613,6.122,HIP 53546,-,-,4279,95208,Car
164.4507778,-59.73218986,6.11,HIP 53589,-,U Car,4276,95109,Car
164.8072578,-33.73759318,5.73,HIP 53699,-,259 G. Hya,4282,95221,Hya
164.8073243,-84.59389381,6.185,HIP 53702,-,η Octantis,4312,96124,Oct
164.8083695,-61.32075935,6.18,HIP 53701,-,-,4290,95324,Car
164.8244523,51.88237471,6.197,HIP 53706,-,-,4275,95057,UMa
164.878863,-16.35370432,5.879,HIP 53723,-,-,4284,95234,Cra
164.8866138,36.09310073,6,HIP 53726,-,-,4278,95129,UMa
164.9436048,-18.29878622,4.07,HIP 53740,Alkes,α Crateris,4287,95272,Cra
164.9867808,77.77017349,6.184,HIP 53761,-,-,4272,94860,Dra
164.9974084,-43.80711039,5.799,HIP 53762,-,-,4292,95347,Vel
165.0344896,-51.81780185,6.143,HIP 53771,-,-,4296,95429,Vel
165.0386009,-42.22585844,4.39,HIP 53773,-,-,4293,95370,Vel
165.0487201,-14.08336917,5.857,HIP 53778,-,-,4289,95314,Cra
165.0612696,45.52627397,5.448,HIP 53781,-,-,4280,95212,UMa
165.1064799,51.502101,6.39,HIP 53798,-,-,4283,95233,UMa
165.1401964,3.617497885,4.838,HIP 53807,-,58 Leo,4291,95345,Leo
165.1510365,-53.11183288,6.44,HIP 53811,-,-,-,95509,Vel
165.1699307,-31.83937007,6.051,HIP 53818,-,260 G. Hya,4298,95456,Hya
165.1866751,6.10144522,4.977,HIP 53824,-,59 Leo,4294,95382,Leo
165.2100716,39.21207634,5.062,HIP 53838,-,49 UMa,4288,95310,UMa
165.2391174,-15.79268225,6.36,HIP 53849,-,-,4297,95441,Cra
165.2735735,63.4210978,6.358,HIP 53860,-,-,4286,95256,UMa
165.4569845,-2.484590457,4.75,HIP 53907,-,61 Leo,4299,95578,Leo
165.4603323,56.38243365,2.37,HIP 53910,Merak,β Ursae Majoris,4295,95418,UMa
165.5823986,20.17984005,4.398,HIP 53954,-,60 Leo,4300,95608,Leo
165.601888,-26.83150562,6.202,HIP 53963,-,-,4302,95698,Hya
165.8105854,-0.752341695,6.117,HIP 54027,-,30 G. Leo,4303,95771,Leo
165.811997,-11.30346899,5.511,HIP 54029,-,-,4305,95808,Cra
165.8169021,-31.96085072,6.444,HIP 54030,-,263 G. Hya,4307,95857,Hya
165.8641092,70.03073772,6.43,HIP 54038,-,-,-,95572,UMa
165.902217,-13.4349136,6.343,HIP 54048,-,-,4308,95870,Cra
165.9024662,-0.000830693,5.927,HIP 54049,-,62 Leo,4306,95849,Leo
165.9316619,61.75087309,4.86,HIP 54061,Dubhe B,* alf UMa B,4301,95689,UMa
165.9319526,61.75103334,1.87,HIP 54061,Dubhe A,* alf UMa A,4301,95689A,UMa
165.9319647,61.75103469,1.79,HIP 54061,Dubhe,α Ursae Majoris,4301,95689,UMa
166.0009664,-57.95533821,6.13,HIP 54082,-,-,-,96088,Car
166.1300038,-47.67910434,5.668,HIP 54137,-,-,4311,96113,Vel
166.1301182,38.24136113,6.02,HIP 54136,-,51 UMa,4309,95934,UMa
166.225819,-35.8046713,5.414,HIP 54173,-,-,4313,96146,Ant
166.2542825,7.336006703,4.62,HIP 54182,-,χ Leonis,4310,96097,Leo
166.2671245,-49.39229989,6.102,HIP 54185,-,-,4316,96224,Vel
166.3329273,-27.2936241,4.912,HIP 54204,-,χ 1 Hydrae,4314,96202,Hya
166.391587,-11.08893418,6.086,HIP 54214,-,-,4315,96220,Cra
166.489875,-27.28785353,5.71,HIP 54255,-,χ 2 Hydrae,4317,96314,Hya
166.523917,-51.21292022,6.281,HIP 54264,-,2 G. Cen,4318,96407,Cen
166.6010569,-64.83997197,6.381,HIP 54289,-,-,4326,96568,Car
166.6146395,-50.95672611,6.294,HIP 54291,-,3 G. Cen,4321,96484,Cen
166.6220302,-58.67502407,6.03,HIP 54294,-,-,4323,96544,Car
166.6351103,-62.42411406,4.606,HIP 54301,-,-,4325,96566,Car
166.68,-59.82,4.7,-,-,Cl Feinstein 1,-,-,Car
166.6834516,17.73736338,6.392,HIP 54319,-,-,-,96372,Leo
166.7078144,-70.87794637,5.57,HIP 54327,-,-,4329,96706,Car
166.8195413,-42.63867989,5.24,HIP 54360,-,V815 Cen,4327,96616,Cen
166.8922138,-48.63998332,6.42,HIP 54380,-,5 G. Cen,-,96660,Cen
166.9154417,23.3237633,6.468,HIP 54388,-,64 Leo,4322,96528,Leo
167.0657343,-29.97248862,6.453,HIP 54430,-,270 G. Hya,4331,96723,Hya
167.1416576,-61.9471757,5.19,HIP 54461,-,-,4338,96919,Car
167.1474532,-58.97503863,3.83,HIP 54463,-,V382 Car,4337,96918,Car
167.1832921,-28.08065386,5.421,HIP 54477,-,-,4334,96819,Hya
167.204533,24.65849378,5.698,HIP 54487,-,67 Leo,4332,96738,Leo
167.329498,36.30937955,5.74,HIP 54522,-,CO UMa,4333,96813,UMa
167.4104181,43.20773435,5.89,HIP 54537,-,-,4336,96834,UMa
167.415777,67.21021009,6.061,HIP 54540,-,EP UMa,4330,96707,UMa
167.4158679,44.49848775,3.01,HIP 54539,-,ψ Ursae Majoris,4335,96833,UMa
167.4724751,-32.36752912,5.766,HIP 54561,-,272 G. Hya,4339,97023,Hya
167.8730866,-71.4361908,6.335,HIP 54673,-,-,4349,97472,Car
167.9144947,-22.82584805,4.449,HIP 54682,-,β Crateris,4343,97277,Cra
167.91667,-60.30972,3.9,-,-,Cl Collinder 240,-,-,Car
167.9323165,14.40015362,6.295,HIP 54688,-,-,4341,97244,Leo
167.9910005,-26.80611641,6.43,HIP 54703,-,274 G. Hya,-,97344,Hya
168.0147489,-58.42335713,6.33,HIP 54708,-,V532 Car,-,97451,Car
168.0424573,-46.26675563,6.27,HIP 54718,-,7 G. Cen,-,97413,Cen
168.0455864,68.2718704,6.43,HIP 54721,-,-,4340,97138,UMa
168.0616308,-32.43379783,6.38,HIP 54725,-,275 G. Hya,4346,97393,Hya
168.1265458,-18.49984868,6.25,HIP 54742,-,* psi Crt A,4347,97411,Cra
168.1265495,-18.49986098,6.105,HIP 54742,-,ψ Crateris,4347,97411,Cra
168.1347929,35.81408027,6.41,HIP 54745,-,-,4345,97334,UMa
168.1377682,-49.10099773,5.367,HIP 54746,-,9 G. Cen,4350,97495,Cen
168.1449958,-21.7493374,6.378,HIP 54749,-,-,4348,97428,Cra
168.1500551,-60.3176263,4.62,HIP 54751,-,V533 Car,4352,97534,Car
168.1883625,-64.16976977,5.219,HIP 54767,-,-,4355,97583,Car
168.2363148,-49.73609723,6.109,HIP 54783,-,10 G. Cen,4353,97550,Cen
168.3111885,-44.37221835,5.761,HIP 54811,-,11 G. Cen,4354,97576,Cen
168.3782605,-59.61931742,5.74,HIP 54829,-,-,4361,97670,Car
168.4141384,-53.231815,5.74,HIP 54840,-,13 G. Cen,4360,97651,Cen
168.4170506,41.08883582,6.34,HIP 54842,-,-,4351,97501,UMa
168.4398046,-0.069502225,5.404,HIP 54849,-,69 Leo,4356,97585,Leo
168.5076406,8.060694979,5.793,HIP 54863,-,36 G. Leo,4358,97605,Leo
168.5270893,20.52371814,2.53,HIP 54872,Zosma,δ Leonis,4357,97603,Leo
168.5600236,15.42957109,3.35,HIP 54879,Chertan,θ Leonis,4359,97633,Leo
168.7255004,-43.73370482,6.196,HIP 54929,-,15 G. Cen,4364,97866,Cen
168.8009516,23.09550896,4.63,HIP 54951,-,72 Leo,4362,97778,Leo
168.9281199,-57.3558819,6.418,HIP 55003,-,-,-,98025,Car
168.9661671,13.30756527,5.32,HIP 55016,-,73 Leo,4365,97907,Leo
169.1654157,-3.651603208,4.45,HIP 55084,-,ϕ Leonis,4368,98058,Leo
169.1743757,49.47624861,5.873,HIP 55086,-,-,4367,97989,UMa
169.2424053,-7.134686049,6.14,HIP 55106,-,-,4369,98088,Cra
169.3000303,-38.01436729,6.235,HIP 55130,-,20 G. Cen,4372,98161,Cen
169.3096817,-41.93432349,6.44,HIP 55133,-,22 G. Cen,-,98176,Cen
169.322502,2.010555859,5.18,HIP 55137,-,75 Leo,4371,98118,Leo
169.3293483,-67.82351645,6.054,HIP 55140,-,V535 Car,4379,98292,Car
169.4119112,-34.73737538,6.428,HIP 55164,-,279 G. Hya,4373,98221,Hya
169.54515,31.52911714,4.77,HIP 55203B,-,-,4374,98230,UMa
169.5454215,31.52916086,4.25,HIP 55203A,-,-,4375,98231,UMa
169.5455495,31.5292889,3.79,HIP 55203,Alula Australis,ksi UMa,-,-,UMa
169.6197384,33.09430607,3.49,HIP 55219,Alula Borealis,ν Ursae Majoris,4377,98262,UMa
169.6433487,-79.66864917,6.352,HIP 55225,-,-,4385,98617,Cha
169.7289985,1.650395442,5.904,HIP 55249,-,76 Leo,4381,98366,Leo
169.7828588,38.18559332,4.8,HIP 55266,-,55 UMa,4380,98353,UMa
169.8184731,-64.58249009,5.99,HIP 55280,-,-,4384,98560,Car
169.8351973,-14.77853984,3.56,HIP 55282,-,δ Crateris,4382,98430,Cra
169.9022006,-75.14244672,6.258,HIP 55308,-,-,4387,98672,Mus
169.9614556,-72.95829014,6.46,HIP 55332,-,-,-,98671,Mus
170.0171484,-71.99433866,6.412,HIP 55350,-,-,4389,98695,Mus
170.224157,67.10074989,6.201,HIP 55412,-,-,4383,98499,UMa
170.2516858,-54.49102356,4.08,HIP 55425,-,* pi. Cen A,4390,98718A,Cen
170.2518159,-54.49108447,5.65,HIP 55425,-,* pi. Cen B,4390,98718B,Cen
170.2841407,6.02932167,4.04,HIP 55434,-,σ Leonis,4386,98664,Leo
170.4553703,57.07485608,6.44,HIP 55485,-,-,4388,98673,UMa
170.4870486,-77.60836873,6.423,HIP 55497,-,-,4397,99015,Cha
170.5962886,-44.64592388,6.108,HIP 55528,-,25 G. Cen,4393,98892,Cen
170.7065749,43.48269846,5.03,HIP 55560,-,56 UMa,4392,98839,UMa
170.7135152,64.33051148,6.03,HIP 55564,-,-,4391,98772,UMa
170.783881,-56.77935453,5.807,HIP 55581,-,27 G. Cen,4398,99022,Cen
170.8028653,-36.16477116,4.991,HIP 55588,-,26 G. Cen,4396,98993,Cen
170.8247948,0.132045478,6.029,HIP 55595,-,50 G. Leo,4394,98960,Leo
170.8391656,-64.95471455,5.39,HIP 55597,-,-,4401,99104,Mus
170.8411728,-18.78003559,5.09,HIP 55598,-,λ Crateris,4395,98991,Cra
170.9810551,10.52950625,4.01,HIP 55642,-,ι Leonis,4399,99028,Leo
170.9856962,-57.88043733,6.5,HIP 55645,-,-,-,99145,Cen
171.0096981,1.407762526,5.386,HIP 55650,-,79 Leo,4400,99055,Leo
171.0463631,-72.25660808,5.583,HIP 55657,-,-,4406,99264,Mus
171.091891,-42.6690996,6.12,HIP 55667,-,28 G. Cen,4403,99171,Cen
171.1524634,-10.85932653,4.802,HIP 55687,-,ϵ Crateris,4402,99167,Cra
171.2205151,-17.68401188,4.06,HIP 55705,-,γ Crateris,4405,99211,Cra
171.2455192,11.43029149,5.788,HIP 55716,-,-,4404,99196,Leo
171.372723,-36.06306194,5.219,HIP 55756,-,29 G. Cen,4409,99322,Cen
171.3879066,-37.74757465,5.918,HIP 55763,-,30 G. Cen,4411,99333,Cen
171.4015533,16.45653684,5.572,HIP 55765,-,81 Leo,4408,99285,Leo
171.4297691,-63.97247704,5.17,HIP 55779,-,31 G. Cen,4413,99453,Cen
171.4585693,3.860063822,6.354,HIP 55791,-,80 Leo,4410,99329,Leo
171.4879574,55.85045779,5.7,HIP 55797,-,-,4407,99283,UMa
171.6064883,33.45061151,6.324,HIP 55821,-,-,4412,99373,UMa
171.6475742,-61.11516776,5.54,HIP 55831,-,33 G. Cen,4415,99556,Cen
171.6888405,3.013099066,6.46,HIP 55846,-,83 Leo A,4414,99491,Leo
171.6908,3.0097,6.16,HIP 55846,-,* 83 Leo,4414,99491,Leo
171.6969396,-53.15991619,5.806,HIP 55849,-,32 G. Cen,4417,99574,Cen
171.7896487,-12.356749,5.923,HIP 55874,-,κ Crateris,4416,99564,Cra
171.9599085,45.18520436,6.28,HIP 55936,-,-,-,99592,UMa
171.9738106,-1.699937715,6.256,HIP 55941,-,59 G. Leo,4419,99651,Leo
171.9843313,2.85626503,4.943,HIP 55945,-,τ Leonis,4418,99648,Leo
171.9944673,-35.32885077,6.42,HIP 55953,-,281 G. Hya,4420,99712,Hya
172.0767248,-72.47397959,6.115,HIP 55979,-,-,4425,99872,Mus
172.1461615,-42.67420556,5.136,HIP 56000,-,34 G. Cen,4423,99803,Cen
172.2671739,39.33697122,5.35,HIP 56034,-,* 57 UMa A,4422,99787A,UMa
172.2671748,39.33697553,5.354,HIP 56034,-,57 UMa,4422,99787,UMa
172.4109132,-24.46402112,5.813,HIP 56078,-,-,4428,99922,Cra
172.424349,15.41326571,5.734,HIP 56080,-,85 Leo,4426,99902,Leo
172.4315146,56.73757403,6.278,HIP 56083,-,-,4424,99859,UMa
172.5536263,54.36223321,6.49,HIP 56120,-,-,4427,99913,UMa
172.5787223,-3.003499701,4.77,HIP 56127,-,87 Leo,4432,99998,Leo
172.6034389,46.65753236,6.302,HIP 56135,-,EE UMa,4430,99967,UMa
172.6209485,18.40980704,5.549,HIP 56146,-,86 Leo,4433,100006,Leo
172.6297133,43.17324138,5.942,HIP 56148,-,58 UMa,4431,99984,UMa
172.8126912,-61.27846869,6.4,HIP 56201,-,V809 Cen,4438,100198,Cen
172.8509236,69.33107573,3.85,HIP 56211,Giausar,λ Draconis,4434,100029,Dra
172.9419526,-59.44206069,5.097,HIP 56243,-,ο 1 Centauri,4441,100261,Cen
172.9481358,-20.77647275,6.228,HIP 56245,-,-,4440,100219,Cra
172.9533314,-59.51564712,5.14,HIP 56250,-,ο 2 Centauri,4442,100262,Cen
172.9605552,81.12725695,6.11,HIP 56253,-,-,4429,99945,Cam
173.0668331,-29.26330554,5.671,HIP 56280,-,* 17 Crt B,4443,100286,Cra
173.068352,-29.26102213,5.58,HIP 56280,-,* 17 Crt A,4444,100287,Cra
173.0833171,-66.96182343,5.881,HIP 56287,-,-,4448,100382,Mus
173.0864733,61.0827494,5.64,-,-,-,4439,100203A,UMa
173.0970088,-26.74680469,6.16,HIP 56293,-,-,4445,100307,Hya
173.198069,-7.827525212,5.927,HIP 56318,-,-,4446,100343,Cra
173.2003427,-40.43619435,5.639,HIP 56319,-,39 G. Cen,4447,100378,Cen
173.2255363,-31.0872254,5.11,HIP 56332,-,-,4449,100393,Hya
173.2504789,-31.85762444,3.54,HIP 56343,-,ξ Hydrae,4450,100407,Hya
173.3117725,-16.28040599,6.044,HIP 56364,-,-,4451,100418,Cra
173.3560037,-70.19478925,6.3,HIP 56379,-,-,-,100546,Mus
173.4014431,2.499031032,6.48,HIP 56388,-,-,-,100456,Leo
173.4047395,-40.58660421,6.11,-,-,-,4453,100493A,Cen
173.4050075,-40.58663156,6.14,-,-,-,4453,100493B,Cen
173.4845186,36.81561541,6.37,HIP 56410,-,-,4452,100470,UMa
173.6228602,-32.83133966,5.98,HIP 56452,-,-,4458,100623,Hya
173.6770427,16.79691544,5.94,HIP 56473,-,90 Leo,4456,100600,Leo
173.6770455,16.79691606,6.289,HIP 56473,-,* 90 Leo A,4456,100600A,Leo
173.6902349,-54.2640931,4.607,HIP 56480,-,A Cen,4460,100673,Cen
173.7368779,-49.13648476,5.5,HIP 56497,-,43 G. Cen,4462,100708,Cen
173.7454344,-4.361288534,6.41,HIP 56500,-,67 G. Leo,-,100659,Leo
173.7656384,20.44154527,6.438,HIP 56508,Formosa,-,4459,100655,Leo
173.770351,54.78539853,5.628,HIP 56510,-,-,4457,100615,UMa
173.8053431,-47.37257909,5.675,HIP 56518,-,C1 Cen,4463,100733,Cen
173.9264015,-61.28787148,6.24,HIP 56550,-,-,-,100826,Cen
173.9453254,-63.01983499,3.14,HIP 56561,-,λ Centauri,4467,100841,Cen
173.9816038,-47.64163994,5.252,HIP 56573,-,C2 Cen,4466,100825,Cen
174.061,-61.616,5.3,-,-,NGC 3766,-,-,Cen
174.0748192,27.78134816,6.38,-,-,-,4465,100808A,Leo
174.0748196,27.78134158,5.81,HIP 56601,-,-,4465,100808,Leo
174.093186,-61.05243375,5.819,HIP 56606,-,50 G. Cen,4472,100929,Cen
174.1456078,-33.57005998,5.89,HIP 100893A,-,* 22 Crt A,4469,100893A,Cra
174.1696801,-37.23718623,6.286,HIP 56632,-,49 G. Cen,4470,100911,Cen
174.170455,-9.802222702,4.673,HIP 56633,-,θ Crateris,4468,100889,Cra
174.2372115,-0.823749942,4.3,HIP 56647,-,υ Leonis,4471,100920,Leo
174.252185,-61.28344339,5.15,HIP 56656,-,52 G. Cen,4475,101021,Cen
174.2550201,-32.98820651,6.318,HIP 56657,-,-,4473,100953,Hya
174.315175,-75.89653329,5.637,HIP 56675,-,π Chamaeleontis,4479,101132,Cha
174.3916552,-47.74729809,5.456,HIP 56700,-,C3 Cen,4476,101067,Cen
174.4263296,77.59569947,6.486,HIP 56716,-,-,-,100858,Dra
174.451576,-67.6203789,5.929,HIP 56727,-,-,4485,101162,Mus
174.4708368,50.61818605,6.113,HIP 56731,-,-,4474,101013,UMa
174.5302899,-61.82653122,5.14,HIP 56754,-,54 G. Cen,4487,101189,Cen
174.5409641,8.883791402,6.19,HIP 56756,-,1 G. Vir,4478,101112,Vir
174.6002866,-2.435903916,6.29,HIP 56775,-,3 G. Vir,4484,101154,Vir
174.6150311,8.13429428,5.36,HIP 56779,-,ω Virginis,4483,101153,Vir
174.6346789,33.62582915,6.273,HIP 56784,-,-,4482,101151,UMa
174.6396449,46.83421416,6.076,HIP 56789,-,60 UMa,4480,101133,UMa
174.666742,-13.20193924,5.48,HIP 56802,-,ι Crateris,4488,101198,Cra
174.6870845,45.10841738,6.47,HIP 56809A,-,-,4486,101177A,UMa
174.7047392,64.34696833,6.5,HIP 56816,-,-,4481,101150,UMa
174.751843,-24.72109449,6.42,HIP 56830,-,-,4489,101259,Cra
174.8731921,-65.3978054,5.095,HIP 56862,-,GT Mus,4492,101379,Mus
174.9597258,-16.62022868,6.19,HIP 56899,-,VX Crt,4491,101370,Cra
174.9630024,-14.46852412,6.198,HIP 56901,-,-,4490,101369,Cra
175.0532896,-34.74465833,4.7,HIP 56922,-,ο Hydrae,4494,101431,Hya
175.1142925,57.97040523,6.335,HIP 56944,-,-,4493,101391,UMa
175.1541797,-62.56810192,6.38,HIP 56961,-,-,-,101545,Cen
175.1770033,-53.96860652,5.94,HIP 56970,-,V914 Cen,4497,101541,Cen
175.1961135,21.35272744,5.255,HIP 56975,-,92 Leo,4495,101484,Leo
175.2234741,-62.09010152,4.92,HIP 56986,-,58 G. Cen,4499,101570,Cen
175.2554511,-83.09993815,6.328,HIP 56996,-,-,4507,101782,Cha
175.2625678,34.20163378,5.34,HIP 56997,-,61 UMa,4496,101501,UMa
175.2850085,-29.19623507,6.44,HIP 57001,-,294 G. Hya,4498,101563,Hya
175.3324628,-43.09566596,5.53,HIP 57013,-,59 G. Cen,4502,101615,Cen
175.392735,31.74604863,5.75,HIP 57029,-,62 UMa,4501,101606,UMa
175.4312373,55.17201002,6.266,HIP 57045,-,-,4500,101604,UMa
175.4331142,-32.49940312,5.2,HIP 57047,-,-,4503,101666,Hya
175.5147005,-20.29416858,6.2,HIP 57079,-,-,4506,101695,Cra
175.5621655,-75.22731356,6.466,HIP 57092,-,-,-,101805,Mus
175.6181741,66.74490648,5.308,HIP 57111,-,3 Dra,4504,101673,Dra
175.7288836,-79.30639098,6.378,HIP 57137,-,-,4509,101917,Cha
175.8632824,-37.19016072,5.966,HIP 57165,-,60 G. Cen,4508,101883,Cen
175.879968,-62.48939643,5.03,HIP 57175,-,V810 Cen,4511,101947,Cen
175.925,-62.537,6.3,-,-,Cl Stock 14,-,-,Cen
175.9701671,-62.87828113,6.087,HIP 57211,-,62 G. Cen,4513,101995,Cen
175.9796695,-6.677162651,6.041,HIP 57214,-,5 G. Vir,4510,101933,Vir
176.0548472,25.21832095,6.02,HIP 57240,-,-,4512,101980,Leo
176.1907332,-18.35067637,4.706,HIP 57283,-,ζ Crateris,4514,102070,Cra
176.3026468,-49.06984179,6.266,HIP 57322,-,63 G. Cen,4516,102150,Cen
176.3209993,8.258113805,4.842,HIP 57328,-,ξ Virginis,4515,102124,Vir
176.4017279,-66.7287577,3.65,HIP 57363,-,λ Muscae,4520,102249,Mus
176.4332007,-45.69013364,5.271,HIP 57371,-,64 G. Cen,4519,102232,Cen
176.4648317,6.529374721,4.04,HIP 57380,-,ν Virginis,4517,102212,Vir
176.5125586,47.77940424,3.72,HIP 57399,Taiyangshou,χ Ursae Majoris,4518,102224,UMa
176.6284285,-61.17839961,4.1,HIP 57439,-,-,4522,102350,Cen
176.6294689,-40.50035719,4.88,HIP 57443,-,-,4523,102365,Cen
176.7317595,55.628189,5.254,HIP 57477,-,-,4521,102328,UMa
176.7793695,-35.90686527,6.147,HIP 57497,-,67 G. Cen,4524,102397,Cen
176.8158656,-30.28651118,6.48,HIP 57507,-,297 G. Hya,4525,102438,Hya
176.8297552,-57.69650071,5.407,HIP 57512,-,V918 Cen,4526,102461,Cen
176.9787305,8.245892688,5.316,HIP 57562,-,4 Vir,4528,102510,Vir
176.9963998,20.21893056,4.52,HIP 57565,-,93 Leo,4527,102509,Leo
177.0605629,-66.81490961,4.728,HIP 57581,-,μ Muscae,4530,102584,Mus
177.0978645,-10.3131045,6.226,HIP 57587,-,-,4529,102574,Cra
177.1612894,14.28420791,5.94,-,-,-,4531,102590A,Leo
177.1878447,-26.74977781,5.11,HIP 57613,-,II Hya,4532,102620,Hya
177.2553386,-0.318671264,6.15,HIP 57629,-,9 G. Vir,4533,102634,Vir
177.2649098,14.57205806,2.13,HIP 57632,Denebola,β Leonis,4534,102647,Leo
177.3116185,16.24288022,6.036,HIP 57646,-,-,4535,102660,Leo
177.4211139,-63.78847241,4.308,HIP 57669,-,j Cen,4537,102776,Cen
177.4238121,34.93175806,5.723,HIP 57670,-,-,4536,102713,UMa
177.4858976,-70.22578912,4.964,HIP 57696,-,-,4538,102839,Mus
177.5816813,-15.86366481,6.122,HIP 57732,-,-,4539,102845,Cra
177.6136544,-62.64938216,5.702,HIP 57741,-,70 G. Cen,4541,102878,Cen
177.6549266,-27.27793717,6.477,HIP 57749,-,299 G. Hya,4542,102888,Hya
177.6738271,1.76472265,3.6,HIP 57757,Zavijava,β Virginis,4540,102870,Vir
177.7305886,12.27903642,6.367,HIP 57779,-,-,4543,102910,Leo
177.7592896,-5.333331523,5.622,HIP 57791,-,12 G. Vir,4544,102928,Vir
177.7862133,-45.17346992,4.46,HIP 57803,-,B Cen,4546,102964,Cen
177.7896274,33.37501284,6.224,HIP 57805,-,-,4545,102942,UMa
177.8412382,-12.18781082,6.35,HIP 57819,-,-,4547,102990,Cra
177.9233703,-30.83480743,5.85,HIP 57841,-,300 G. Hya,4548,103026,Hya
177.9634343,-65.20591012,4.99,HIP 57851,-,-,4549,103079,Mus
178.0428314,-56.98774168,5.559,HIP 57870,-,74 G. Cen,4551,103101,Cen
178.2271704,-33.9081352,4.69,HIP 57936,-,* bet Hya A,4552,103192,Hyi
178.2271729,-33.90812978,4.28,HIP 57936,-,β Hydrae,4552,103192,Hya
178.2272748,-33.9079757,5.47,HIP 57936,-,* bet Hya B,4552,103192,Hya
178.2448639,37.7186817,6.45,HIP 57939,-,Groombridge 1830,4550,103095,UMa
178.3617061,-35.06664235,6.167,HIP 57971,-,302 G. Hya,4553,103266,Hya
178.4576972,53.69475973,2.44,HIP 58001,Phecda,γ Ursae Majoris,4554,103287,UMa
178.459488,0.552114751,6.29,HIP 58002,-,IQ Vir,4555,103313,Vir
178.5479202,-57.41019779,6.045,HIP 58041,-,76 G. Cen,4556,103400,Cen
178.6074577,-37.7489188,6.46,HIP 58057,-,77 G. Cen,4557,103437,Cen
178.6772433,-25.71388442,5.272,HIP 58082,-,303 G. Hya,4558,103462,Hya
178.6859925,-66.37619946,6.36,HIP 58085,-,-,-,103482,Mus
178.7500493,-63.27918076,5.96,HIP 58103,-,79 G. Cen,4563,103516,Cen
178.7630519,8.443942119,5.569,HIP 58110,-,6 Vir,4559,103484,Vir
178.8085677,36.75637589,6.49,HIP 58119,-,-,4562,103500,UMa
178.9172119,-28.47710391,5.893,HIP 58158,-,-,4565,103596,Hya
178.9188863,15.64681941,5.522,HIP 58159,-,95 Leo,4564,103578,Leo
178.97821,-39.6895174,6.131,HIP 58177,-,80 G. Cen,4568,103637,Cen
178.9934048,56.59855775,5.824,HIP 58181,-,66 UMa,4566,103605,UMa
179.0039755,-17.15082447,5.16,HIP 58188,-,η Crateris,4567,103632,Cra
179.125942,57.87156913,6.2,HIP 58225,-,-,-,103681,UMa
179.182979,-47.0723777,6.255,HIP 58242,-,81 G. Cen,4570,103746,Cen
179.2218172,61.54921199,6.2,HIP 58259,-,-,4569,103736,UMa
179.2656067,-33.3154592,6.189,HIP 58272,-,LV Hya,4571,103789,Hya
179.4166973,-62.44874843,5.557,HIP 58326,-,-,4573,103884,Crux
179.5298908,32.27390771,6.422,HIP 58369,-,-,4574,103928,UMa
179.5634368,-56.31731204,5.436,HIP 58379,-,-,4576,103961,Crux
179.698581,-64.33955926,5.6,HIP 58427,-,-,4578,104035,Crux
179.7265571,-25.90885915,6.416,HIP 58436,-,308 G. Hya,4579,104039,Hya
179.7639057,0.530680246,6.176,HIP 58445,-,19 G. Vir,4580,104055,Vir
179.789045,-10.47589877,6.48,HIP 58450,-,20 G. Vir,-,104078,Vir
179.7945014,-45.83222168,6.337,HIP 58452,-,84 G. Cen,-,104080,Cen
179.7952605,-51.69676172,6.031,HIP 58453,-,85 G. Cen,4582,104081,Cen
179.8230509,33.16700244,5.96,HIP 58460,-,-,4581,104075,UMa
179.8567438,-62.8309472,6.35,HIP 58469,-,-,-,104111,Crux
179.9063325,-78.22192514,6.02,HIP 58484,-,* eps Cha B,4583,104174,Cha
179.9065922,-78.22181924,5.33,HIP 58484,-,* eps Cha A,4583,104174,Cha
179.9871396,3.655204617,5.345,HIP 58510,-,7 Vir,4585,104181,Vir
179.9890687,34.03474824,6.488,HIP 58512,-,-,4584,104179,UMa
180.0775156,80.85318354,6.17,HIP 58545,-,FR Cam,4586,104216,Cam
180.087533,76.9057341,5.8,HIP 58952,Tonatiuh,-,4609,104985,Cam
180.1759242,-21.83749728,6.255,HIP 58574,-,-,4588,104307,Crv
180.1852506,-10.44612975,5.55,HIP 58576,-,-,4587,104304,Vir
180.2131632,-19.65898118,5.264,HIP 58587,-,31 Crt,4590,104337,Crv
180.2182993,6.614318553,4.642,HIP 58590,-,π Virginis,4589,104321,Vir
180.2572443,-1.768166221,6.316,HIP 58603,-,26 G. Vir,4591,104356,Vir
180.3716361,-57.50377872,6.142,HIP 58642,-,-,4592,104430,Crux
180.4083,36.0439,5.59,-,-,RX J1201.6+3602,-,-,UMa
180.4144252,36.04207718,5.57,HIP 58654,-,-,4593,104438,UMa
180.5843305,-85.63175732,6.019,HIP 58697,-,-,4595,104555,Oct
180.6186271,-71.48898144,6.423,HIP 58706,-,-,4596,104570,Mus
180.6570525,-69.19228862,5.876,HIP 58720,-,-,4597,104600,Mus
180.7152537,-7.683626215,6.225,HIP 58741,-,27 G. Vir,4598,104625,Vir
180.7562527,-63.31292866,4.32,HIP 58758,-,θ 1 Crucis,4599,104671,Crux
180.9148851,-42.43405845,5.15,HIP 58803,-,88 G. Cen,4600,104731,Cen
180.9354396,-74.21409496,6.45,HIP 58810,-,-,4601,104752,Mus
181.0691607,21.45915054,6.15,HIP 58858,-,* 2 Com A,4602,104827,Com
181.0696032,-51.47251544,6.47,HIP 58859,-,90 G. Cen,-,104839,Cen
181.0800837,-63.16569907,4.716,HIP 58867,-,θ 2 Crucis,4603,104841,Crux
181.1171171,85.58713112,6.265,HIP 58874,-,-,4606,104904,Cam
181.1620237,-68.32891127,5.52,HIP 58884,-,-,4604,104878A,Mus
181.1885822,-59.25325091,6.2,HIP 58901,-,-,-,104900,Crux
181.1936285,-76.51906248,5.024,HIP 58905,-,κ Chamaeleontis,4605,104902,Cha
181.2383941,-60.96825307,5.96,HIP 58921,-,-,4607,104933,Crux
181.302216,8.733018577,4.12,HIP 58948,-,ο Virginis,4608,104979,Vir
181.4154203,62.93311851,6.13,HIP 58989,-,-,4610,105043,UMa
181.4734167,-65.54687615,6.303,HIP 59003,-,-,4611,105071,Mus
181.4860933,-35.69391961,6.226,HIP 59008,-,311 G. Hya,4612,105078,Hya
181.4992268,-3.131590931,6.364,HIP 59010,-,33 G. Vir,4613,105089,Vir
181.5830203,-68.65140505,6.226,HIP 59046,-,-,4614,105138,Mus
181.5958751,-65.70944583,6.06,HIP 59050,-,-,4615,105151,Mus
181.7204089,-64.6137307,4.136,HIP 59072,-,η Crucis,4616,105211,Crux
181.9578155,-75.36701806,5.165,HIP 59151,-,λ Cha,4617,105340,Mus
182.0202759,-50.76364701,6.362,-,-,-,4619,105383,Cen
182.0217594,-50.66127096,4.47,HIP 59173,-,V863 Cen,4618,105382,Cen
182.0612693,-48.6925114,5.34,HIP 59184,-,E Cen,4620,105416,Cen
182.0895735,-50.72242739,2.52,HIP 59196,-,δ Centauri,4621,105435,Cen
182.1030464,-60.84712988,6.184,HIP 59200,-,-,4622,105437,Crux
182.1034053,-24.7288756,4.01,HIP 59199,Alchiba,α Corvi,4623,105452,Crv
182.2241701,-44.3259899,5.746,HIP 59229,-,V788 Cen,4624,105509,Cen
182.2274554,-41.23160328,5.498,HIP 59232,-,V817 Cen,4625,105521,Cen
182.4461762,74.66135534,6.34,HIP 59291,-,-,4627,105678,Dra
182.5106187,-34.70474365,6.17,HIP 59307,-,315 G. Hya,4628,105686,Hya
182.5106662,-34.70477431,6.35,-,-,-,4628,105686A,Hya
182.5311691,-22.61976722,2.98,HIP 59316,-,ϵ Corvi,4630,105707,Crv
182.6318367,16.80927057,6.387,HIP 59352,-,3 Com,4632,105778,Com
182.6409048,-37.8703492,6.063,HIP 59353,-,97 G. Cen,4631,105776,Cen
182.6920632,27.2815061,5.987,HIP 59364,-,-,4633,105805,Com
182.749915,81.70983059,5.955,HIP 59384,-,-,4639,105943,Cam
182.7550637,-68.26097421,6.48,HIP 59389,-,-,-,105822,Mus
182.7659958,-23.60242107,5.47,HIP 59394,-,3 Crv,4635,105850,Crv
182.7712754,-61.27742445,6.071,HIP 59396,-,-,4634,105841,Crux
182.881189,-51.35933241,6.23,HIP 59439,-,100 G. Cen,4637,105920,Cen
182.9129989,-52.36844012,3.96,HIP 59449,-,ρ Centauri,4638,105937,Cen
182.9371055,57.0544048,6.31,HIP 59458,-,68 UMa,4641,106002,UMa
182.9632362,25.87027986,5.62,HIP 59468,-,4 Com,4640,105981,Com
183.0042355,28.53631325,6.457,HIP 59489,-,-,4642,106022,Com
183.0387067,20.54206199,5.55,HIP 59501,-,5 Com,4643,106057,Com
183.0497692,77.61624118,5.137,HIP 59504,-,-,4646,106112,Cam
183.0915828,-62.95077388,5.98,HIP 59517,-,-,4644,106068,Crux
183.3039349,-34.12527719,6.47,HIP 59588,-,V335 Hya,4647,106198,Hya
183.3543202,-38.92918577,5.75,HIP 59607,-,102 G. Cen,4648,106231,Cen
183.3580802,10.2623397,5.829,HIP 59608,-,12 Vir,4650,106251,Vir
183.4033576,-33.79291962,6.46,HIP 59622,-,317 G. Hya,4651,106257A,Hya
183.4852621,-78.57393654,6.337,HIP 59647,-,-,4649,106248,Cha
183.5112392,-45.72391629,5.6,HIP 59654,-,* D Cen A,4652,106321,Cen
183.5112394,-45.72391615,5.31,HIP 59654,-,D Cen,4652,106321,Cen
183.5705241,-64.40851926,6.235,HIP 59678,-,DL Cru,4653,106343,Crux
183.6808762,53.43462674,6.171,HIP 59708,-,1 CVn,4654,106478,UMa
183.7482348,-20.84423547,5.807,HIP 59728,-,-,4655,106485,Crv
183.7766638,-29.23725675,6.49,HIP 59742,-,-,-,106500,Hya
183.7853831,70.2000085,5.719,HIP 59746,-,-,4659,106574,Dra
183.786327,-58.74892408,2.752,HIP 59747,Imai,δ Crucis,4656,106490,Crux
183.7939888,-10.31239873,6.11,HIP 59750,-,41 G. Vir,4657,106516,Vir
183.8344635,87.70011846,6.259,HIP 59767,-,UY UMi,4686,107192,UMi
183.8564994,57.03261698,3.32,HIP 59774,Megrez,δ Ursae Majoris,4660,106591,UMa
183.8768717,-41.91327819,6.23,HIP 59785,-,104 G. Cen,4658,106572,Cen
183.9228788,72.55119672,6.29,HIP 59796,-,DK Dra,4665,106677,Dra
183.951545,-17.54193046,2.58,HIP 59803,Gienah,γ Corvi,4662,106625,Crv
184.0007774,14.8990679,5.09,HIP 59819,-,6 Com,4663,106661,Com
184.0314544,40.66017864,5.66,HIP 59831,-,2 CVn,4666,106690,CVn
184.0855764,23.94540728,4.86,HIP 59847,-,7 Com,4667,106714,Com
184.0958,14.8433,5.1,-,-,FAUST 3058,-,-,Com
184.0992252,-72.61449897,6.196,HIP 59851,-,-,4664,106676,Mus
184.1255573,33.06150801,4.94,HIP 59856,-,-,4668,106760,Com
184.2638864,-16.6937356,6.07,HIP 59895,-,-,4670,106819,Crv
184.2762907,-65.69295965,6.054,HIP 59898,-,-,4669,106797,Mus
184.3733331,53.1913319,5.81,HIP 59920,-,-,4672,106884,UMa
184.3773911,28.9371919,5.7,HIP 59923,-,-,4673,106887,Com
184.3928152,-67.96073681,4.02,HIP 59929,-,ϵ Muscae,4671,106849,Mus
184.4344164,15.14469721,6.32,HIP 59941,-,-,4676,106926,Com
184.4469402,-36.09397866,6.14,HIP 59950,-,106 G. Cen,4675,106922,Cen
184.5398853,-3.948780722,5.99,HIP 59984,-,-,4678,106976,Vir
184.5867696,-79.31223407,4.229,HIP 60000,-,β Chamaeleontis,4674,106911,Cha
184.609342,-64.00308537,4.05,HIP 60009,-,ζ Crucis,4679,106983,Crux
184.6317503,30.24904693,6.226,HIP 60018,-,-,4680,107054,Com
184.6679895,-0.787184319,5.897,HIP 60030,-,13 Vir,4681,107070,Vir
184.7082716,75.16056071,5.46,HIP 60044,-,-,4687,107193,Dra
184.749007,-55.14298044,5.01,HIP 60059,-,F Cen,4682,107079,Cen
184.7584376,26.00835016,6.433,HIP 60066,-,FM Com,4684,107131,Com
184.8299708,23.03467272,6.22,HIP 60087,-,8 Com,4685,107168,Com
184.9529608,48.98414637,5.29,HIP 60122,-,3 CVn,4690,107274,CVn
184.9764267,-0.666796198,3.9,HIP 60129,Zaniah,η Virginis,4689,107259,Vir
185.044877,-22.17571803,5.97,HIP 60157,-,-,4691,107295,Crv
185.0739679,26.00187456,6.1,HIP 60168,-,-,4694,107326,Com
185.0819874,26.61947941,5.51,HIP 60170,-,-,4693,107325,Com
185.0874225,3.312570894,4.96,HIP 60172,-,16 Vir,4695,107328,Vir
185.1175905,-65.84265783,6.186,HIP 60183,-,-,4692,107301,Mus
185.1401749,-22.21590047,5.21,HIP 60189,-,ζ Corvi,4696,107348,Crv
185.179274,17.79286875,4.74,HIP 60202,-,11 Com,4697,107383,Com
185.2029778,15.54099574,6.45,HIP 60210,-,-,-,107415,Com
185.2120117,57.86411906,5.524,HIP 60212,-,70 UMa,4701,107465,UMa
185.232135,-13.56572683,5.139,HIP 60221,-,-,4699,107418,Crv
185.3400339,-60.40114813,3.57,HIP 60260,Ginan,ϵ Crucis,4700,107446,Crux
185.4843753,47.18220363,6.325,HIP 60305,-,-,-,107610,CVn
185.4892818,-56.37438487,5.884,HIP 60308,-,-,4702,107543,Crux
185.5305794,-67.52210359,5.146,HIP 60320,-,ζ 2 Muscae,4703,107566,Mus
185.545112,24.77386624,6.162,HIP 60327,-,-,4705,107655,Com
185.5501205,-68.30733591,5.723,HIP 60329,-,ζ 1 Muscae,4704,107567,Mus
185.6262975,25.84615768,4.81,HIP 60351,-,12 Com A,4707,107700,Com
185.6334915,5.305446631,6.47,HIP 60353,-,17 Vir,4708,107705,Vir
185.7059658,-57.67613024,5.366,HIP 60379,-,-,4706,107696,Crux
185.8078745,-67.63154805,6.39,HIP 60417,-,-,4710,107773,Mus
185.8140269,-4.974502323,6.46,HIP 60418,-,49 G. Vir,-,107794,Vir
185.8286128,-11.81211836,6.494,HIP 60421,-,TT Crv,-,107814,Crv
185.8399486,-24.8406704,5.658,HIP 60425,-,6 Crv,4711,107815,Crv
185.8975814,-35.41267667,5.311,HIP 60449,-,x1 Cen,4712,107832,Cen
185.9030963,-39.30236157,6.381,HIP 60454,-,112 G. Cen,4713,107833,Cen
185.9070413,-61.62912558,6.42,HIP 60455,-,-,-,107805,Crux
185.9364479,-38.91137824,5.782,HIP 60463,-,114 G. Cen,4714,107860,Cen
185.9458837,42.54273951,6.022,HIP 60467,-,4 CVn,4715,107904,CVn
185.9492839,-30.33541731,6.42,HIP 60468,-,320 G. Hya,-,107869,Hya
186.0062262,51.56225684,4.761,HIP 60485,-,5 CVn,4716,107950,CVn
186.0772871,26.09858928,5.18,HIP 60514,-,13 Com,4717,107966,Com
186.1863305,-41.38429252,6.327,HIP 60549,-,116 G. Cen,4718,107998,Cen
186.2633675,56.77782817,5.81,HIP 60584,-,71 UMa,4726,108135,UMa
186.2765059,63.80277893,6.308,HIP 60589,-,-,4727,108150,Dra
186.2854921,-42.51431291,6.094,HIP 60591,-,-,4721,108063,Cen
186.2990188,-11.6105885,5.926,HIP 60595,-,50 G. Vir,4722,108107,Vir
186.3129518,23.92620139,6.02,HIP 60599,-,-,4725,108123,Com
186.3230508,-65.76985501,6.304,HIP 60601,-,-,4720,108054,Mus
186.3267102,-27.74900369,6.081,HIP 60603,-,322 G. Hya,4723,108110,Hya
186.3405606,-35.18641625,5.707,HIP 60610,-,x2 Cen,4724,108114,Cen
186.4093071,-86.15061575,6.329,HIP 60638,-,-,4709,107739,Oct
186.462244,39.01861565,5.01,HIP 60646,-,6 CVn,4728,108225,CVn
186.6002684,27.26823884,4.95,HIP 60697,-,14 Com,4733,108283,Com
186.6286788,-63.12223532,4.822,-,-,-,4729,108250,Crux
186.6323335,-51.45063581,4.808,HIP 60710,-,G Cen,4732,108257,Cen
186.649563,-63.0990929,0.76,HIP 60718,Acrux,-,-,-,Crux
186.649567,-63.099092,1.28,-,-,* alf01 Cru,4730,108248,Crux
186.651842,-63.099522,1.58,-,-,* alf02 Cru,4731,108249,Crux
186.7005906,-48.91319431,6.26,HIP 60729,-,120 G. Cen,4734,108309,Cen
186.7153831,-32.83012395,5.558,HIP 60735,-,323 G. Hya,4735,108323,Hya
186.7344688,28.2684218,4.34,HIP 60742,-,γ Comae Berenices,4737,108381,Com
186.7470679,26.8257017,4.959,HIP 60746,-,16 Com,4738,108382,Com
186.8534411,-63.78898491,6.023,HIP 60771,-,-,4736,108355,Crux
186.870151,-58.31644846,6.33,HIP 60780,-,-,-,108395,Crux
186.8703194,-58.991771,5.5,HIP 60781,-,BL Cru,4739,108396,Crux
186.8962625,55.71272339,5.7,HIP 60795,-,73 UMa,4745,108502,UMa
186.9253402,8.610343691,6.342,HIP 60804,-,51 G. Vir,4741,108471,Vir
186.9560304,-16.63184436,6.294,HIP 60809,-,-,4742,108477,Crv
186.9647808,-4.615276771,6.21,HIP 60813,-,FT Vir,4746,108506,Vir
187.0099255,-50.23063797,3.91,HIP 60823,-,σ Centauri,4743,108483,Cen
187.0802518,-64.34098954,6.09,HIP 60851,-,-,4744,108501,Crux
187.0936132,-39.04116403,5.439,HIP 60855,-,u Cen,4748,108541,Cen
187.1070196,-61.79484175,6.22,HIP 60861,-,-,4747,108530,Crux
187.1399756,-56.40781766,6.13,HIP 60870,-,-,4749,108570,Crux
187.227926,25.91285161,5.236,HIP 60904,-,17 Com,4752,108662,Com
187.3626767,24.10892284,5.468,HIP 60941,-,18 Com,4753,108722,Com
187.4301669,20.89610812,5.679,HIP 60957,-,20 Com,4756,108765,Com
187.4660632,-16.51543126,2.94,HIP 60965,Algorab,δ Corvi,4757,108767,Crv
187.4758296,-56.52493763,5.776,HIP 60969,-,-,4754,108732,Crux
187.488843,58.40574114,5.347,HIP 60978,-,74 UMa,4760,108844,UMa
187.4912099,-41.73589734,6.02,HIP 60979,-,V928 Cen,4755,108759,Cen
187.5177464,58.7677749,6.065,HIP 60992,-,75 UMa,4762,108861,UMa
187.5198933,-13.39319005,6.49,-,-,-,4758,108799A,Crv
187.5277583,69.20110395,4.95,HIP 60998,-,CQ Dra,4765,108907,Dra
187.5726888,-23.69641819,5.63,HIP 61015,-,-,4759,108821,Crv
187.7523354,24.5671659,5.436,HIP 61071,-,21 Com,4766,108945,Com
187.7914984,-57.11321346,1.64,HIP 61084,Gacrux,γ Crucis,4763,108903,Crux
187.8196379,-57.08133314,6.45,-,-,-,4764,108925,Crux
187.8392284,7.604308601,6.034,HIP 61103,-,56 G. Vir,4770,108985,Vir
187.9113387,-5.052593174,6.172,HIP 61134,-,57 G. Vir,4772,109014,Vir
187.9180432,-59.42392353,5.53,HIP 61136,-,BG Cru,4768,108968,Crux
187.9838002,-63.50583932,5.946,HIP 61158,-,-,4771,109000,Crux
188.01761,-16.19600517,4.294,HIP 61174,-,η Corvi,4775,109085,Crv
188.0182878,-32.53376185,6.46,HIP 61172,-,325 G. Hya,4774,109074,Hya
188.0415655,-73.00105682,5.874,HIP 61181,-,-,4769,108970,Mus
188.1167205,-72.13298979,3.88,HIP 61199,-,γ Muscae,4773,109026,Mus
188.1366779,-21.21211606,6.39,HIP 61208,-,-,-,109132,Crv
188.1499946,-13.85910672,5.726,HIP 61212,-,-,4776,109141,Crv
188.2619948,10.29567038,6.28,HIP 61246,-,20 Vir,4777,109217,Vir
188.3426941,-19.79248494,6.254,HIP 61270,-,-,4778,109238,Crv
188.3705972,69.78823886,3.89,HIP 61281,-,κ Draconis,4787,109387,Dra
188.3742373,38.06904149,6.49,HIP 61283,-,-,-,109305,CVn
188.3925805,24.28298333,6.243,HIP 61295,-,22 Com,4780,109307,Com
188.3927449,-12.83020443,5.582,HIP 61296,-,-,4779,109272,Crv
188.4121645,33.24758182,5.38,HIP 61309,-,-,4783,109317,CVn
188.435601,41.35747815,4.25,HIP 61317,Chara,β Canum Venaticorum,4785,109358,CVn
188.4447856,-9.452077371,5.48,HIP 61318,-,21 Vir,4781,109309,Vir
188.4475601,33.38466782,6.23,HIP 61320,-,-,4784,109345,CVn
188.4962781,-49.90981324,6.38,HIP 61328,-,126 G. Cen,4782,109312,Cen
188.5968122,-23.39676022,2.64,HIP 61359,Kraz,β Corvi,4786,109379,Crv
188.6766398,-44.67301874,5.76,HIP 61379,-,127 G. Cen,4788,109409,Cen
188.6834137,70.02177925,4.946,HIP 61384,-,6 Dra,4795,109551,Dra
188.7128034,22.629206,4.773,HIP 61394,Phyllon Kissinou,23 Com,4789,109485,Com
188.7268484,-67.75689641,6.23,HIP 61404,-,BO Mus,-,109372,Mus
188.7542,36.3717,6.3,-,-,C 1232+365,-,-,CVn
188.7764382,18.37709229,6.276,HIP 61415,-,-,4791,109510,Com
188.7823356,18.37705855,5.02,HIP 61418,-,24 Com A,4792,109511,Com
188.784029,21.88138552,5.86,HIP 61420,-,-,4793,109519,Com
188.8726799,-61.84152721,6.22,HIP 61443,-,-,4790,109492,Crux
188.9397159,-41.02194673,5.114,HIP 61468,-,128 G. Cen,4794,109536,Cen
188.9949834,-20.52747667,6.184,HIP 61496,-,TU Crv,4797,109585,Crv
189.0042989,-39.86950568,5.774,HIP 61498,-,129 G. Cen,4796,109573,Cen
189.097772,59.48693903,5.5,HIP 61532,-,-,4800,109729,UMa
189.1941537,-50.33539937,6.39,HIP 61557,-,130 G. Cen,-,109675,Cen
189.1973092,-5.831900545,5.88,HIP 61558,-,25 Vir,4799,109704,Vir
189.2430491,17.08953469,5.66,HIP 61571,-,25 Com,4801,109742,Com
189.2959079,-69.13556479,2.649,HIP 61585,-,α Muscae,4798,109668,Mus
189.4256837,-48.54130536,3.86,HIP 61622,-,τ Centauri,4802,109787,Cen
189.4261641,-27.13888553,5.41,HIP 61621,-,328 G. Hya,4803,109799,Hya
189.5183977,3.282444228,6.334,HIP 61637,-,68 G. Vir,4805,109860,Vir
189.5933571,1.854661019,5.71,HIP 61658,-,FW Vir,4807,109896,Vir
189.6858878,-18.25010345,5.982,HIP 61688,-,-,4809,109931,Crv
189.6928205,40.87466317,6.352,HIP 61692,-,9 CVn,4811,109980,CVn
189.7181632,-67.19304976,6.265,HIP 61703,-,KY Mus,4806,109867,Mus
189.7590812,22.65949807,6.37,HIP 61719,-,-,4812,109996,Com
189.7643786,-30.42237308,5.866,HIP 61720,-,329 G. Hya,4810,109960,Hya
189.7804274,21.06258338,5.49,HIP 61724,-,26 Com,4815,110024,Com
189.811529,-7.995564957,4.643,HIP 61740,-,χ Virginis,4813,110014,Vir
189.8202529,35.95195845,6.385,HIP 61748,-,-,4816,110066,CVn
189.9688714,-39.98730176,4.64,HIP 61789,-,l Cen,4817,110073,Cen
189.9827163,-66.51113637,6.252,HIP 61796,-,FH Mus,4814,110020,Mus
190.316469,-13.01389896,5.843,HIP 61910B,-,-,4821,110317,Crv
190.3176155,-13.01486931,5.822,HIP 61910A,-,-,4822,110318,Crv
190.3457698,-46.14558334,5.816,HIP 61916,-,133 G. Cen,4818,110287,Cen
190.3792307,-48.95957685,2.88,HIP 61932,-,* gam Cen B,4819,110304,Cen
190.3793073,-48.95991232,2.82,HIP 61932,-,* gam Cen A,4819,110304,Cen
190.3793337,-48.95987152,2.17,HIP 61932,-,γ Centauri,4819,110304,Cen
190.3912931,62.71303959,6.02,HIP 61936,-,76 UMa,4833,110462,UMa
190.3932997,10.42626903,6.215,HIP 61937,-,27 Vir,4824,110377,Vir
190.4147608,-1.449402127,3.49,-,-,* gam Vir B,4826,110380,Vir
190.4151176,-1.449403952,2.74,HIP 61941,Porrima,γ Virginis,4825,110379,Vir
190.4558033,-19.75909471,6.03,HIP 61951,-,-,4827,110385,Crv
190.4710706,10.23562571,4.88,HIP 61960,-,ρ Virginis,4828,110411,Vir
190.4857049,-59.68582068,4.94,HIP 61966,-,CH Cru,4823,110335,Crux
190.4879887,6.80661598,5.573,HIP 61968,-,31 Vir,4829,110423,Vir
190.520942,-69.40755492,6.33,HIP 61981,-,R Mus,4820,110311,Mus
190.6477138,-48.81311032,4.66,HIP 62012,-,w Cen,4831,110458,Cen
190.7073484,-55.94702754,6.057,HIP 62026,-,-,4832,110461,Crux
190.7094432,-63.05862583,5.31,HIP 62027,-,-,4830,110432,Crux
190.7672008,61.15542135,6.378,HIP 62046,-,-,4840,110678,UMa
190.7882443,-56.17622729,5.982,HIP 62058,-,-,4834,110506,Crux
190.8594321,-40.17784862,6.43,HIP 62081,-,137 G. Cen,4836,110575,Cen
190.8680065,-58.90274278,6.42,HIP 62084,-,-,4835,110532,Crux
190.9085398,-1.57699574,5.918,HIP 62103,-,79 G. Vir,4837,110646,Vir
190.9944534,-36.34915115,6.369,HIP 62128,-,138 G. Cen,4838,110653,Cen
191.0022137,-28.3239575,5.454,HIP 62131,-,330 G. Hya,4839,110666,Hya
191.1083962,80.62102025,6.34,HIP 62170,-,-,4852,111112,Cam
191.1129133,44.10300598,6.335,HIP 62172,-,-,4843,110834,CVn
191.2475207,39.27891615,5.95,HIP 62207,-,10 CVn,4845,110897,CVn
191.258562,-68.83075359,6.162,HIP 62212,-,-,4841,110716,Mus
191.2826087,45.44025731,4.87,HIP 62223,La Superba,-,4846,110914,CVn
191.4044103,7.673324956,5.207,HIP 62267,-,d2 Vir,4847,110951,Vir
191.4085486,-60.98132119,4.686,HIP 62268,-,ι Crucis,4842,110829,Crux
191.5699956,-68.10809999,3.55,HIP 62322,-,* bet Mus A,4844,110879,Mus
191.5705971,-68.10787541,4,HIP 62322,-,* bet Mus B,4844,110879,Mus
191.5946435,-56.48881549,4.62,HIP 62327,-,-,4848,110956,Crux
191.6615077,16.57768781,5.12,HIP 62356,-,27 Com,4851,111067,Com
191.6926163,-33.31548286,5.869,HIP 62360,-,140 G. Cen,4850,111032,Cen
191.7542,11.9483,6.1,-,-,FAUST 3461,-,-,Vir
191.7596226,5.950388318,6.34,HIP 62376,-,EP Vir,4854,111133,Vir
191.8068285,11.95808718,6.09,HIP 62394,-,34 Vir,4855,111164,Vir
191.8289604,62.78115317,5.89,HIP 62402,-,-,4859,111270,UMa
191.8892653,-6.301751978,6.26,HIP 62421,-,85 G. Vir,4856,111199,Vir
191.8930975,66.79030426,5.423,HIP 62423,Tianyi,-,4863,111335,Dra
191.9302866,-59.688772,1.25,HIP 62434,Mimosa,β Crucis,4853,111123,Crux
191.9642201,3.57271404,6.41,HIP 62443,-,35 Vir,4858,111239,Vir
191.9735194,-24.85165708,6.405,HIP 62448,-,332 G. Hya,4857,111226,Hya
192.1094064,-27.59738366,5.658,HIP 62500,-,333 G. Hya,4860,111295,Hya
192.1643625,60.31973274,5.831,HIP 62512,-,-,4867,111456,UMa
192.1741797,48.46684051,6.245,HIP 62516,-,11 CVn,4866,111421,CVn
192.2258881,14.12258653,5.681,HIP 62541,-,29 Com,4865,111397,Com
192.277792,83.41783925,5.85,HIP 62561,-,Σ 1694 B,4892,112014,Cam
192.3072281,83.41289781,5.35,HIP 62572,-,Σ 1694 A,4893,112028,Cam
192.3227115,27.55237868,5.78,HIP 62576,-,30 Com,4869,111469,Com
192.408482,48.74002475,6.495,HIP 62600,-,-,-,111572,CVn
192.4373341,-71.98624147,5.543,HIP 62608,-,-,4862,111315,Mus
192.5447502,37.51693878,5.872,HIP 62641,-,-,4875,111604,CVn
192.5720643,22.86341018,6.43,HIP 62653,-,-,4873,111591,Com
192.5811901,-48.45954385,6.257,HIP 62655,-,141 G. Cen,4871,111519,Cen
192.6715141,-33.99934796,4.894,HIP 62683,-,p Cen,4874,111597,Cen
192.7411573,-52.78742832,5.7,HIP 62703,-,142 G. Cen,4872,111588,Cen
192.8249001,-60.32978899,5.72,HIP 62732,-,DS Cru,4876,111613,Crux
192.8455514,-10.33820932,6.471,HIP 62743,-,88 G. Vir,4877,111720,Vir
192.9037068,3.056786728,6.003,HIP 62757,-,37 Vir,4878,111765,Vir
192.9246674,27.5407125,4.94,HIP 62763,-,31 Com,4883,111812,Com
192.9872129,-39.68043067,5.969,HIP 62786,-,145 G. Cen,4879,111774,Cen
192.9912367,-26.73827011,6.141,HIP 62788,-,MO Hya,4881,111786,Hya
193.0226396,-48.09427815,6.304,HIP 62799,-,144 G. Cen,4880,111775,Cen
193.0510708,17.07394141,6.28,HIP 62807,-,32 Com,4884,111862,Com
193.102455,-53.82993235,6.262,HIP 62821,-,147 G. Cen,4882,111790,Cen
193.1145786,16.12249517,6.285,HIP 62825,-,-,4886,111893,Com
193.2673527,-54.95247382,5.908,HIP 62861,-,148 G. Cen,4885,111884,Cen
193.2787764,-48.94331288,4.33,HIP 62867,-,e Cen,4888,111915,Cen
193.2964866,-3.553097573,6.11,HIP 62875,-,38 Vir,4891,111998,Vir
193.3239459,21.24494701,4.91,HIP 62886,-,35 Com,4894,112033,Com
193.323993,21.2449832,5.04,HIP 62886,-,* 35 Com A,4894,112033A,Com
193.3412268,-60.3284892,5.77,HIP 62894,-,-,4887,111904,Crux
193.3591321,-40.17891354,4.27,HIP 62896,-,n Cen,4889,111968,Cen
193.4088609,-4.224638557,6.439,HIP 62915,-,91 G. Vir,4896,112048,Vir
193.4538326,-60.37624162,5.94,HIP 62931,-,κ Crucis,4890,111973,Crux
193.457155,12.4183947,6.241,HIP 62933,-,41 Vir,4900,112097,Vir
193.50729,55.95982296,1.77,HIP 62956,Alioth,ϵ Ursae Majoris,4905,112185,UMa
193.5545195,33.53447947,6.3,HIP 62972,-,-,4904,112171,CVn
193.5777473,-11.64856981,5.975,HIP 62983,-,92 G. Vir,4901,112131,Vir
193.5881793,-9.538988925,4.8,HIP 62985,-,ψ Virginis,4902,112142,Vir
193.6484344,-57.1779247,4.04,HIP 63003,-,μ 1 Crucis,4898,112092,Crux
193.653684,-57.16866498,5.2,HIP 63005,-,μ 2 Crucis,4899,112091,Crux
193.6632614,-59.14670256,4.602,HIP 63007,-,λ Crucis,4897,112078,Crux
193.7355017,47.19672234,5.84,HIP 63024,-,TU CVn,4909,112264,CVn
193.7439308,-44.15193196,5.89,HIP 63033,-,151 G. Cen,4903,112164,Cen
193.745004,-85.12336368,5.83,HIP 63031 ,-,* iot Oct A,4870,111482,Oct
193.8309658,-42.91573321,5.445,HIP 63066,-,152 G. Cen,4906,112213,Cen
193.8689524,65.4384742,5.225,HIP 63076,Taiyi,-,4916,112429,Dra
193.9008693,3.397468904,3.38,HIP 63090,Minelauva,δ Virginis,4910,112300,Vir
193.9718468,-15.32702425,6.174,HIP 63109,-,-,4911,112304,Crv
193.9880568,-56.83580571,5.32,HIP 63117,-,-,4908,112244,Crux
194.001798,38.31485252,5.6,HIP 63121,-,α 1 Canum Venaticorum,4914,112412,CVn
194.00694,38.31837644,2.88,HIP 63125,Cor Caroli,α 2 Canum Venaticorum,4915,112413,CVn
194.0731858,54.0994903,6.02,-,-,-,4917,112486A,UMa
194.1079635,65.99439213,6.34,HIP 63152,-,-,-,112559,Dra
194.1320379,-72.18521307,5.928,HIP 63165,-,-,4907,112219,Mus
194.2425938,-54.58735518,6.485,HIP 63204,-,155 G. Cen,-,112381,Cen
194.2681309,-51.19875358,5.159,HIP 63210,-,H Cen,4913,112409,Cen
194.2824818,46.17679221,6.11,HIP 63211,-,-,4919,112570,CVn
194.3028072,-12.06694954,6.34,HIP 63220,-,98 G. Vir,-,112495,Vir
194.3880371,-22.75349932,6.303,HIP 63243,-,337 G. Hya,4918,112519,Hya
194.5785456,64.92553305,6.44,HIP 63297,-,-,-,112826,Dra
194.6972486,75.47252205,5.99,HIP 63340,-,-,4927,113049,Dra
194.7310124,17.40944286,5,HIP 63355,-,36 Com,4920,112769,Com
194.9147256,-3.811936952,5.791,HIP 63414,-,44 Vir,4921,112846,Vir
194.9794648,66.59726888,5.368,HIP 63432,-,9 Dra,4928,113092,Dra
195.0686227,30.78502207,4.88,HIP 63462,-,37 Com,4924,112989,Com
195.1360079,-33.50509649,6.007,HIP 63490,-,162 G. Cen,4922,112935,Cen
195.1497731,-3.368486503,6.07,HIP 63494,-,* 46 Vir A,4925,112992,Vir
195.1819908,56.36635401,5.02,HIP 63503,-,* 78 UMa A,4931,113139A,UMa
195.1820812,56.36633616,4.93,HIP 63503,-,78 UMa,4931,113139,UMa
195.2900637,17.12314658,5.93,HIP 63533,-,38 Com,4929,113095,Com
195.398762,54.9253611,2.22,HIP 65378,Mizar,ζ Ursae Majoris,5054,116656,UMa
195.5441542,10.95914872,2.79,HIP 63608,Vindemiatrix,ϵ Virginis,4932,113226,Vir
195.5677357,-71.54885898,3.61,HIP 63613,-,δ Muscae,4923,112985,Mus
195.7722198,-71.47572994,6.06,-,-,-,4930,113120A,Mus
195.7722326,-71.47573397,6.03,HIP 63688,-,LS Mus,4930,113120,Mus
195.8887713,-49.52726358,4.826,HIP 63724,-,ξ 1 Centauri,4933,113314,Cen
195.941946,-20.583356,6.3,-,-,-,4935,113415A,Vir
195.942133,-20.583511,6.32,-,-,-,4935,113415B,Vir
196.2009798,-41.1963237,6.249,HIP 63820,-,V789 Cen,4938,113523,Cen
196.2072722,73.02497109,6.41,HIP 63822,-,-,4950,113889,UMi
196.2777449,-47.1169079,6.426,HIP 63849,-,168 G. Cen,-,113537,Cen
196.3782419,-52.11566067,6.418,HIP 63883,-,V1154 Cen,4939,113602,Cen
196.4351481,35.79889994,5.195,HIP 63901,-,14 CVn,4943,113797,CVn
196.4677803,45.26855248,5.637,HIP 63916,-,-,4945,113847,CVn
196.5695986,-48.4632907,4.691,HIP 63945,-,f Cen,4940,113703,Cen
196.5885043,21.15339481,6.057,HIP 63948,-,* 39 Com A,4946,113848A,Com
196.5941751,22.61618697,5.61,HIP 63950,-,FS Com,4949,113866,Com
196.5953439,62.04186816,6.154,HIP 63952,-,-,4953,113994,UMa
196.6461756,-41.5884437,5.588,HIP 63972,-,172 G. Cen,4941,113778,Cen
196.7260704,-35.86202136,5.63,HIP 64003,-,176 G. Cen,4947,113852,Cen
196.7276642,-49.90624642,4.27,HIP 64004,-,ξ 2 Centauri,4942,113791,Cen
196.794708,27.62473762,4.69,HIP 64022,-,41 Com,4954,113996,Com
196.8512364,-59.86050662,5.98,HIP 64033,-,174 G. Cen,4944,113823,Cen
196.9095193,-53.45976383,5.698,HIP 64053,-,177 G. Cen,4951,113902,Cen
196.9734756,27.55595564,6.14,HIP 64077,-,-,4956,114092,Com
196.9742203,-10.7404087,5.151,HIP 64078,-,49 Vir,4955,114038,Vir
197.0298049,-65.30602206,5.53,HIP 64094,-,θ Muscae,4952,113904,Mus
197.0850113,-78.44602536,6.42,HIP 64108,-,-,-,113694,Cha
197.1159451,-67.79676338,6.34,HIP 64117,-,-,-,113919,Mus
197.1352755,-8.984382409,5.564,HIP 64122,-,g Vir,4957,114113,Vir
197.2636082,-23.11804387,4.934,HIP 64166,-,ψ Hydrae,4958,114149,Hya
197.3018115,10.02246778,5.782,HIP 64179,-,-,4960,114256,Vir
197.3093276,-9.538098167,6.32,HIP 64181,-,112 G. Vir,4959,114203,Vir
197.4110464,37.42311955,5.99,HIP 64212,-,-,4964,114357,CVn
197.4251334,38.53388407,6.28,HIP 64217,-,15 CVn,4967,114376,CVn
197.4386717,-10.32933968,5.943,HIP 64224,-,50 Vir,4961,114287,Vir
197.4493648,16.84861226,5.87,HIP 64226,-,-,4962,114326,Com
197.4874539,-5.539004065,4.397,HIP 64238,-,θ Virginis,4963,114330,Vir
197.4970217,17.52945526,4.32,HIP 64241,Diadem,α 1 Comae Berenices,4968,114378,Com
197.4970229,17.52940457,4.8,HIP 64241,Diadem A,* alf Com A,4968,114378,Com
197.4970363,17.52951245,5.48,HIP 64241,Diadem B,* alf Com B,4969,114379,Com
197.5134003,38.49898095,5.91,HIP 64246,-,17 CVn,4971,114447,CVn
197.7434686,-52.56689803,6.026,HIP 64320,-,V824 Cen,4965,114365,Cen
197.7870037,-42.23290045,5.772,HIP 64332,-,181 G. Cen,4970,114435,Cen
197.8467328,-43.36855502,5.231,HIP 64348,-,182 G. Cen,4973,114474,Cen
197.913325,-26.55172347,6.5,HIP 64375,-,342 G. Hya,4978,114576,Hya
197.9643366,-69.94201586,5.906,HIP 64390,-,-,4966,114371,Mus
197.9683076,27.87818397,4.25,HIP 64394,-,β Comae Berenices,4983,114710,Com
197.9711208,-63.30299752,6.338,HIP 64395,-,180 G. Cen,4972,114461,Cen
198.0132679,-37.8030222,4.85,HIP 64408,-,185 G. Cen,4979,114613,Cen
198.0147633,-16.19860297,5.04,HIP 64407,-,53 Vir,4981,114642,Vir
198.0350197,24.25804074,6.29,HIP 64417,-,-,4984,114724,Com
198.0732207,-59.92056301,4.593,HIP 64425,-,V831 Cen,4975,114529,Cen
198.1059696,80.47130804,6.33,HIP 64437,-,-,5009,115337,Cam
198.1371672,11.55609967,5.77,HIP 64445,-,-,4986,114780,Vir
198.1496282,18.75174955,6.49,HIP 64449,-,-,4987,114793,Com
198.2033448,-66.22674881,5.897,HIP 64466,-,-,4977,114570,Mus
198.2118238,-42.69972192,6.184,HIP 64472,-,187 G. Cen,4982,114707,Cen
198.2320444,-59.81659771,6.197,HIP 64478,-,186 G. Cen,4980,114630,Cen
198.3473036,-50.69982629,5.9,HIP 64515,-,189 G. Cen,4985,114772,Cen
198.4289237,40.15288503,4.94,HIP 64540,-,-,4997,115004,CVn
198.4903348,-43.13910904,6.147,HIP 64557,-,192 G. Cen,4991,114873,Cen
198.5453965,-19.93094567,5.33,HIP 64577,-,55 Vir,4995,114946,Vir
198.5503619,-58.68393907,5.9,HIP 64580,-,190 G. Cen,4988,114835,Cen
198.5631031,-59.10323723,4.93,HIP 64583,-,191 G. Cen,4989,114837,Cen
198.5722072,-78.44745449,5.839,HIP 64587,-,-,4976,114533,Cha
198.6303478,11.33165663,5.67,HIP 64607,-,LN Vir,4998,115046,Vir
198.6802791,-48.95703045,5.831,HIP 64623,-,193 G. Cen,4996,114971,Cen
198.7894077,-36.37141021,6.167,HIP 64651,-,194 G. Cen,4999,115050,Cen
198.8122304,-67.89459139,4.78,HIP 64661,-,η Muscae,4993,114911,Mus
198.8566557,-69.67928274,6.371,HIP 64682,-,-,4994,114912,Mus
198.8831241,40.85520269,5.777,HIP 64692,-,19 CVn,5004,115271,CVn
198.9948786,-19.94310036,5.22,HIP 64725,-,57 Vir,5001,115202,Vir
199.0595303,19.0517329,6.45,HIP 64751,-,-,5007,115319,Com
199.1193146,68.40799826,6.189,HIP 64774,-,-,5018,115612,Dra
199.1344173,19.78529798,6.423,HIP 64779,-,-,5010,115365,Com
199.1871019,-65.13825942,6.08,HIP 64790,-,-,5000,115149,Mus
199.2213828,-31.50620127,5.11,HIP 64803,-,r Cen,5006,115310,Cen
199.3042208,-66.78343903,4.846,HIP 64820,-,-,5002,115211,Mus
199.3080465,-43.97949851,5.803,HIP 64822,-,196 G. Cen,5008,115331,Cen
199.3151164,13.67575187,5.33,HIP 64823,-,-,5013,115478,Vir
199.3743792,-0.676073622,6.351,HIP 64838,-,129 G. Vir,5014,115488,Vir
199.3855881,40.57260677,4.698,HIP 64844,-,20 CVn,5017,115604,CVn
199.401194,5.469884093,4.8,HIP 64852,-,σ Virginis,5015,115521,Vir
199.5604564,49.68206367,5.15,HIP 64906,-,21 CVn,5023,115735,CVn
199.6013083,-18.31119382,4.74,HIP 64924,-,61 Vir,5019,115617,Vir
199.6155308,34.09830769,5.78,HIP 64927,-,-,5022,115723,CVn
199.6452728,-51.28577595,6.173,HIP 64933,-,198 G. Cen,5016,115529,Cen
199.7011529,-79.97601786,6.33,HIP 64951,-,-,-,115088,Cha
199.730407,-23.17151401,3,HIP 64962,-,γ Hydrae,5020,115659,Hya
199.7677134,35.12798105,6.02,HIP 64979,-,-,5025,115810,CVn
199.829092,-72.03560532,6.044,HIP 64994,-,-,5012,115439,Mus
200.0789629,40.15054653,5.6,HIP 65072,-,23 CVn,5032,116010,CVn
200.1459499,-59.77278243,6.193,HIP 65108,-,200 G. Cen,5024,115778,Cen
200.1492201,-36.71230458,2.73,HIP 65109,Kulou,ι Centauri,5028,115892,Cen
200.1576056,-52.74782482,5.443,HIP 65112,-,V964 Cen,5026,115823,Cen
200.2014139,-55.80068967,6.09,HIP 65129,-,203 G. Cen,5027,115842,Cen
200.2404185,-46.88000774,5.742,HIP 65144,-,205 G. Cen,5029,115912,Cen
200.3740406,-19.48929471,6.21,HIP 65183,-,135 G. Vir,5033,116061,Vir
200.4235244,2.087238927,5.687,HIP 65198,-,136 G. Vir,5037,116160,Vir
200.516345,43.90336842,6.332,HIP 65230,-,-,5045,116303,CVn
200.540437,5.154754305,5.873,HIP 65241,-,64 Vir,5040,116235,Vir
200.567859,-52.18295316,5.91,HIP 65247,-,209 G. Cen,5036,116084,Cen
200.6493755,-60.97210963,6.153,-,-,-,5034,116072,Cen
200.6580546,-60.9883806,4.509,HIP 65271,-,J Cen,5035,116087,Cen
200.7191844,-72.14671744,6.05,HIP 65289,-,-,5030,115967,Mus
200.7546445,-17.73527456,5.354,HIP 65301,-,63 Vir,5044,116292,Vir
200.7608308,-48.56278957,6.36,HIP 65303,-,210 G. Cen,5039,116226,Cen
200.7859674,-33.18987883,6.21,HIP 65311,-,213 G. Cen,5043,116278,Cen
200.828723,-4.924428274,5.858,HIP 65323,-,65 Vir,5047,116365,Vir
200.9671435,-49.82281085,6.464,HIP 65372,-,-,5046,116338,Cen
200.9747068,37.03392145,6.14,HIP 65376,-,CL CVn,5052,116581,CVn
200.9814262,54.92535988,2.22,HIP 65378A,-,-,-,-,UMa
200.9846746,54.92180938,3.88,HIP 65378B,-,-,-,-,UMa
200.987845,-20.92458437,6.49,HIP 65381,-,141 G. Vir,-,116429,Vir
201.0020112,-64.53566986,4.52,HIP 65387,-,m Cen,5041,116243,Cen
201.1272744,12.43182481,6.44,HIP 65417,-,-,5053,116594,Vir
201.1385357,-5.164001242,5.749,HIP 65420,-,66 Vir,5050,116568,Vir
201.2778254,23.85442013,5.745,HIP 65466,-,-,5057,116706,Com
201.2796621,-74.88781948,5.04,HIP 65468,-,ι 1 Muscae,5042,116244,Mus
201.2982474,-11.16131949,0.97,HIP 65474,Spica,α Virginis,5056,116658,Vir
201.3064076,54.98795966,4.01,HIP 65477,Alcor,-,5062,116842,UMa
201.3080271,-64.48514919,5.312,HIP 65479,-,215 G. Cen,5048,116457,Cen
201.4595882,-70.62725256,5.651,HIP 65522,-,-,5049,116458,Mus
201.5325011,-39.75508583,5.09,HIP 65535,-,217 G. Cen,5058,116713,Cen
201.5336068,72.39147394,5.79,HIP 65536,-,-,5073,117187,UMi
201.5475624,-1.192472856,5.965,HIP 65545,-,146 G. Vir,5059,116831,Vir
201.5691764,46.02805688,5.873,HIP 65550,-,-,5067,116957,CVn
201.6798606,-12.7076629,5.25,HIP 65581,-,68 Vir,5064,116870,Vir
201.697,-47.47947,3.9,-,-,ω Cen,-,116790,Cen
201.733818,-41.49756103,5.656,HIP 65593,-,221 G. Cen,5060,116835,Cen
201.7366812,78.64387012,5.742,HIP 65595,-,-,5091,117566,Cam
201.7766077,-49.14370968,6.31,HIP 65606,-,220 G. Cen,5061,116836,Cen
201.8110816,-40.16266259,6.405,HIP 65621,-,223 G. Cen,5065,116873,Cen
201.8360654,-49.38129146,6.257,HIP 65630,-,222 G. Cen,5063,116862,Cen
201.8631835,-15.97357934,4.75,HIP 65639,-,69 Vir,5068,116976,Vir
201.9984544,52.74558829,6.345,HIP 65678,-,-,5076,117242,UMa
202.0078383,-26.40223587,6.49,HIP 65682,-,346 G. Hya,-,117033,Hya
202.0491229,50.58728696,6.43,HIP 65698,-,-,5079,117281,CVn
202.1075358,13.77878842,4.97,HIP 65721,-,70 Vir,5072,117176,Vir
202.1093394,40.72964445,6.49,HIP 65723,-,-,5077,117261,CVn
202.1128583,59.94578694,5.4,HIP 65728,-,-,5085,117376,UMa
202.1909627,50.7185734,6.417,HIP 65754,-,-,5083,117361,CVn
202.1949446,-69.62712095,6.179,HIP 65755,-,-,5066,116890,Mus
202.27127,11.75134,4.7,-,-,NAME NGC 5171 Group,-,-,Vir
202.2829578,-64.67580074,6.07,HIP 65783,-,-,5069,117025,Mus
202.3041691,10.81830919,5.646,HIP 65790,-,71 Vir,5081,117304,Vir
202.3121486,-1.364427294,6.419,HIP 65796,-,150 G. Vir,5078,117267,Vir
202.3552261,-51.16513153,5.03,HIP 65810,-,K Cen,5071,117150,Cen
202.4282507,-23.2813199,4.97,HIP 65835,-,R Hya,5080,117287,Hya
202.500337,7.17885315,6.167,HIP 65862,-,153 G. Vir,5086,117404,Vir
202.6071823,-6.47026596,6.098,HIP 65892,-,72 Vir,5088,117436,Vir
202.7610691,-39.40730528,3.88,HIP 65936,-,d Cen,5089,117440,Cen
202.8156931,42.10615346,6.065,HIP 65951,-,-,5096,117710,CVn
202.8882005,-28.11273674,6.478,HIP 65969,-,348 G. Hya,5090,117558,Hya
202.8892108,-61.58236629,6.49,HIP 65970,-,-,-,117399,Cen
202.9911861,-6.255817661,4.69,HIP 66006,Apamvatsa,74 Vir,5095,117675,Vir
203.0116937,-18.72887784,5.998,HIP 66015,-,73 Vir,5094,117661,Vir
203.0226078,-38.39885093,6.148,HIP 66019,-,229 G. Cen,5092,117597,Cen
203.1436098,-29.5652616,6.436,HIP 66060,-,349 G. Hya,5098,117718,Hya
203.1495734,-28.69276767,5.69,HIP 66065,-,350 G. Hya,5097,117716,Hya
203.200891,24.34674377,6.1,HIP 66086,-,-,5102,117876,Com
203.2151782,-15.3630135,5.529,HIP 66091,-,75 Vir,5099,117789,Vir
203.241965,-10.16499863,5.21,HIP 66098,-,76 Vir,5100,117818,Vir
203.361739,-64.86474021,6.5,-,-,-,-,117630,Mus
203.3994618,-65.63268658,6.354,HIP 66152,-,-,5093,117651,Mus
203.5304391,55.34843462,5.588,HIP 66198,-,81 UMa,5109,118214,UMa
203.5330469,3.658969156,4.94,HIP 66200,-,78 Vir,5105,118022,Vir
203.5911073,38.78926284,6.37,HIP 66223,-,-,5108,118156,CVn
203.6135831,49.01597197,4.7,HIP 66234,-,24 CVn,5112,118232,CVn
203.6206539,-48.27216169,6.319,HIP 66236,-,232 G. Cen,5103,117919,Cen
203.6685425,-13.21432543,5.932,HIP 66247,-,y Vir,5106,118054,Vir
203.6732973,-0.595816416,3.38,HIP 66249,Heze,ζ Virginis,5107,118098,Vir
203.6781343,76.54670893,6.47,HIP 66251,-,-,5131,118686,Cam
203.6815662,-33.31085516,6.462,HIP 66254,-,233 G. Cen,5104,118010,Cen
203.6992032,37.1824144,4.98,HIP 66257,-,-,5110,118216,CVn
203.8804012,-5.396191372,5.706,HIP 66320,-,80 Vir,5111,118219,Vir
203.8892726,10.20496134,6.486,HIP 66326,-,-,5114,118266,Vir
204.1662394,49.4866497,6.46,HIP 66385,-,-,5126,118536,UMa
204.2018893,-26.49519737,5.78,HIP 66400,-,351 G. Hya,5120,118349,Hya
204.2107119,-34.46783816,6.476,HIP 66405,-,237 G. Cen,5117,118319,Cen
204.2461764,24.61329686,5.69,HIP 66417,-,-,5123,118508,Bootes
204.275046,-44.14320258,5.957,HIP 66427,-,236 G. Cen,5118,118338,Cen
204.2957819,71.24224931,5.496,HIP 66435,-,-,5139,118904,UMi
204.3016622,-61.69185436,5.92,HIP 66438A,-,-,-,-,Cen
204.347817,-46.42789785,5.889,HIP 66454,-,239 G. Cen,5121,118354,Cen
204.3651119,36.29489795,4.95,HIP 66458,-,* 25 CVn A,5127,118623A,CVn
204.4288654,50.71484134,6.45,HIP 66475,-,-,5133,118741,UMa
204.5317748,-58.41465032,6.45,HIP 66521,-,238 G. Cen,5122,118384,Cen
204.532868,14.30192565,6.489,HIP 66522,-,-,5129,118660,Bootes
204.6752958,-29.56086753,5.81,HIP 66563,-,354 G. Hya,5128,118646,Hya
204.6904828,-70.44483128,6.097,HIP 66574,-,-,5119,118344,Mus
204.703971,-57.62271583,6,HIP 66575,-,242 G. Cen,5124,118520,Cen
204.7595183,18.26532009,6.46,HIP 66594,-,-,5137,118839,Bootes
204.799959,-75.68378132,6.323,HIP 66607,-,DY Cha,5115,118285,Cha
204.812123,51.80421288,6.48,HIP 66613,-,-,-,118970,UMa
204.8768664,52.92120763,5.456,HIP 66634,-,82 UMa,5142,119024,UMa
204.8942339,10.74627298,5.58,HIP 66640,-,-,5138,118889,Bootes
204.9201762,-39.74758749,6.36,HIP 66645,-,V765 Cen,5135,118781,Cen
204.9522844,-40.0517074,5.603,HIP 66656,-,248 G. Cen,5136,118799,Cen
204.9719072,-53.46639115,2.3,HIP 66657,-,ϵ Centauri,5132,118716,Cen
204.9991969,-49.94995975,6,HIP 66666,-,V744 Cen,5134,118767,Cen
205.0446156,-64.57655332,5.785,HIP 66681,-,243 G. Cen,5130,118666,Cen
205.0649078,31.01203572,6.2,HIP 66690,-,-,5143,119035,CVn
205.0891034,57.20760413,6.273,HIP 66700,-,CQ UMa,5153,119213,UMa
205.0968004,50.51941502,6.32,HIP 66704,-,-,5148,119124,UMa
205.1628235,28.06516245,6.18,HIP 66725,-,-,5145,119081,CVn
205.1686218,19.95571831,5.76,HIP 66727,-,1 Boo,5144,119055,Bootes
205.1844697,54.68163501,4.66,HIP 66738,-,83 UMa,5154,119228,UMa
205.2311806,-85.78604227,5.555,HIP 66753,-,κ Octantis,5084,117374,Oct
205.2597768,22.49577054,5.58,HIP 66763,-,2 Boo,5149,119126,Bootes
205.3745531,64.82241093,5.85,HIP 66798,-,-,5162,119476,Dra
205.4032087,-8.702980285,5.01,HIP 66803,-,82 Vir,5150,119149,Vir
205.4365434,-54.55942631,5.217,HIP 66821,-,* Q Cen A,5141,118991A,Cen
205.4398481,-33.59737778,6.05,HIP 66825,-,-,5147,119090,Cen
205.5045179,-58.78708772,5.372,HIP 66849,-,251 G. Cen,5140,118978,Cen
205.54842,28.37728,6.39,-,-,M 3,-,-,CVn
205.5965976,82.75241953,5.913,HIP 66878,-,-,5203,120565,Cam
205.6200268,41.67428499,6.289,HIP 66892,-,-,5160,119445,CVn
205.6633401,78.06443889,5.899,HIP 66903,-,-,5184,120084,UMi
205.680957,34.98902069,5.96,HIP 66907,-,-,5161,119458,CVn
205.72764,-50.79023471,6.41,HIP 66923,-,254 G. Cen,5152,119193,Cen
205.7291725,-41.40109974,5.956,HIP 66924,-,256 G. Cen,5155,119250,Cen
205.7337931,-56.76796844,6,HIP 66925,-,253 G. Cen,5151,119159,Cen
205.7654656,3.537900048,5.423,HIP 66936,-,84 Vir,5159,119425,Vir
205.9170182,-42.06752069,5.97,HIP 66984,-,258 G. Cen,5157,119361,Cen
205.9381812,22.70042483,6.09,HIP 66992,-,-,5164,119584,Bootes
205.9759886,-5.498936773,6.498,HIP 67004,-,-,5163,119537,Vir
205.9782422,52.06441337,6.018,HIP 67005,-,-,5169,119765,UMa
205.9889431,-59.23598518,6.49,HIP 67008,-,-,-,119283,Cen
206.0666771,-51.01245074,6.44,HIP 67036,-,V827 Cen,5158,119419,Cen
206.1242785,-16.17907284,5.567,HIP 67057,-,83 Vir,5165,119605,Vir
206.190266,-25.50093399,6.205,HIP 67071,-,356 G. Hya,5166,119623,Hya
206.3059795,10.32530706,6.41,HIP 67104,-,-,-,119784,Bootes
206.3961127,-15.76746877,6.179,HIP 67139,-,85 Vir,5170,119786,Vir
206.4037134,-26.11601025,5.795,HIP 67143,-,357 G. Hya,5167,119752,Hya
206.4218497,-33.04371697,4.23,HIP 67153,-,1 Cen,5168,119756,Cen
206.4846609,-12.42653544,5.57,HIP 67172,-,* 86 Vir A,5173,119853A,Vir
206.5564399,41.08874463,5.877,HIP 67194,-,-,5179,120047,CVn
206.5603933,-54.6833672,6.42,HIP 67199,-,263 G. Cen,-,119727,Cen
206.5794237,38.50362347,5.919,HIP 67210,-,-,5180,120048,CVn
206.614,-62.916,5.9,-,-,NGC 5281,-,-,Cen
206.6485699,54.43267877,5.675,HIP 67231,-,84 UMa,5187,120198,UMa
206.6640797,-51.43275733,4.632,HIP 67234,-,M Cen,5172,119834,Cen
206.680514,25.70223748,5.965,HIP 67239,-,3 Boo,5182,120064,Bootes
206.734799,-36.25193335,5.147,HIP 67244,-,z Cen,5174,119921,Cen
206.7490615,38.54269588,5.501,HIP 67250,-,-,5186,120164,CVn
206.8058022,-9.709446663,6.049,HIP 67271,-,183 G. Vir,5178,120033,Vir
206.8155757,17.45689154,4.49,HIP 67275,-,τ Boötis,5185,120136,Bootes
206.855797,-17.85983849,5.43,HIP 67288,-,87 Vir,5181,120052,Vir
206.8651568,-50.24928736,5.91,HIP 67292,-,268 G. Cen,5175,119938,Cen
206.8851573,49.31326673,1.86,HIP 67301,Alkaid,η Ursae Majoris,5191,120315,UMa
206.910579,-50.32068842,5.446,HIP 67304,-,269 G. Cen,5176,119971,Cen
207.1613967,31.19020671,5.57,HIP 67384,-,-,5195,120420,CVn
207.3613414,-34.45077353,4.19,HIP 67457,-,2 Cen,5192,120323,Cen
207.3693387,15.79790464,4.07,HIP 67459,-,υ Boötis,5200,120477,Bootes
207.3761521,-41.68770853,3.386,HIP 67464,Heng,ν Centauri,5190,120307,Cen
207.4041195,-42.47373341,3.43,HIP 67472,-,μ Centauri,5193,120324,Cen
207.4284365,21.26410131,4.91,HIP 67480,-,6 Boo,5201,120539,Bootes
207.4371917,36.6328286,6.43,HIP 67483,-,-,5204,120600,CVn
207.439654,61.48930735,5.964,HIP 67485,-,-,5213,120787,UMa
207.4678454,-18.13416925,4.959,HIP 67494,-,89 Vir,5196,120452,Vir
207.5271189,-29.08132348,6.186,HIP 67523,-,359 G. Hya,5197,120455,Hya
207.580817,-39.90085845,6.431,HIP 67537,-,-,5198,120457,Cen
207.602828,5.49722135,5.993,HIP 67545,-,194 G. Vir,5205,120602,Vir
207.6155987,58.5394567,6.46,HIP 67548,-,-,5216,120874,UMa
207.7883988,34.66439827,5.87,HIP 67605,-,-,5215,120819,CVn
207.8579651,64.72328128,4.66,HIP 67627,-,CU Dra,5226,121130,Dra
207.9020636,-36.43328001,6.347,HIP 67648,-,279 G. Cen,5208,120672,Cen
207.9467314,-46.89866659,5.752,HIP 67663,-,278 G. Cen,5206,120640,Cen
207.9476423,-69.40125803,5.727,HIP 67664,-,-,5194,120404,Cir
207.9478125,34.44424028,4.74,HIP 67665,-,AW CVn,5219,120933,CVn
207.9566693,-32.99408495,4.52,HIP 67669A,-,-,-,-,Cen
207.9591674,-32.99467649,5.98,HIP 67669B,-,-,-,-,Cen
208.0040884,-31.61916463,6.21,HIP 67696,-,282 G. Cen,5212,120759,Cen
208.0202596,-52.81152954,5.257,HIP 67703,-,N Cen,5207,120642,Cen
208.0766933,12.16513809,6.098,HIP 67714,-,-,5220,120934,Bootes
208.2851513,40.33797463,6.479,HIP 67778,-,-,-,121197,CVn
208.2928407,28.64813208,5.909,HIP 67782,-,-,5229,121164,CVn
208.3022429,-31.92761955,4.73,HIP 67786,-,4 Cen,5221,120955,Cen
208.3038754,17.93286869,5.709,HIP 67787,-,7 Boo,5225,121107,Bootes
208.3865117,-35.66426838,6.218,HIP 67819,-,* y Cen A,5222,120987A,Cen
208.4295561,-53.37332121,5.873,HIP 67836,-,283 G. Cen,5217,120908,Cen
208.4625584,53.72867641,5.695,HIP 67848,-,86 UMa,5238,121409,UMa
208.4669221,-35.31435883,6.19,HIP 67851,-,-,5224,121056,Cen
208.488499,-47.12816406,6.1,HIP 67861,-,V767 Cen,5223,120991,Cen
208.516,-61.883,6,-,-,NGC 5316,-,-,Cen
208.5693357,-28.56961552,6.045,HIP 67890,-,361 G. Hya,5228,121156,Hya
208.6711622,18.39772072,2.68,HIP 67927,Muphrid,η Boötis,5235,121370,Bootes
208.6756047,-1.503122721,5.159,HIP 67929,-,90 Vir,5232,121299,Vir
208.7046266,-67.65210149,5.705,HIP 67942,-,-,5218,120913,Cir
208.8005928,-52.16082148,5.71,HIP 67973,-,288 G. Cen,5230,121190,Cen
208.8849402,-47.28837451,2.55,HIP 68002,Leepwal,ζ Centauri,5231,121263,Cen
208.9119819,-82.66619087,5.94,HIP 68009,-,-,5188,120213,Cha
209.0435823,32.0325947,6.3,HIP 68065,-,-,5245,121682,CVn
209.0824013,-46.59294917,5.815,HIP 68079,-,293 G. Cen,5239,121416,Cen
209.1161531,1.050580528,5.898,HIP 68092,-,92 Vir,5244,121607,Vir
209.137265,-54.70466202,6.01,HIP 68101,-,291 G. Cen,5236,121384,Cen
209.1424209,27.49208144,5,HIP 68103,-,9 Boo,5247,121710,Bootes
209.3655234,-23.02263112,6.132,HIP 68177,-,363 G. Hya,5246,121699,Hya
209.4120149,-63.68669832,4.701,HIP 68191,-,294 G. Cen,5241,121474,Cen
209.4953157,-25.99808073,6.42,HIP 68224,-,364 G. Hya,-,121758,Hya
209.5677757,-42.10075692,3.802,HIP 68245,-,ϕ Centauri,5248,121743,Cen
209.6297765,-24.97225228,5.15,HIP 68269,-,47 Hya,5250,121847,Hya
209.6301532,-65.80066713,6.24,HIP 68270,-,-,5242,121557,Cir
209.6621789,21.69619987,5.748,HIP 68276,-,10 Boo,5255,121996,Bootes
209.6662795,14.64927379,5.999,HIP 68279,-,-,5254,121980,Bootes
209.6697862,-44.80358582,3.87,HIP 68282,-,υ 1 Centauri,5249,121790,Cen
209.82285,-50.36964782,5.927,HIP 68333,-,298 G. Cen,5251,121853,Cen
209.9553149,-3.549801594,6.394,HIP 68380,-,204 G. Vir,5258,122106,Vir
210.000503,-25.01040457,5.77,HIP 68390,-,48 Hya,5257,122066,Hya
210.0724631,-61.48102724,6.469,HIP 68413,-,299 G. Cen,5252,121901,Cen
210.1367143,-78.58998079,6.079,HIP 68431,-,-,5240,121439,Aps
210.2185196,-66.26891105,5.948,HIP 68455,-,-,5253,121932,Cir
210.2936697,27.38659588,6.221,HIP 68478,-,11 Boo,5263,122405,Bootes
210.3293988,-40.2219376,6.108,HIP 68493,-,302 G. Cen,5259,122210,Cen
210.3351104,8.894893622,5.973,HIP 68498,-,1 G. Boo,5262,122365,Bootes
210.4033764,17.6683875,6.384,HIP 68516,-,-,-,122443,Bootes
210.4116398,1.544530608,4.237,HIP 68520,-,τ Virginis,5264,122408,Vir
210.431279,-45.60340961,4.33,HIP 68523,-,υ 2 Centauri,5260,122223,Cen
210.4610404,68.67867492,6.329,HIP 68537,-,-,5282,122909,Dra
210.5507873,45.75345798,6.269,HIP 68567,-,-,5271,122675,CVn
210.5949255,-27.42977576,5.469,HIP 68581,-,-,5265,122430,Hya
210.6326896,9.686095664,6.19,HIP 68594,-,-,5270,122563,Bootes
210.7489898,50.97180744,6.15,HIP 68637,-,-,5280,122866,UMa
210.7571781,-31.68403104,6.47,-,-,-,5268,122510A,Cen
210.7669555,-17.36701441,6.31,HIP 68643,-,207 G. Vir,-,122577,Vir
210.8604431,-56.21343443,5.923,HIP 68670,-,305 G. Cen,5266,122438,Cen
210.8644477,-41.42334228,6.088,HIP 68673,-,V828 Cen,5269,122532,Cen
210.8847538,10.78676164,6.268,HIP 68682,-,-,5273,122742,Bootes
210.9031922,7.546170385,6.239,HIP 68687,-,2 G. Boo,5274,122744,Bootes
210.9554578,-60.37318301,3.95,-,-,* bet Cen B,-,-,Cen
210.9558556,-60.37303516,0.58,HIP 68702,Hadar,β Centauri,5267,122451,Cen
210.9712088,-22.42159812,6.299,HIP 68705,-,208 G. Vir,5272,122703,Vir
210.982314,4.900972293,6.238,HIP 68707,-,209 G. Vir,5275,122797,Vir
211.06067,-5.381418767,6.387,HIP 68739,-,211 G. Vir,5276,122815,Vir
211.0973233,64.37586962,3.68,HIP 68756,Thuban,α Draconis,5291,123299,Dra
211.1124177,-14.9717038,6.344,HIP 68763,-,210 G. Vir,5277,122837,Vir
211.1559466,2.297531957,6.27,HIP 68776,-,213 G. Vir,5283,122910,Vir
211.3328372,-76.79676186,5.5,HIP 68815,-,θ Apodis,5261,122250,Aps
211.4436513,-54.66936322,6.204,HIP 68842,-,V992 Cen,5278,122844,Cen
211.5115335,-41.17963291,4.343,HIP 68862,-,χ Centauri,5285,122980,Cen
211.5454388,-43.09170046,6.176,HIP 68872,-,312 G. Cen,5286,123004,Cen
211.5929083,-26.68236158,3.28,HIP 68895,-,π Hydrae,5287,123123,Hya
211.6048244,-59.71590394,6.5,HIP 68902,-,310 G. Cen,5281,122879,Cen
211.6706147,-36.36995474,2.05,HIP 68933,Menkent,θ Centauri,5288,123139,Cen
211.6784304,-9.313515237,5.453,HIP 68940,-,95 Vir,5290,123255,Vir
211.7348527,74.5937829,6.44,HIP 68956,-,3 UMi,5305,124063,UMi
211.847,-48.285,5.6,-,-,NGC 5460,-,-,Cen
211.9200334,-48.7040275,6.418,HIP 69011,-,317 G. Cen,-,123247,Cen
211.9823142,43.85445238,5.28,HIP 69038,-,BY Boo,5299,123657,Bootes
212.059569,-63.20795055,6.389,HIP 69065,-,313 G. Cen,5289,123151,Cen
212.0720948,49.45816568,5.25,HIP 69068,-,CF Boo,5300,123782,Bootes
212.113181,-74.85028693,6.02,HIP 69090,-,-,5279,122862,Aps
212.1918596,59.33764665,6.471,HIP 69107,-,-,5302,123977,UMa
212.2121921,77.54750978,4.805,HIP 69112,-,4 UMi,5321,124547,UMi
212.2161918,-43.47077775,6.17,HIP 69113,-,319 G. Cen,5294,123445,Cen
212.2343875,-59.27670971,6.339,HIP 69122,-,V883 Cen,5292,123335,Cen
212.2524713,-10.33454721,6.46,HIP 69127,-,96 Vir,5298,123630,Vir
212.3959687,-51.50467575,5.961,HIP 69174,-,V869 Cen,5296,123515,Cen
212.4783927,-53.43894579,4.736,HIP 69191,-,321 G. Cen,5297,123569,Cen
212.5997229,25.09167695,4.83,HIP 69226,-,12 Boo,5304,123999,Bootes
212.6287536,-70.30546109,6.04,HIP 69241,-,-,5293,123377,Cir
212.7103627,-16.3020307,4.91,HIP 69269,-,ET Vir,5301,123934,Vir
212.7578277,-69.71931505,6.065,HIP 69298,-,-,5295,123492,Cir
212.8130034,32.29589223,6.129,HIP 69316,-,-,5310,124186,Bootes
212.8800134,1.36239748,6.408,HIP 69340,-,221 G. Vir,5307,124115,Vir
213.0167069,69.43254749,5.24,HIP 69373,-,-,5334,124730,UMi
213.0658564,2.409429216,5.02,HIP 69389,-,CU Vir,5313,124224,Vir
213.1023624,-24.36335459,6.344,HIP 69398,-,369 G. Hya,5309,124162,Hya
213.1917623,-27.26118559,5.08,HIP 69415,-,50 Hya,5312,124206,Hya
213.2239369,-10.27370346,4.21,HIP 69427,Kang,κ Virginis,5315,124294,Vir
213.3052381,-26.61231009,6.236,HIP 69458,-,371 G. Hya,5314,124281,Hya
213.3183772,-53.66565921,5.575,HIP 69462,-,324 G. Cen,5308,124147,Cen
213.3708653,51.78996746,4.5,HIP 69483,-,κ 2 Boötis,5329,124675,Bootes
213.415932,-54.62562832,6.09,HIP 69491,-,V716 Cen,5311,124195,Cen
213.4199587,-0.845464057,5.9,HIP 69493,-,224 G. Vir,5317,124425,Vir
213.5887851,-5.947720083,6.36,HIP 69564,-,225 G. Vir,5322,124553,Vir
213.5981158,41.51875879,6.227,HIP 69569,-,-,5335,124755,Bootes
213.6483585,13.97544936,6.44,HIP 69585,-,-,-,124678,Bootes
213.6706791,21.87339417,6.377,HIP 69592,-,-,5333,124713,Bootes
213.6777513,-41.83749213,5.613,HIP 69598,-,330 G. Cen,5318,124433,Cen
213.7118698,10.1006102,5.32,HIP 69612,-,15 Boo,5330,124679,Bootes
213.7209168,3.335884212,6.45,HIP 69614,-,FS Vir,5331,124681,Vir
213.7380763,-57.08612483,5.07,HIP 69618,-,V795 Cen,5316,124367,Cen
213.7552169,-29.28190638,6.09,HIP 69623,-,372 G. Hya,5324,124576,Hya
213.8387887,-53.50994223,6.395,HIP 69655,-,329 G. Cen,5319,124454,Cen
213.8503591,-18.20069065,5.532,HIP 69658,-,226 G. Vir,5332,124683,Vir
213.9111877,-45.0007556,6.305,HIP 69671,-,332 G. Cen,5325,124580,Cen
213.9153003,19.18240916,-0.05,HIP 69673,Arcturus,α Boötis,5340,124897,Bootes
214.0036178,-6.000547079,4.08,HIP 69701,Syrma,ι Virginis,5338,124850,Vir
214.0172487,18.91180145,5.957,-,-,V* CN Boo,5343,124953,Bootes
214.041374,51.3672302,4.75,HIP 69713,-,ι Boötis,5350,125161,Bootes
214.0890924,-6.621542875,6.434,HIP 69727,-,229 G. Vir,5341,124915,Vir
214.09591,46.08830429,4.18,HIP 69732,Xuange,λ Boötis,5351,125162,Bootes
214.1011457,39.74470969,6.376,HIP 69735,-,-,5347,125111,Bootes
214.1256922,-3.196297818,6.141,HIP 69747,-,230 G. Vir,5342,124931,Vir
214.1368469,20.1218484,6.41,-,-,-,5346,125040A,Bootes
214.1613129,-66.58789696,5.75,HIP 69763,-,-,5320,124471,Cir
214.2030605,-8.884475473,6.47,HIP 69773,-,233 G. Vir,-,124973,Vir
214.2297849,-77.66422141,6.472,HIP 69778,-,-,5306,124099,Aps
214.2657919,-18.58570138,6.219,HIP 69792,-,231 G. Vir,5344,124990,Vir
214.3380803,51.30733541,6.195,HIP 69818,-,-,5360,125349,Bootes
214.3685479,15.2633805,5.8,HIP 69829,-,CY Boo,5352,125180,Bootes
214.4549968,48.00200375,6.316,HIP 69862,-,-,5363,125406,Bootes
214.4992389,35.5095123,4.796,HIP 69879,-,-,5361,125351,Bootes
214.5030278,-7.542392381,6.5,HIP 69881,-,235 G. Vir,5353,125184,Vir
214.5578996,-81.0077585,4.889,HIP 69896,-,η Apodis,5303,123998,Aps
214.6593773,-18.71596258,5.9,HIP 69929,-,CS Vir,5355,125248,Vir
214.7329851,54.86378191,6.48,HIP 69958,-,-,5372,125632,Bootes
214.7537321,-25.81542495,5.87,HIP 69965,-,374 G. Hya,5356,125276,Hya
214.7774695,-13.3710913,4.52,HIP 69974,Khambalia,λ Virginis,5359,125337,Vir
214.7798245,-27.14115008,6.34,HIP 69977,-,373 G. Hya,-,125279,Hya
214.8178322,13.00430108,5.396,HIP 69989,-,18 Boo,5365,125451,Bootes
214.8495004,-37.00290686,5.925,HIP 69995,-,337 G. Cen,5357,125283,Cen
214.8509215,-46.05809426,3.529,HIP 69996,-,ι Lupi,5354,125238,Lup
214.8853322,-2.265516306,5.14,HIP 70012,-,υ Virginis,5366,125454,Vir
214.9206267,0.384334369,6.179,HIP 70022,-,239 G. Vir,5368,125489,Vir
214.9489106,38.79404963,6.31,HIP 70029,-,-,5373,125642,Bootes
214.9645947,-61.2729738,5.23,HIP 70035,-,334 G. Cen,5349,125158,Cen
214.9716639,-6.746159487,6.44,HIP 70038,-,240 G. Vir,-,125490,Vir
215.0361022,30.42912653,6.445,HIP 70051,-,-,5374,125658,Bootes
215.0404235,-43.05884291,5.66,HIP 70054,-,-,5362,125383,Lup
215.0814278,-56.38649549,4.35,HIP 70069,-,v Cen,5358,125288,Cen
215.1393016,-37.88529206,4.034,HIP 70090,-,ψ Centauri,5367,125473,Cen
215.1774237,-45.18705767,4.77,HIP 70104,-,-,5364,125442,Lup
215.582165,-34.78679115,5.568,HIP 70243,-,341 G. Cen,5376,125745,Cen
215.5966382,-80.10895512,5.052,HIP 70248,-,ϵ Apodis,5336,124771,Aps
215.6544709,-58.45911648,4.94,HIP 70264,-,340 G. Cen,5371,125628,Cen
215.759328,-39.51181793,4.42,HIP 70300,-,V761 Cen,5378,125823,Cen
215.7740578,-27.75401725,4.75,HIP 70306,-,51 Hya,5381,125932,Hya
215.8136866,1.241567019,6.27,HIP 70319,-,243 G. Vir,5384,126053,Vir
215.8139698,-47.41696258,6.39,HIP 70320,-,-,-,125809,Lup
215.8343877,-50.77225091,6.09,HIP 70325,-,-,5377,125810,Lup
215.8445636,8.44662087,4.87,HIP 70327,-,-,5385,126128,Bootes
215.8445645,8.446618501,5.037,-,-,BD+09 2882A,5386,126129,Bootes
215.8567707,-11.71404315,6.214,HIP 70336,-,2 Lib,5383,126035,Lib
215.9524188,-53.17624428,5.993,HIP 70363,-,-,5380,125869,Lup
216.0036587,8.243967588,5.93,HIP 70384,-,4 G. Boo,5388,126200,Bootes
216.0082522,27.41317693,6.41,HIP 70385,-,-,-,126307,Bootes
216.0472703,5.820127516,5.094,HIP 70400,-,244 G. Vir,5392,126248,Vir
216.085,-61.328,6.4,-,-,Cl Lynga 2,-,-,Cen
216.0919368,-82.84824171,6.417,HIP 70418,-,-,5327,124639,Aps
216.1700534,-44.31113491,6.43,HIP 70451,-,-,-,126093,Lup
216.2026034,-24.80630988,5.332,HIP 70469,-,-,5390,126218,Lib
216.2274191,-46.52874853,6.36,-,-,-,-,126111,Lup
216.2763623,-68.19533377,5.62,HIP 70492,-,-,5379,125835,Cir
216.299154,51.85074367,4.05,HIP 70497,-,θ Boötis,5404,126660,Bootes
216.3233047,-13.35316332,6.49,HIP 70501,-,-,-,126363,Lib
216.3714663,38.3930522,6.28,HIP 70517,-,-,5402,126597,Bootes
216.4156118,-66.17292079,6.362,HIP 70528,-,-,5382,125990,Cir
216.4490361,-26.85224271,6.487,HIP 70538,-,378 G. Hya,5399,126400,Hya
216.5342685,-45.2214233,4.553,HIP 70574,-,τ 1 Lupi,5395,126341,Lup
216.5450574,-45.37927841,4.35,HIP 70576,-,τ 2 Lupi,5396,126354,Lup
216.5560145,-42.31859986,6.333,HIP 70580,-,347 G. Cen,5398,126386,Cen
216.6140212,19.22689968,5.394,HIP 70602,-,22 Boo,5405,126661,Bootes
216.707805,-39.87398451,6.346,HIP 70626,-,348 G. Cen,5400,126475,Cen
216.7301338,-83.66788473,4.304,HIP 70638,-,δ Octantis,5339,124882,Oct
216.7795276,-65.82164697,5.828,HIP 70657,-,-,5391,126241,Cir
216.8006423,-46.13419376,5.811,HIP 70663,-,-,5401,126504,Lup
216.8516026,-6.120344487,6.161,HIP 70680,-,104 Vir,5406,126722,Vir
216.8814361,75.69599431,4.235,HIP 70692,-,5 UMi,5430,127700,UMi
217.0434468,-29.49163799,4.97,HIP 70753,-,52 Hya,5407,126769,Hya
217.0505788,-2.22795806,4.84,HIP 70755,Elgafar,ϕ Virginis,5409,126868,Vir
217.0684985,36.19702541,6.2,HIP 70762,-,-,5416,127065,Bootes
217.173843,-6.900526988,5.418,HIP 70794,-,106 Vir,5410,126927,Vir
217.1812346,-59.19754617,6.469,HIP 70798,-,349 G. Cen,5403,126610,Cen
217.2162758,-47.99208229,6.39,HIP 70809,-,-,-,126759,Lup
217.4041931,-76.72908269,6.06,HIP 70874,-,-,5389,126209,Aps
217.4569608,31.79118853,6.05,HIP 70892,-,-,5422,127304,Bootes
217.4604902,0.828930869,5.966,HIP 70894,-,250 G. Vir,5418,127167,Vir
217.5359529,-45.32135607,5.5,HIP 70915,-,-,5412,126981,Lup
217.5872623,-49.5190371,5.376,HIP 70931,-,-,5413,126983,Lup
217.6891264,4.772285794,6.007,HIP 70949,-,252 G. Vir,5424,127337,Vir
217.7359009,-40.84512432,6.374,HIP 70966,-,350 G. Cen,5417,127152,Cen
217.7951646,-38.86971101,5.983,HIP 70987,-,351 G. Cen,5419,127193,Cen
217.8185004,-67.7172026,5.903,-,-,-,5408,126862A,Cir
217.9283803,60.22563463,6.26,HIP 71040,-,ER Dra,5437,127929,Dra
217.9574555,30.37143657,3.59,HIP 71053,-,ρ Boötis,5429,127665,Bootes
218.0194653,38.30824808,3.02,HIP 71075,Seginus,γ Boötis,5435,127762,Bootes
218.0842756,26.67728926,6,HIP 71094,-,-,5433,127726,Bootes
218.1288721,55.3979948,5.718,HIP 71111,-,-,5442,128000,Dra
218.1355923,22.2600566,5.897,HIP 71115,-,26 Boo,5434,127739,Bootes
218.1543961,-50.45714824,4.423,HIP 71121,-,σ Lupi,5425,127381,Lup
218.2902293,-30.71505994,6.12,HIP 71154,-,352 G. Cen,5428,127624,Cen
218.3344296,36.95901365,6.39,HIP 71168,-,-,5441,127986,Bootes
218.3748687,-52.67951862,5.87,HIP 71182,-,-,5427,127501,Lup
218.3848648,-54.99862198,5.87,HIP 71184,-,-,5426,127486,Lup
218.4095569,79.66042627,6.27,HIP 71196,-,-,5479,129245,UMi
218.5487791,32.53447877,6.306,HIP 71243,-,-,5445,128093,Bootes
218.6604157,36.6260635,5.999,HIP 71277,-,-,5448,128198,Bootes
218.6650862,49.36835358,5.74,HIP 71280,-,CH Boo,5452,128333,Bootes
218.6700724,29.74512713,4.47,HIP 71284,-,σ Boötis,5447,128167,Bootes
218.7113682,-20.43938232,6.481,HIP 71295,-,-,5438,127964,Lib
218.734,-56.64,5.5,-,-,NGC 5662,-,-,Cen
218.8210151,-60.01564207,6.384,HIP 71333,-,354 G. Cen,5432,127724,Cen
218.8767673,-42.15782522,2.31,HIP 71352,-,η Centauri,5440,127972,Cen
218.8811627,-41.51744226,5.87,HIP 71353,-,357 G. Cen,5439,127971,Cen
219.0286359,23.25036033,6.37,HIP 71406,-,-,5454,128402,Bootes
219.0792959,-46.24545087,5.55,HIP 71419,-,-,5444,128068,Lup
219.1004328,-39.59741692,6.141,HIP 71429,-,358 G. Cen,5446,128152,Cen
219.1838844,-40.2115823,5.736,HIP 71453,-,359 G. Cen,5449,128207,Cen
219.2491497,-12.30529685,6.2,HIP 71469,-,-,5455,128429,Lib
219.298234,26.73657117,6.2,HIP 71490,-,-,-,128609,Bootes
219.3017401,-53.06078332,6.49,HIP 71494,-,-,-,128154,Lup
219.3339864,-46.13343919,5.431,HIP 71500,-,-,5450,128266,Lup
219.3686687,2.277240223,6.455,HIP 71510,-,254 G. Vir,-,128563,Vir
219.4427368,-67.93201029,6.04,HIP 71530,-,-,5443,128020,Cir
219.4717757,-49.42582829,4.05,HIP 71536,-,ρ Lupi,5453,128345,Lup
219.5524541,43.64212726,5.721,HIP 71568,-,-,5464,128902,Bootes
219.5582815,18.29837772,5.91,HIP 71571,-,-,5462,128750,Bootes
219.563423,54.02334039,5.83,HIP 71573,-,-,5467,128998,Bootes
219.5736429,-49.90112007,6.5,HIP 71577,-,-,-,128415,Lup
219.580723,-38.7941866,6.031,HIP 71581,-,361 G. Cen,5456,128488,Cen
219.7092721,44.40450225,5.387,HIP 71618,-,33 Boo,5468,129002,Bootes
219.7951929,-46.58447635,6.07,HIP 71639,-,-,5457,128582,Lup
219.8519701,-49.05532108,6.39,HIP 71658,-,-,5458,128617,Lup
219.8960963,-60.83752757,1.33,HIP 71681,Toliman,α 2 Centauri,5460,128621,Cen
219.9020583,-60.83399269,0.01,HIP 71683,Rigil Kentaurus,α 1 Centauri,5459,128620,Cen
219.90208,-60.83397,-0.1,HIP 71683,-,* alf Cen,5459,128620,Cen
220.0911215,21.97586714,6.15,HIP 71729,-,-,5472,129132,Bootes
220.1364969,-56.44076437,6.296,HIP 71746,-,365 G. Cen,5461,128713,Cen
220.176637,13.53432281,5.925,HIP 71759,-,-,5473,129153,Bootes
220.1814955,16.41832666,4.893,HIP 71762,-,π 1 Boötis,5475,129174,Bootes
220.1830238,16.41779764,5.761,-,-,* pi.02 Boo,5476,129175,Bootes
220.2557908,-36.1348591,5.658,HIP 71783,-,367 G. Cen,5466,128974,Cen
220.287116,13.72841686,4.51,HIP 71795,-,* zet Boo B,5477,129246,Bootes
220.2872982,13.72830463,3.78,HIP 71795,-,ζ Boötis,5478,129247,Bootes
220.2873341,13.72828106,4.51,HIP 71795,-,* zet Boo A,5478,129247,Bootes
220.4114633,8.161764572,4.862,HIP 71832,-,31 Boo,5480,129312,Bootes
220.4759912,21.12352647,6.4,HIP 71857,-,-,5483,129430,Bootes
220.4823158,-47.38819875,2.286,HIP 71860,Uridim,α Lupi,5469,129056,Lup
220.4832506,-58.61583149,6.204,HIP 71861,-,-,5465,128917,Cir
220.4899606,-37.7934945,4,HIP 71865,-,b Cen,5471,129116,Cen
220.4987908,-77.01145167,6.34,HIP 71870,-,-,-,128294,Aps
220.5135351,61.26191322,6.29,HIP 71876,-,DL Dra,5492,129798,Dra
220.6267527,-64.97513301,3.19,HIP 71908,Xami,α Circini,5463,128898,Cir
220.7650999,-5.658201377,3.88,HIP 71957,-,μ Virginis,5487,129502,Vir
220.8064637,-24.99775323,5.73,HIP 71974,-,4 Lib,5484,129433,Lib
220.8556773,26.52785338,4.79,HIP 71995,-,W Boo,5490,129712,Bootes
220.8672239,-62.96663566,6.408,HIP 72000,-,-,-,129092,Cir
220.9143232,-35.17366858,4.04,HIP 72010,-,c1 Cen,5485,129456,Cen
220.93514,40.45925287,5.73,HIP 72012,-,-,5493,129846,Bootes
221.2311502,-58.47749443,6.098,HIP 72097,-,-,5486,129462,Cir
221.2464574,27.07498559,4.801,-,-,* eps Boo B,5505,129988,Bootes
221.2466735,-35.1918287,4.924,HIP 72104,-,c2 Cen,5489,129685,Cen
221.2467398,27.07422232,2.45,HIP 72105,Izar,ϵ Boötis,5506,129989,Bootes
221.295665,-55.60164064,6.089,HIP 72121,-,BU Cir,5488,129557,Cir
221.2987803,-1.417530217,6.07,HIP 72122,-,257 G. Vir,5496,129902,Vir
221.3071323,32.788345,6.28,HIP 72124,-,-,5510,130084,Bootes
221.3102523,16.96427662,4.6,HIP 72125,-,ο Boötis,5502,129972,Bootes
221.3222357,-62.87564939,5.36,HIP 72131,-,-,5482,129422,Cir
221.3284456,-51.31492961,6.43,HIP 72135,-,-,-,129624,Lup
221.335757,18.88495575,6.145,HIP 72139,-,-,5507,130025,Bootes
221.3758519,0.717272279,5.665,HIP 72154,-,108 Vir,5501,129956,Vir
221.4906601,-15.45954503,6.34,HIP 72194,-,5 Lib,5503,129978,Lib
221.5003405,-25.44317763,5.11,HIP 72197,-,* m Hya A,5497,129926A,Hya
221.5247612,15.13178088,5.63,HIP 72208,-,EK Boo,5512,130144,Bootes
221.528212,-23.15303147,5.803,HIP 72210,-,-,5499,129944,Lib
221.5453324,-21.17596168,6.43,HIP 72217,-,-,5504,129980,Lib
221.562181,1.892883828,3.73,HIP 72220,-,109 Vir,5511,130109,Vir
221.6208046,-47.44111756,5.74,HIP 72250,-,-,5494,129858,Lup
221.7553903,-52.38351726,5.22,HIP 72290,-,-,5495,129893,Lup
221.7712365,-38.29063667,5.898,HIP 72296,-,373 G. Cen,5508,130055,Cen
221.8024417,-52.20525594,6.07,HIP 72308,-,-,5498,129932,Lup
221.8068749,-21.32487342,6.034,HIP 72310,-,-,5513,130157,Lib
221.8439821,-25.62426656,5.609,HIP 72323,-,55 Hya,5514,130158,Hya
221.8837303,-43.55680807,6.3,HIP 72338,-,-,5509,130073,Lup
221.9366934,-26.08750053,5.229,HIP 72357,-,56 Hya,5516,130259,Hya
221.9654629,-79.04475355,3.798,HIP 72370,Paradys,α Apodis,5470,129078,Aps
221.9789655,-12.84000927,6.32,HIP 72373,-,-,5518,130325,Lib
221.98982,-26.6461698,5.764,HIP 72378,-,57 Hya,5517,130274,Hya
222.1585264,-36.63469686,6.01,HIP 72432,-,375 G. Cen,5519,130328,Cen
222.1856248,-66.59356179,5.88,HIP 72438,-,CO Cir,5500,129954,Cir
222.2253963,-0.847660435,6.136,HIP 72449,-,-,5522,130557,Lib
222.2793993,-56.66782937,6.21,HIP 72471,-,-,5515,130227,Cir
222.3277931,46.116204,5.757,HIP 72487,Merga,-,5533,130945,Bootes
222.3281003,-24.25146913,5.692,HIP 72488,-,-,5521,130529,Lib
222.3293785,-14.14902565,5.6,HIP 72489,-,* mu. Lib A,5523,130559,Lib
222.3293804,-14.14902127,5.31,HIP 72489,-,μ Librae,5523,130559,Lib
222.384925,51.37450325,6.48,HIP 72508,-,-,5537,131040,Bootes
222.4043583,-68.93619062,6.488,HIP 72518,-,-,-,130021,Cir
222.4220563,48.72080582,6.248,HIP 72524A,-,-,5538,131041A,Bootes
222.4933272,28.61583143,5.8,HIP 72552,-,-,5532,130917,Bootes
222.5658791,23.91184284,5.867,HIP 72567,-,HP Boo,5534,130948,Bootes
222.5721179,-27.96036123,4.41,HIP 72571,Solitaire,58 Hya,5526,130694,Hya
222.6715495,-15.99721043,5.16,HIP 72603,-,α 1 Librae,5530,130819,Lib
222.6763575,74.15550394,2.08,HIP 72607,Kochab,β Ursae Minoris,5563,131873,UMi
222.7196379,-16.04177652,2.75,HIP 72622,Zubenelgenubi,α 2 Librae,5531,130841,Lib
222.750397,-0.257494989,6.175,HIP 72629,-,261 G. Vir,5536,130970,Vir
222.7544668,-2.299150294,4.94,HIP 72631,-,11 Lib,5535,130952,Lib
222.8474164,19.10047205,4.593,HIP 72659,-,ξ Boötis,5544,131156,Bootes
222.8474519,19.10044994,4.675,HIP 72659,-,* ksi Boo A,5544,131156A,Bootes
222.8751508,-77.17597088,6.44,HIP 72670,-,-,-,129899,Aps
222.9095954,-43.57536015,4.313,HIP 72683,-,ο Lupi,5528,130807,Lup
222.9637756,-18.35532684,6.26,HIP 72702,-,10 Lib,-,131027,Lib
223.1379218,-30.57725605,6.29,HIP 72772,-,377 G. Cen,5542,131117,Cen
223.1469115,-63.80982131,5.96,HIP 72773,-,AX Cir,5527,130701,Cir
223.2128048,-37.80316171,5.015,HIP 72800,-,V1019 Cen,5543,131120,Cen
223.306546,-73.190075,5.77,-,-,-,5520,130458A,Aps
223.3065465,-73.19007258,5.6,HIP 72833,-,-,5520,130458,Aps
223.3472852,15.70516316,6.38,HIP 72846,-,-,5550,131473,Bootes
223.3490228,19.15279798,6,HIP 72848,-,DE Boo,5553,131511,Bootes
223.5838691,-24.64220427,5.266,HIP 72929,-,12 Lib,5548,131430,Lib
223.5953088,-11.89835038,5.788,HIP 72934,-,ξ 1 Librae,5554,131530,Lib
223.6579758,-33.3005703,5.834,HIP 72959,-,380 G. Cen,5549,131432,Cen
223.6774418,-65.99110499,6.09,HIP 72965,-,ζ Circini,5539,131058,Cir
223.7251452,-69.8609587,6.37,HIP 72983,-,-,-,130942,Cir
223.8939986,-60.11416535,5.18,HIP 73036,-,-,5546,131342,Cir
223.9362851,-33.85578252,5.312,HIP 73049,-,381 G. Cen,5558,131625,Cen
223.9941348,32.30006223,6.122,HIP 73068,-,-,5569,132029,Bootes
224.0551254,14.44626134,5.892,HIP 73087,-,-,5567,131951,Bootes
224.0718796,-52.80955114,5.386,HIP 73095,-,-,5556,131562,Lup
224.1286108,-32.63678383,6.058,HIP 73107,-,383 G. Cen,5562,131774,Cen
224.1335557,-47.87919625,5.64,HIP 73111,-,-,5559,131657,Lup
224.1335628,-47.87919673,5.99,-,-,-,5559,131657A,Lup
224.1489821,-39.41600538,6.357,HIP 73116,-,382 G. Cen,5561,131752,Cen
224.1597455,-62.36441692,6.391,HIP 73118,-,-,-,131491,Cir
224.1832711,-62.78102093,5.11,HIP 73129,-,θ Circini,5551,131492,Cir
224.192146,-11.40970003,5.45,HIP 73133,-,ξ 2 Librae,5564,131918,Lib
224.2958287,-4.346458684,4.49,HIP 73165,-,16 Lib,5570,132052,Lib
224.2986577,16.38812724,5.715,HIP 73166,-,-,5575,132146,Bootes
224.3071193,-29.15767717,6.283,HIP 73171,-,391 G. Hya,5565,131919,Hya
224.36667,-21.4154798,5.72,HIP 73184,-,Gliese 570,5568,131977,Lib
224.3885473,-0.167611935,5.512,HIP 73193,-,1 Ser,5573,132132,Vir
224.3958733,65.93244851,4.54,HIP 73199,-,RR UMi,5589,132813,UMi
224.4707647,-76.66265469,5.359,HIP 73223,-,R Aps,5540,131109,Aps
224.5366435,-48.86295024,6.347,HIP 73241,-,-,5566,131923,Lup
224.6330224,-43.13396385,2.68,HIP 73273,-,β Lupi,5571,132058,Lup
224.6522046,-39.90717466,6.163,HIP 73279,-,384 G. Cen,5572,132096,Cen
224.6635704,-27.65730538,6.13,HIP 73284,-,* 59 Hya A,5577,132219,Hya
224.7199237,-4.989253315,6.08,HIP 73309,-,-,5583,132375,Lib
224.7232557,-11.14401733,5.857,HIP 73310,-,18 Lib,5582,132345,Lib
224.7903539,-42.10419637,3.11,HIP 73334,-,κ Centauri,5576,132200,Cen
224.8080218,-37.8812323,6.47,HIP 73341,-,386 G. Cen,5579,132238,Cen
224.8463146,4.5677606,5.93,HIP 73350,-,265 G. Vir,5584,132525,Vir
224.8632871,-43.15985066,6.095,HIP 73354,-,-,5580,132242,Lup
224.9039461,39.2653324,5.634,HIP 73369,-,40 Boo,5588,132772,Bootes
224.982332,-75.03267013,6.187,HIP 73394,-,-,5555,131551,Aps
225.0470909,-77.16055176,5.92,HIP 73415,-,-,5547,131425,Aps
225.063139,47.6540556,4.83,HIP 73695,Quadrans,GJ 575,5618,133640,Bootes
225.1613246,47.27744222,6.351,HIP 73454,-,BX Boo,5597,133029,Bootes
225.2178203,22.04558756,6.26,HIP 73464,-,-,5592,132879,Bootes
225.2431179,-8.518947336,4.93,HIP 73473,-,δ Librae,5586,132742,Lib
225.30457,-38.05839773,5.869,HIP 73493,-,388 G. Cen,5585,132604,Cen
225.3326093,-2.754922806,5.52,HIP 73497,-,-,5590,132833,Lib
225.3628705,60.204462,5.92,HIP 73507,-,-,5608,133388,Dra
225.408175,37.3771556,4.31,HIP 75411,Alkalurops,μ 1 Boötis,5733,137391,Bootes
225.4538372,-0.140297794,5.93,HIP 73536,-,* 2 Ser A,5594,132933A,Ser
225.4538376,-0.140297983,5.71,HIP 73536,-,2 Ser,5594,132933,Vir
225.4616595,-83.22764731,5.641,HIP 73540,-,π 1 Octantis,5525,130650,Oct
225.4865096,40.39056857,3.52,HIP 73555,Nekkar,β Boötis,5602,133208,Bootes
225.4920092,-34.35887669,6.208,HIP 73559,-,389 G. Cen,5587,132763,Cen
225.5268047,-28.06061308,5.824,HIP 73566,-,60 Hya,5591,132851,Hya
225.52712,25.0081388,4.81,HIP 73568,-,ω Boötis,5600,133124,Bootes
225.5357335,-7.575300928,6.373,HIP 73571,-,-,-,132953,Lib
225.7251565,2.091304361,4.4,HIP 73620,-,110 Vir,5601,133165,Vir
225.7469854,-32.6432914,5.437,HIP 73624,-,-,5595,132955,Lup
225.7752274,35.20579424,5.513,HIP 73634,-,-,5609,133392,Bootes
225.9467902,47.65397724,5.136,HIP 73695A,-,-,5618,133640A,Bootes
225.9479773,47.65448026,6.004,HIP 73695B,-,44 Boo,5618,133640B,Bootes
225.9906928,65.91971421,6.23,HIP 73706,-,-,5629,133994,UMi
226.0175617,-25.28196958,3.21,HIP 73714,Brachium,σ Librae,5603,133216,Lib
226.111429,26.94764832,4.55,HIP 73745,-,ψ Boötis,5616,133582,Bootes
226.1787547,-40.86134476,6.4,HIP 73764,-,GM Lup,5604,133220,Lup
226.1955136,-83.03831098,5.645,HIP 73771,-,π 2 Octantis,5545,131246,Oct
226.2007815,-64.03135115,5.168,HIP 73776,-,η Circini,5593,132905,Cir
226.2795301,-47.05126154,4.58,HIP 73807,-,* pi. Lup A,5605,133242,Lup
226.2801457,-47.0510636,3.89,HIP 73807,-,π Lupi,5605,133242,Lup
226.2801545,-47.0510894,4.62,HIP 73807,-,* pi. Lup B,5606,133243,Lup
226.3298537,-41.06723709,5.127,HIP 73826,-,-,5607,133340,Lup
226.3576437,48.15097021,5.577,HIP 73841,-,47 Boo,5627,133962,Bootes
226.3912722,-30.55086287,6.48,HIP 73850,-,-,-,133469,Lup
226.5100603,-48.88339293,6.467,HIP 73881,-,-,-,133399,Lup
226.5580588,-36.26460192,6.269,HIP 73901,-,-,5615,133550,Lup
226.5696557,54.55631794,5.25,HIP 73909,-,-,5635,134190,Bootes
226.6130949,-22.03182947,6.14,HIP 73927,-,-,5620,133670,Lib
226.6383242,-30.91848158,5.977,HIP 73937,-,-,5619,133652,Lup
226.6464387,36.45606544,6.351,HIP 73941,-,-,5630,134044,Bootes
226.6566521,-16.25681861,5.2,HIP 73945,-,ν Librae,5622,133774,Lib
226.7044188,-16.48436091,6.404,HIP 73953,-,22 Lib,-,133800,Lib
226.733214,-52.02977914,6.39,HIP 73966,-,-,-,133518,Lup
226.7841793,-71.90495206,6.5,HIP 73980,-,-,5598,133049,Aps
226.8252747,24.86919428,4.93,HIP 73996,-,45 Boo,5634,134083,Bootes
226.8348689,18.44182458,6.029,HIP 74000,-,-,5633,134064,Bootes
226.8581257,-49.08860804,5.766,HIP 74006,-,-,5617,133631,Lup
226.9180069,5.498058903,6.17,HIP 74026,-,271 G. Vir,5631,134047,Vir
226.9839741,-61.12869166,6.5,HIP 74044,-,-,-,133557,Cir
226.9865107,-65.2754509,6.166,HIP 74047,-,-,5611,133456,TrA
227.0505161,-40.58393206,5.79,HIP 74066,-,-,5624,133880,Lup
227.081406,50.0549537,6.327,HIP 74083,-,-,5648,134493,Bootes
227.0990963,26.30115411,5.669,HIP 74087,-,46 Boo,5638,134320,Bootes
227.1481778,25.10863493,5.804,HIP 74096,-,-,5640,134335,Bootes
227.1633251,-42.86792291,5.82,HIP 74100,-,-,5625,133937,Lup
227.2108869,-45.27986138,4.05,HIP 74117,-,λ Lupi,5626,133955,Lup
227.2229721,13.23523673,6.142,HIP 74121,-,-,5639,134323,Bootes
227.3563408,-63.6429304,6.247,HIP 74181,-,-,5623,133792,Cir
227.3746434,-67.08413478,5.757,HIP 74184,-,-,5621,133683,TrA
227.5305196,-38.79250997,5.978,HIP 74224,-,-,5636,134255,Lup
227.5776306,-26.3326255,5.756,HIP 74239,-,-,5641,134373,Lib
227.6851068,67.78105053,6.18,HIP 74272,-,-,5672,135384,UMi
227.6864292,-61.42232241,6.285,HIP 74273,-,-,5632,134060,Cir
227.7866339,-84.78778598,5.866,HIP 74296,-,ω Octantis,5557,131596,Oct
227.8165972,-55.34602998,5.43,HIP 74305,-,-,5637,134270,Lup
227.895013,-45.27746041,6.41,HIP 74336,-,-,5642,134444,Lup
227.9836386,-48.73782499,3.7,HIP 74376,-,κ 1 Lupi,5646,134481,Lup
227.990314,-48.74368566,5.498,HIP 74380,-,κ 2 Lupi,5647,134482,Lup
228.0177726,18.97603019,5.89,HIP 74386,-,FL Ser,5654,134943,Ser
228.0500458,-19.10648439,6.49,HIP 74391,-,-,-,134758,Lib
228.0553761,-19.79171089,4.54,HIP 74392,-,ι 1 Librae,5652,134759,Lib
228.0712313,-52.0992487,3.41,HIP 74395,-,ζ Lupi,5649,134505,Lup
228.130013,-48.21899339,6.332,HIP 74418,-,-,5650,134597,Lup
228.1415795,-72.77060094,6.019,HIP 74421,-,-,5628,133981,Aps
228.1965515,10.70230708,6.5,HIP 74441,-,-,-,135061,Ser
228.2066147,-44.50041401,4.806,HIP 74449,-,-,5651,134687,Lup
228.254254,-61.74377688,6.269,HIP 74470,-,-,5645,134468,Cir
228.281924,-36.0914193,6.079,HIP 74479,-,-,5653,134837,Lup
228.3225313,-24.00831594,6.47,HIP 74490,-,-,5655,134946,Lib
228.3299728,-19.64757607,6.066,HIP 74493,-,ι 2 Librae,5656,134967,Lib
228.3694455,-25.30934816,6.46,HIP 74500,-,23 Lib,5657,134987,Lib
228.3827932,22.98339372,6.298,HIP 74505,-,-,5665,135263,Ser
228.398256,38.26469812,6.187,HIP 74514,-,-,5673,135402,Bootes
228.4721369,-26.19357409,5.857,HIP 74539,-,-,5658,135051,Lib
228.5251779,31.78784594,5.974,HIP 74561,-,-,5674,135438,Bootes
228.542978,42.1714048,6.13,HIP 74571,-,-,5677,135530,Bootes
228.5798979,-70.07947592,5.81,HIP 74582,-,X TrA,5644,134453,TrA
228.6214948,29.16429637,5.272,HIP 74596,-,χ Boötis,5676,135502,Bootes
228.6406578,-17.76857145,6.172,HIP 74600,-,26 Lib,5662,135230,Lib
228.6554993,-31.51912384,4.918,HIP 74604,-,1 Lup,5660,135153,Lup
228.7108189,-5.502551915,6.29,HIP 74623,-,-,5669,135367,Lib
228.7973205,4.939355431,5.337,HIP 74649,-,3 Ser,5675,135482,Ser
228.8756784,33.31483124,3.49,HIP 74666,-,δ Boötis,5681,135722,Bootes
228.95449,0.372137618,5.623,HIP 74689,-,4 Ser,5679,135559,Ser
228.9612793,50.9384609,6.48,HIP 74690,-,-,-,135944,Bootes
228.9731846,6.46483815,6.46,HIP 74695,-,4 G. Ser Cap,-,135615,Ser
228.9736384,-48.0736853,5.958,HIP 74696,-,-,5663,135235,Lup
229.016746,-41.4911657,5.171,HIP 74707,-,-,5667,135345,Lup
229.0435856,-43.48499655,6.034,HIP 74716,-,-,5668,135348,Lup
229.0958778,-22.3994143,5.506,HIP 74732,-,-,5678,135534,Lib
229.1528739,-60.904,5.81,HIP 74750,-,-,5661,135160,Cir
229.2157723,-47.86455092,6.45,HIP 74769,-,-,-,135430,Lup
229.229025,-46.20235712,6.45,HIP 74775,-,-,-,135468,Lup
229.2370663,-60.95725558,5.09,HIP 74778,-,δ Circini,5664,135240,Cir
229.2517243,-9.38291441,2.62,HIP 74785,Zubeneschamali,β Librae,5685,135742,Lib
229.2745394,71.82390204,5.015,HIP 74793,-,11 UMi,5714,136726,UMi
229.3785394,-58.80120702,4.057,HIP 74824,-,β Circini,5670,135379,Cir
229.4120545,-63.61046754,4.849,HIP 74837,-,ϵ Circini,5666,135291,Cir
229.4576566,-30.14866647,4.33,HIP 74857,-,2 Lup,5686,135758,Lup
229.5393139,-41.06116158,6.277,HIP 74875,-,-,5682,135730,Lup
229.6021134,20.57276304,5.686,HIP 74896,-,-,5692,136138,Ser
229.6088619,-0.461234177,5.89,HIP 74901,-,6 G. Ser Cap,5690,136028,Ser
229.6331047,-47.87508807,5.01,HIP 74911,-,* mu.02 Lup,5683,135734,Lup
229.6334501,-47.87529209,4.945,HIP 74911,-,* mu.01 Lup,5683,135734,Lup
229.63842,2.08103,5.95,-,-,M 5,-,-,Ser
229.672092,-31.20934994,6.194,HIP 74929,-,-,5688,135896,Lup
229.7047636,-60.49633221,5.46,HIP 74941,-,-,5680,135591,Cir
229.727422,-68.67954667,2.89,HIP 74946,-,γ Trianguli Australis,5671,135382,TrA
229.7348944,-40.78822126,5.604,HIP 74950,-,GG Lup,5687,135876,Lup
229.8751991,32.51490083,6.311,HIP 75000,-,-,5702,136403,CrB
229.8821703,-37.09716065,6.178,HIP 75003,-,-,5689,136014,Lup
229.9404701,-66.49603977,6.39,HIP 75018,-,R TrA,-,135592,TrA
230.0214638,51.95851515,5.64,HIP 75043,-,-,5715,136729,Bootes
230.035661,29.61620702,5.51,HIP 75049,-,ο Coronae Borealis,5709,136512,CrB
230.1689607,-67.4815262,6.318,HIP 75091,-,-,5684,135737,TrA
230.169004,-67.481514,6.44,-,-,-,5684,135737A,TrA
230.173667,44.43437757,6.14,HIP 75093,-,-,5716,136751,Bootes
230.182098,71.83402545,3.002,HIP 75097,Pherkad,γ Ursae Minoris,5735,137422,UMi
230.1959206,-2.413335575,6.331,HIP 75101,-,10 G. Ser Cap,5706,136442,Ser
230.2236581,-18.15866061,6.17,HIP 75110,-,28 Lib,5701,136366,Lib
230.255789,-15.54835153,6.143,HIP 75118,-,ο Librae,5703,136407,Lib
230.2583178,0.7153362,5.393,HIP 75119,-,6 Ser,5710,136514,Ser
230.2786663,24.95801662,6.361,HIP 75125,-,-,5711,136643,Ser
230.2817054,-5.824852417,5.537,HIP 75127,-,-,5707,136479,Lib
230.3429743,-40.64753037,3.19,HIP 75141,-,δ Lupi,5695,136298,Lup
230.3498139,31.36738469,5.8,HIP 75143,-,-,-,136753,CrB
230.3970936,-40.74948188,6.183,HIP 75164,-,-,5696,136334,Lup
230.4506246,-48.31763053,5.65,HIP 75181,-,ν 2 Lupi,5699,136352,Lup
230.45154,-36.26137329,3.546,HIP 75177,-,ϕ 1 Lupi,5705,136422,Lup
230.4523963,32.93369394,5.372,HIP 75178,-,50 Boo,5718,136849,Bootes
230.5344612,-47.92779255,5,HIP 75206,-,ν 1 Lupi,5698,136351,Lup
230.5968075,12.56752615,6.28,HIP 75230,-,7 Ser,5717,136831,Ser
230.6552325,62.04706386,5.986,HIP 75256,-,-,5731,137389,Dra
230.6557129,39.58146163,5.532,HIP 75257,-,-,5726,137071,Bootes
230.6600351,63.34146519,5.712,HIP 75260,-,-,5737,137443,Dra
230.6702844,-44.68961518,3.366,HIP 75264,-,ϵ Lupi,5708,136504,Lup
230.7574202,-15.13403763,6.48,HIP 75294,-,30 Lib,-,136801,Lib
230.788961,-36.85848831,4.54,HIP 75304,-,ϕ 2 Lupi,5712,136664,Lup
230.7937649,-60.65717004,5.651,HIP 75308,-,-,5700,136359,Cir
230.8009619,30.2882117,5.577,HIP 75312,-,* eta CrB A,5727,137107A,CrB
230.8011269,30.2884603,5.95,HIP 75312,-,* eta CrB B,5727,-,CrB
230.8012723,30.28782502,4.98,HIP 75312,-,η 1 Coronae Borealis,5727,137107,CrB
230.8444033,-59.3207022,4.96,HIP 75323,-,* gam Cir A,5704,136415,Cir
230.8445483,-59.3204858,5.59,HIP 75323,-,* gam Cir B,5704,-,Cir
230.8540827,-46.14041575,6.49,HIP 75324,-,-,-,136607,Lup
230.9321242,-1.022386122,6.105,HIP 75342,-,8 Ser,5721,137006,Ser
230.9676622,-12.36950219,5.716,HIP 75352,-,-,5720,136956,Lib
231.0213191,45.2710313,6.055,HIP 75369,-,-,5732,137390,Bootes
231.0495158,-10.32227885,4.92,HIP 75379,-,ϵ Librae,5723,137052,Lib
231.1875701,-39.71025307,5.37,HIP 75439,-,υ Lupi,5719,136933,Lup
231.2323909,58.96606586,3.29,HIP 75458,Edasich,ι Draconis,5744,137759,Dra
231.3342211,-38.73360973,4.6,HIP 75501,-,-,5724,137058,Lup
231.447489,15.42803635,5.17,HIP 75530,-,τ 1 Serpentis,5739,137471,Ser
231.4719573,19.48070707,6.241,HIP 75535,-,-,5740,137510,Ser
231.5613492,-68.30916661,5.892,HIP 75565,-,-,5713,136672,TrA
231.5724319,34.3359951,5.45,HIP 75572,-,-,5741,137704,Bootes
231.6341255,54.02029487,6.43,HIP 75587,-,-,5748,137928,Dra
231.8255436,-36.76755965,5.45,HIP 75647,-,-,5736,137432,Lup
231.8878274,-64.53149985,5.706,HIP 75665,-,LX TrA,5725,137066,TrA
231.9119714,25.10161861,6.02,HIP 75674,-,-,5745,137853,Ser
231.9573086,29.10569296,3.68,HIP 75695,Nusakan,β Coronae Borealis,5747,137909,CrB
231.9642656,60.67022137,5.9,HIP 75696,-,-,5755,138265,Dra
232.0642008,-16.71648542,5.626,HIP 75730,-,ζ 1 Librae,5743,137744,Lib
232.079557,-88.13300687,6.484,HIP 75736,-,BP Oct,5491,129723,Oct
232.1133717,-51.5979348,6.094,HIP 75742,-,-,5738,137465,Lup
232.1593209,1.842079648,5.17,HIP 75761,-,10 Ser,5746,137898,Ser
232.184966,47.20151014,6.138,HIP 75770,-,-,5752,138213,Bootes
232.2367581,55.19493732,6.427,HIP 75788,-,-,5759,138338,Dra
232.3004835,16.39561778,6.382,HIP 75810,-,-,-,138085,Ser
232.3302924,-38.63503288,6.43,HIP 75818,-,-,-,137785,Lup
232.3378899,62.0995294,6.29,HIP 75822,-,-,5768,138524,Dra
232.3511247,-46.73270518,5.222,HIP 75828,-,-,5742,137709,Lup
232.588792,-41.918981,6.329,-,-,-,-,137919A,Lup
232.5948637,31.28592775,6.452,HIP 75919,-,-,5760,138341,CrB
232.6510458,-20.72855295,6.194,HIP 75939,-,-,5749,138105,Lib
232.6683389,-16.60946242,5.806,HIP 75944,-,ζ 3 Librae,5750,138137,Lib
232.704922,-71.65413523,6.38,HIP 75959,-,-,-,137366,Aps
232.7323317,40.83304841,5.026,HIP 75973,-,ν 1 Boötis,5763,138481,Bootes
232.7323491,64.20869308,5.738,HIP 75974,-,-,5785,138852,Dra
232.8429404,36.61659891,6.39,HIP 76006,-,-,5769,138525,CrB
232.8538067,77.34935996,4.982,HIP 76008,-,θ Ursae Minoris,5826,139669,UMi
232.8784255,-73.38959154,5.49,HIP 76013,-,κ 1 Apodis,5730,137387,Aps
232.9308687,-20.16492491,6.22,HIP 76033,-,-,5756,138268,Lib
232.9457627,40.89933486,4.978,HIP 76041,-,ν 2 Boötis,5774,138629,Bootes
232.9592896,-32.88111534,6.488,HIP 76048,-,-,5753,138221,Lup
233.0174422,-38.62254086,6.219,HIP 76063,-,-,5751,138204,Lup
233.0403125,16.05616918,6.216,HIP 76069,-,τ 2 Serpentis,5770,138527,Ser
233.152921,-19.67045844,5.52,HIP 76106,-,-,5762,138413,Lib
233.2300886,-16.85284478,5.499,HIP 76126,-,ζ 4 Librae,5764,138485,Lib
233.2323568,31.35897752,6.29,HIP 76127,-,* tet CrB B,5778,138749,CrB
233.2324256,31.35913227,4.13,HIP 76127,-,θ Coronae Borealis,5778,138749,CrB
233.2324295,31.3591431,4.3,HIP 76127,-,* tet CrB A,5778,138749,CrB
233.2414065,-1.186401576,5.496,HIP 76133,-,A1 Ser,5772,138562,Ser
233.3513533,-40.49085028,6.4,HIP 76165,-,-,-,138395,Lup
233.4696077,17.13735729,6.49,HIP 76198,-,-,5783,138803,Ser
233.5071155,-40.06643286,5.82,HIP 76207,-,-,5767,138505,Lup
233.5445937,-10.06453271,4.62,HIP 76219,-,37 Lib,5777,138716,Lib
233.5868861,-39.3492083,6.349,HIP 76234,-,-,5773,138564,Lup
233.6104759,-9.183438948,5.17,HIP 76243,-,-,5780,138764,Lib
233.6554924,-28.04702026,5.138,HIP 76259,-,36 Lib,5775,138688,Lib
233.671952,26.714685,2.24,HIP 76267,Alphecca,α Coronae Borealis,5793,139006,CrB
233.7006052,10.53885563,4.14,HIP 76276,-,* del Ser A,5789,138918,Ser
233.7007299,10.53775278,5.13,HIP 76276,-,* del Ser B,5788,138917,Ser
233.7849104,-41.16676775,3.51,HIP 76297,-,* gam Lup B,5776,138690B,Lup
233.7851616,-41.16679195,3.48,HIP 76297,-,* gam Lup A,5776,138690,Lup
233.7852015,-41.16675687,2.765,HIP 76297,-,γ Lupi,5776,138690,Lup
233.8121609,39.01006742,5.11,HIP 76307,-,μ Coronae Borealis,5800,139153,CrB
233.8174941,53.9221415,5.964,HIP 76311,-,-,5811,139357,Dra
233.8815784,-14.78953551,3.91,HIP 76333,Zubenelhakrabi,γ Librae,5787,138905,Lib
233.8884572,17.65555429,6.113,HIP 76337,-,τ 3 Serpentis,5795,139074,Ser
233.9549747,38.37392548,6.28,HIP 76366,-,-,5808,139284,CrB
233.9718682,-44.95838868,4.708,HIP 76371,-,* d Lup A,5781,138769,Lup
233.9723677,11.26566125,6.04,HIP 76372,-,-,5796,139087,Ser
233.9876375,54.63050067,5.79,HIP 76376,-,-,5818,139493,Dra
234.0473464,-33.0928041,6.251,HIP 76395,-,-,5790,138923,Lup
234.050414,-44.39682628,5.434,HIP 76397,-,-,5784,138816,Lup
234.1174277,15.10145555,6.25,HIP 76423,-,-,-,139216,Ser
234.1218318,16.11908423,5.926,HIP 76424,-,τ 5 Serpentis,5804,139225,Ser
234.1232246,10.01014705,5.253,HIP 76425,-,16 Ser,5802,139195,Ser
234.1800952,-66.31703763,4.104,HIP 76440,-,ϵ Trianguli Australis,5771,138538,TrA
234.2226172,29.99118457,6.46,HIP 76456,-,-,5813,139389,CrB
234.2560371,-28.13511046,3.589,HIP 76470,-,υ Librae,5794,139063,Lib
234.3687486,-26.2798638,6.194,HIP 76503,-,-,5801,139160,Lib
234.3833644,54.50873023,5.845,HIP 76509,-,-,5828,139778,Dra
234.4130351,69.28334446,5.627,HIP 76519,-,-,5844,140227,UMi
234.450173,-23.1417071,5.79,HIP 76532,-,-,5806,139254,Lib
234.4566586,40.35343467,5.254,HIP 76534,-,ϕ Boötis,5823,139641,Bootes
234.5133623,-42.56733569,4.33,HIP 76552,-,ω Lupi,5797,139127,Lup
234.5658811,-28.20665654,6.319,HIP 76567,-,-,5809,139290,Lib
234.5676796,46.79777189,5.742,HIP 76568,-,-,5830,139798,Bootes
234.5678602,-21.01631844,5.816,HIP 76569,-,-,5810,139329,Lib
234.6425199,50.42323656,5.84,HIP 76594,-,-,5835,139906,Bootes
234.6640396,-29.77774878,3.642,HIP 76600,-,τ Librae,5812,139365,Lib
234.6664909,-8.794720872,6.5,HIP 76602,-,-,5815,139460,Lib
234.6669188,-8.79144611,6.38,HIP 76603,-,-,5816,139461,Lib
234.6757514,-39.12774561,6.041,HIP 76608,-,-,5807,139271,Lup
234.7035485,34.67503851,6.13,HIP 76617,-,-,5827,139761,CrB
234.7061271,-52.37269703,5.423,HIP 76618,-,-,5798,139129,Nor
234.7273224,-19.301891,5.359,HIP 76628,-,41 Lib,5814,139446,Lib
234.7896616,57.9244263,6.44,HIP 76651,-,-,5841,140117,Dra
234.8266547,-77.91800543,6.181,HIP 76664,-,-,5757,138289,Aps
234.839043,-23.15022858,6.322,HIP 76666,-,-,5819,139518,Lib
234.8426839,36.63682977,5.93,-,-,* 7 CrB B,5833,139891,CrB
234.8444702,36.63581106,4.979,HIP 76669,-,ζ 1 Coronae Borealis,5833,139891,CrB
234.9415804,-34.4119208,4.661,HIP 76705,-,ψ 1 Lupi,5820,139521,Lup
234.9855988,-59.90833531,5.95,HIP 76716,-,-,5803,139211,Nor
235.0431106,12.05293255,6.215,HIP 76733,-,-,5831,139862,Ser
235.048149,-70.2278832,6.424,HIP 76736,-,-,5792,138965,TrA
235.0646967,-31.2137734,6.34,HIP 76739,-,-,5822,139613,Lup
235.0704055,-23.81808365,4.96,HIP 76742,-,42 Lib,5824,139663,Lib
235.0889795,-73.4466672,5.65,HIP 76750,-,κ 2 Apodis,5782,138800,Aps
235.2426211,-47.73609177,6.209,HIP 76809,-,-,5821,139599,Lup
235.2462518,16.02458923,5.991,HIP 76810,-,τ 6 Serpentis,5840,140027,Ser
235.2974034,-44.66120603,4.633,HIP 76829,-,-,5825,139664,Lup
235.3877279,19.67039944,4.505,HIP 76852,-,ι Serpentis,5842,140159,Ser
235.4475614,12.84752603,5.33,HIP 76866,-,χ Serpentis,5843,140160,Ser
235.4778669,-76.08196439,5.941,HIP 76877,-,-,5786,138867,Aps
235.4779858,18.4640365,5.792,HIP 76878,-,τ 7 Serpentis,5845,140232,Ser
235.4866351,-19.678793,4.72,HIP 76880,-,κ Librae,5838,139997,Lib
235.5073661,-64.18028612,6.47,HIP 76894,-,-,-,139471,TrA
235.6551085,-49.48953409,6.01,HIP 76935,-,-,5832,139871,Nor
235.6596521,-37.42493921,5.24,HIP 76939,-,-,5837,139980,Lup
235.6709156,-34.71040752,4.721,HIP 76945,-,ψ 2 Lupi,5839,140008,Lup
235.6857056,26.29563438,4.05,HIP 76952,-,* gam CrB A,5849,140436A,CrB
235.6858552,26.29555742,5.56,HIP 76952,-,* gam CrB B,5849,140436B,CrB
235.7115009,52.36090107,5.482,HIP 76957,-,BP Boo,5857,140728,Bootes
235.793914,13.66765807,6.5,HIP 76985,-,-,5850,140438,Ser
235.8205348,-84.46527467,5.568,HIP 76996,-,ρ Octantis,5729,137333,Oct
235.8535779,-15.04323018,6.295,HIP 77007,-,-,5847,140301,Lib
235.9803193,-60.2872184,6.475,HIP 77042,-,-,5836,139915,Nor
235.9970806,32.51580592,5.575,HIP 77048,-,π Coronae Borealis,5855,140716,CrB
236.0146607,77.79449312,4.274,HIP 77055,-,ζ Ursae Minoris,5903,142105,UMi
236.0160185,-54.9868109,6.2,HIP 77058,-,T Nor,-,140041,Nor
236.0183311,-15.67283425,5.412,HIP 77060,-,η Librae,5848,140417,Lib
236.0669755,6.42563022,2.63,HIP 77070,Unukalhai,α Serpentis,5854,140573,Ser
236.0944753,-41.81908769,6.11,-,-,-,5846,140285A,Lup
236.0944756,-41.81908837,5.93,HIP 77086,-,-,5846,140285,Lup
236.1755512,17.26422197,6.136,HIP 77111,-,τ 8 Serpentis,5858,140729,Ser
236.3478279,5.44731945,5.58,HIP 77163,-,22 G. Ser Cap,5859,140775,Ser
236.4146179,0.891033199,6.337,HIP 77186,-,23 G. Ser Cap,5861,140815,Ser
236.5234855,-1.804190373,5.39,HIP 77227,-,A2 Ser,5863,140873,Ser
236.5468966,15.4218193,3.67,HIP 77233,Zhou,β Serpentis,5867,141003,Ser
236.6108926,7.353068716,4.42,HIP 77257,-,λ Serpentis,5868,141004,Ser
236.6448296,55.47478833,5.917,HIP 77272,-,-,5878,141472,Dra
236.6666932,62.59955643,5.194,HIP 77277,-,-,5886,141653,Dra
236.6842393,-34.68245278,5.6,HIP 77286,-,-,5860,140784,Lup
236.6892677,-6.120356991,6.245,HIP 77287,-,-,5866,140986,Lib
236.8221375,14.11541466,5.709,HIP 77336,-,υ Serpentis,5870,141187,Ser
236.8563276,-40.19420853,6.414,HIP 77350,-,-,5862,140861,Lup
236.8712542,-37.91631192,6.01,HIP 77358,-,-,5864,140901,Lup
236.9080289,55.37662559,5.878,HIP 77370,-,-,5887,141675,Dra
236.9710538,-65.44228016,5.53,HIP 77390,-,-,5851,140483,TrA
236.9710678,-65.44230786,6.12,-,-,CD-65 2007A,-,-,TrA
236.9717257,-65.4426974,6.4,-,-,CD-65 2007B,-,-,TrA
237.0074696,31.73561477,6.39,HIP 77397,-,-,5877,141456,CrB
237.0554412,13.78908028,5.97,HIP 77412,-,-,5874,141353,Ser
237.1433978,28.15674885,5.71,HIP 77442,-,R CrB,5880,141527,CrB
237.184905,18.14156491,4.09,HIP 77450,Gudja,κ Serpentis,5879,141477,Ser
237.210073,-52.43825426,6.05,HIP 77454,-,-,5865,140979,Nor
237.236654,-3.818510538,5.524,HIP 77464,-,30 Ser,5875,141378,Lib
237.3985292,26.06839286,4.63,HIP 77512,-,δ Coronae Borealis,5889,141714,CrB
237.405029,-3.43020438,3.53,HIP 77516,-,μ Serpentis,5881,141513,Ser
237.489576,-48.91240455,5.837,HIP 77541,-,-,5871,141194,Nor
237.5295151,-53.20977072,5.78,HIP 77562,-,-,5869,141168,Nor
237.5679775,-45.40171538,6.117,HIP 77574,-,-,5872,141296,Nor
237.5731118,2.19650889,5.217,HIP 77578,-,ω Serpentis,5888,141680,Ser
237.704022,4.477730971,3.693,HIP 77622,-,ϵ Serpentis,5892,141795,Ser
237.7397723,-33.62714676,3.946,HIP 77634,-,χ Lupi,5883,141556,Lup
237.7447686,-25.75129408,4.635,HIP 77635,-,1 Sco,5885,141637,Sco
237.7783507,-55.05553574,5.767,HIP 77645,-,V360 Nor,5873,141318,Nor
237.8080471,35.65738158,4.82,HIP 77655,-,κ Coronae Borealis,5901,142091,CrB
237.8149666,-3.090506257,5.1,HIP 77660,-,b Ser,5895,141851,Ser
237.8162886,20.97792043,4.78,HIP 77661,-,ρ Serpentis,5899,141992,Ser
237.8809078,-47.06080412,6.005,HIP 77678,-,-,5882,141544,Nor
237.9099805,-14.13358612,6.207,HIP 77689,-,-,5896,141853,Lib
238.0533578,-29.88653288,6.382,HIP 77729,-,-,5893,141832,Lup
238.0689841,55.82671216,5.8,HIP 77738,-,-,5922,142531,Dra
238.168921,42.45151747,4.62,HIP 77760,-,χ Herculis,5914,142373,Her
238.233815,17.40314841,6.28,HIP 77782,-,-,5909,142244,Ser
238.3004049,13.19662623,6.12,HIP 77801,-,39 Ser,5911,142267,Ser
238.3335579,-20.16707528,5.027,HIP 77811,-,λ Librae,5902,142096,Lib
238.3455915,-62.60656946,6.196,HIP 77817,-,-,5884,141585,TrA
238.3952903,16.07493379,6.22,HIP 77835,-,-,5913,142357,Ser
238.4029936,-25.32713873,4.71,HIP 77840,-,* 2 Sco A,5904,142114A,Sco
238.402995,-25.32714131,4.59,HIP 77840,-,2 Sco,5904,142114,Sco
238.456408,-16.72929705,4.16,HIP 77853,-,θ Librae,5908,142198,Lib
238.4746426,-24.53315925,5.372,HIP 77858,-,-,5906,142165,Sco
238.4827658,-23.97809538,5.402,HIP 77859,-,-,5907,142184,Sco
238.6254539,-27.33863497,6.1,HIP 77900,-,-,5910,142250,Sco
238.6442175,20.31096752,5.44,HIP 77902,-,QY Ser,5924,142574,Ser
238.6577072,43.13856391,5.38,HIP 77907,-,2 Her,5932,142780,Her
238.6647069,-25.24373888,5.87,HIP 77909,-,3 Sco,5912,142301,Sco
238.6678109,8.580337591,6.266,HIP 77910,-,40 Ser,5919,142500,Ser
238.7193199,-60.74365238,6.34,HIP 77927,-,-,5898,141913A,TrA
238.7515063,-19.38293185,5.957,HIP 77939,-,47 Lib,5915,142378,Lib
238.7515263,-19.38291798,6.05,HIP 77939 ,-,* 47 Lib A,5915,142378,Lib
238.7856753,-63.43072654,2.85,HIP 77952,-,β Trianguli Australis,5897,141891,TrA
238.873332,-68.60300095,5.097,HIP 77982,-,κ Trianguli Australis,5891,141767,TrA
238.8753065,-26.2659826,5.625,HIP 77984,-,4 Sco,5917,142445,Sco
238.8772208,-31.0836166,6.199,HIP 77985,-,-,5916,142407,Lup
238.8774664,42.56619206,5.75,HIP 77986,-,4 Her,5938,142926,Her
238.8848544,-60.17764569,5.868,-,-,-,5900,142049A,Nor
238.9160551,18.62074413,6.257,HIP 77995,-,-,5931,142763,Ser
238.9482803,37.94695693,5.424,HIP 78012,-,λ Coronae Borealis,5936,142908,CrB
238.9567539,58.91177143,6.306,HIP 78017,-,-,5949,143187,Dra
239.0246306,-60.48248463,5.76,HIP 78045,-,-,5905,142139,TrA
239.028493,-39.8643634,6.028,HIP 78046,-,-,5918,142448,Lup
239.0584612,-31.785881,6.284,HIP 78058,-,-,5923,142542,Lup
239.0600697,-14.39940787,6.324,HIP 78059,-,-,5927,142640,Lib
239.1132611,15.66161377,3.84,HIP 78072,-,γ Serpentis,5933,142860,Ser
239.1390568,-14.82943693,6.117,HIP 78078,-,-,5930,142703,Lib
239.221155,-29.21407444,3.86,HIP 78104,Iklil,ρ Scorpii,5928,142669,Sco
239.2228735,-33.96611475,5.08,HIP 78105,-,ξ 1 Lupi,5925,142629,Lup
239.22547,-33.96426056,5.55,HIP 78106,-,ξ 2 Lupi,5926,142630,Lup
239.2661283,-48.16218867,6.297,HIP 78117,-,-,5921,142529,Nor
239.3107118,14.41448137,5.53,HIP 78132,-,ϕ Serpentis,5940,142980,Ser
239.3388584,-36.18534493,5.83,HIP 78142,-,-,5929,142691,Lup
239.3742671,39.6950856,6.297,HIP 78153,-,-,5950,143209,Her
239.3968808,26.87787963,4.13,HIP 78159,-,ϵ Coronae Borealis,5947,143107,CrB
239.4185984,-20.98307849,5.836,HIP 78168,-,-,5934,142883,Sco
239.4476694,54.74976377,4.96,HIP 78180,-,CL Dra,5960,143466,Dra
239.5473677,-14.27935586,4.87,HIP 78207,-,48 Lib,5941,142983,Lib
239.6283197,-37.50388295,6.307,HIP 78236,-,-,5935,142889,Lup
239.6452774,-24.83148937,5.43,HIP 78246,-,-,5942,142990,Sco
239.7129718,-26.11410795,2.91,HIP 78265,Fang,π Scorpii,5944,143018,Sco
239.7404821,36.64377062,5.586,HIP 78276,-,-,5957,143435,CrB
239.742282,-65.03758495,5.74,HIP 78279,-,-,5920,142514,TrA
239.7683158,49.88104398,6.032,HIP 78286,-,-,5964,143584,Her
239.8761109,-41.74443835,4.984,HIP 78323,-,-,5943,143009,Lup
239.9755925,-54.02091362,6.089,HIP 78355,-,-,5937,142919,Nor
239.9910083,-40.65311275,6.488,HIP 78367,-,-,5945,143084,Lup
240.030533,-38.39670506,3.41,HIP 78384,-,η Lupi,5948,143118,Lup
240.0818151,-16.53341208,5.45,HIP 78400,-,49 Lib,5954,143333,Lib
240.0833554,-22.62170643,2.32,HIP 78401,Dschubba,δ Scorpii,5953,143275,Sco
240.198468,-8.411358271,5.526,HIP 78436,-,50 Lib,5959,143459,Lib
240.2130584,4.427357896,5.804,HIP 78442,-,3 Her,5963,143553,Ser
240.223798,-40.43547664,6.221,HIP 78445,-,-,5952,143248,Lup
240.2769492,-54.5779033,6.124,HIP 78469,-,-,5946,143101,Nor
240.2946509,-63.77653633,6.41,HIP 78476,-,S TrA,5939,142941,TrA
240.3314765,-31.88913367,6.317,HIP 78486,-,-,5956,143404,Lup
240.3606872,29.85106095,4.971,HIP 78493,-,ι Coronae Borealis,5971,143807,CrB
240.4722707,58.56525054,4,HIP 78527,-,θ Draconis,5986,144284,Dra
240.5186486,-51.12077193,6.387,HIP 78540,-,-,-,143321,Nor
240.52319,52.91593807,5.902,HIP 78542,-,-,5981,144204,Dra
240.5737145,22.80445254,4.817,HIP 78554,-,π Serpentis,5972,143894,Ser
240.6642573,-29.1358029,6.056,HIP 78575,-,-,5965,143619,Sco
240.6995742,46.03670387,4.709,HIP 78592,-,υ Herculis,5982,144206,Her
240.7187168,-62.54159055,6.246,HIP 78603,-,-,5951,143238,TrA
240.7889384,59.41073743,6.19,HIP 78632,-,-,5995,144542,Dra
240.8037395,-49.22969592,4.643,HIP 78639,-,η Normae,5962,143546,Nor
240.8306849,36.63178765,5.804,HIP 78649,-,-,5983,144208,CrB
240.8359298,-25.86524257,4.966,HIP 78650,-,-,5969,143787,Sco
240.8507897,-38.60253932,4.89,HIP 78655,-,-,5967,143699,Lup
240.8806216,76.79394073,5.73,HIP 78661,-,-,6034,145622,UMi
240.8837059,-57.77507336,4.67,HIP 78662,-,ι 1 Normae,5961,143474,Nor
240.893162,-32.00053451,5.993,HIP 78665,-,-,5970,143790,Lup
240.9403794,4.986832127,6.068,HIP 78685,-,43 Ser,5976,144046,Ser
240.9779277,-24.72631337,6.211,HIP 78699,-,-,5973,143900,Sco
241.0258275,-59.17618676,6.38,HIP 78710,-,-,-,143548,Nor
241.0742433,-33.21371457,6.086,HIP 78726,-,-,5974,143902,Lup
241.0888353,-53.71038689,6.47,HIP 78731,-,QY Nor,-,143658,Nor
241.0922032,-11.37296456,4.87,HIP 78727,-,* ksi Sco B,5977,144069,Sco
241.0922274,-11.3731039,4.17,HIP 78727,-,ξ Sco B,-,-,Sco
241.0923141,-11.3732074,5.16,HIP 78727,-,* ksi Sco A,5978,144070,Sco
241.1533984,-37.86294801,5.901,HIP 78747,-,-,5975,143928,Lup
241.35929,-19.80539,2.5,HIP 78820,Acrab,* bet Sco,5984,144217,Sco
241.3592999,-19.80545278,2.62,HIP 78820,Acrab,β 1 Scorpii,5984,144217,Sco
241.3607026,-19.80190151,4.89,HIP 78821,-,β 2 Scorpii,5985,144218,Sco
241.4080814,8.096249732,6.269,HIP 78840,-,38 G. Ser Cap,5992,144426,Ser
241.4356475,-6.2911261,6.41,-,-,-,5989,144362A,Oph
241.4825804,-72.40090079,5.685,HIP 78868,-,-,5955,143346,Aps
241.4992246,-6.139754015,6.391,HIP 78870,-,3 G. Oph,5990,144390,Oph
241.5266214,-23.60634712,5.92,HIP 78877,-,V929 Sco,5988,144334,Sco
241.5819866,67.81013521,5.441,HIP 78893,-,-,6025,145454,Dra
241.6227153,-45.17328002,4.713,HIP 78914,-,δ Normae,5980,144197,Nor
241.6480999,-36.80227053,4.201,HIP 78918,-,θ Lupi,5987,144294,Lup
241.7017708,-20.66918885,3.97,HIP 78933,-,ω 1 Scorpii,5993,144470,Sco
241.7640402,-14.07129754,6.32,HIP 78955,-,-,5996,144585,Sco
241.8175807,-36.75563286,5.7,HIP 78970,-,-,5991,144415,Lup
241.8424051,21.82265428,6.14,HIP 78985,-,-,6005,144889,Ser
241.8503523,-56.19095949,6.165,HIP 78989,-,-,5979,144183,Nor
241.8513626,-20.86876443,4.33,HIP 78990,-,ω 2 Scorpii,5997,144608,Sco
241.9017305,-12.74540681,5.77,HIP 79005,-,11 Sco,6002,144708,Sco
241.9064129,9.891740914,5.635,HIP 79007,-,45 Ser,6004,144874,Ser
241.9661994,-24.46234652,6.33,HIP 79031,-,-,5998,144661,Sco
242.0188568,17.04697753,4.994,HIP 79043,Marsic,-,6008,145001,Her
242.0206062,17.0543597,6.23,HIP 79045,-,κ Herculis B,6009,145000,Her
242.0316113,-26.32668091,5.38,HIP 79050,-,-,6001,144690,Sco
242.1169825,8.534310908,5.73,HIP 79072,-,47 Ser,6010,145002,Ser
242.1821679,-23.68541207,5.88,HIP 79098,-,-,6003,144844,Sco
242.1924009,44.93490593,4.27,HIP 79101,-,ϕ Herculis,6023,145389,Her
242.1942965,17.20563667,6.127,HIP 79102,-,8 Her,6013,145122,Her
242.2429539,36.49087057,4.73,HIP 79119,-,τ Coronae Borealis,6018,145328,CrB
242.2453305,3.454474692,5.909,HIP 79120,-,41 G. Ser Cap,6011,145085,Ser
242.2620785,57.93784469,6.33,HIP 79125,-,-,6036,145674,Dra
242.3272819,-57.93431911,5.57,HIP 79153,-,ι 2 Normae,5994,144480,Nor
242.3582223,55.82897392,6.4,HIP 79164,-,-,6038,145694,Dra
242.4604326,-3.466744115,5.378,HIP 79195,-,43 G. Ser Cap,6016,145206,Ser
242.4691245,-33.54580654,5.497,HIP 79199,-,-,6007,144987,Sco
242.480303,-18.3406277,6.43,HIP 79203,-,-,6012,145100,Sco
242.4965731,-62.96715276,6.488,HIP 79208,-,-,-,144481,TrA
242.7063518,75.87756181,5.473,HIP 79280,-,19 UMi,6079,146926,UMi
242.7586179,-29.41621869,5.102,HIP 79302,-,-,6017,145250,Sco
242.8237673,-41.11980209,5.857,HIP 79320,-,-,6015,145191,Sco
242.8697434,16.66569087,6.082,HIP 79332,-,48 Ser,6035,145647,Her
242.9084808,23.4948014,5.7,HIP 79349,-,10 Her,6039,145713,Her
242.9149968,33.34276547,6.3,HIP 79350,-,-,6043,145802,CrB
242.9483284,42.37456654,5.868,HIP 79357,-,-,6050,145931,Her
242.9502307,36.42509476,5.615,HIP 79358,-,-,6046,145849,CrB
242.998891,-19.4606906,4.349,HIP 79374,Jabbah A,* nu. Sco A,6027,145502A,Sco
242.9988987,-19.46070448,4,HIP 79374,Jabbah,ν Scorpii,6027,145502,Sco
242.9999714,-10.06414171,4.928,HIP 79375,-,ψ Scorpii,6031,145570,Sco
243.0272669,39.05552524,6.388,HIP 79385,-,-,-,145957,CrB
243.0304832,-8.547579594,5.424,HIP 79387,-,16 Sco,6033,145607,Sco
243.0668451,-28.41728452,5.8,HIP 79399,-,* 12 Sco A,-,145483A,Sco
243.0758526,-27.92637591,4.568,HIP 79404,-,13 Sco,6028,145482,Sco
243.1056677,67.14417866,6.211,HIP 79414,-,-,6069,146603,Dra
243.1337307,75.21068144,6.34,HIP 79420,-,20 UMi,6082,147142,UMi
243.1894612,26.67057991,6.5,-,-,-,6052,145976A,CrB
243.2357763,-4.220786625,6.255,HIP 79463,-,5 G. Oph,6041,145788,Oph
243.3142876,5.021091243,5.453,HIP 79488,-,9 Her,6047,145892,Her
243.3207051,-53.67117433,5.944,HIP 79490,-,V367 Nor,6022,145384,Nor
243.3445746,-55.54094743,5.772,HIP 79497,-,ζ Normae,6019,145361,Nor
243.3697086,-54.63046751,4.94,HIP 79509,-,κ Normae,6024,145397,Nor
243.4108166,-1.475129336,6.45,HIP 79522,-,45 G. Ser Cap,-,145936,Ser
243.4395747,-24.42209166,6.43,HIP 79530,-,-,6042,145792,Sco
243.4621094,-11.83774786,5.239,HIP 79540,-,χ Scorpii,6048,145897,Sco
243.5566946,5.901847223,6.289,HIP 79581,-,2 G. Her,6057,146084,Her
243.5864126,-3.694325785,2.75,HIP 79593,Yed Prior,δ Ophiuchi,6056,146051,Oph
243.5931879,-33.0110882,5.918,HIP 79596,-,-,6044,145838,Sco
243.6203447,-21.10763655,6.405,HIP 79599,-,-,6051,145964,Sco
243.6393466,73.39489111,6.016,HIP 79601,-,-,6088,147321,UMi
243.6635164,-18.53564833,6.34,HIP 79605,-,-,6053,145997,Sco
243.6682809,33.85752672,6.42,-,-,* sig CrB B,6064,146362,CrB
243.6702227,33.85861434,5.55,-,-,* sig CrB A,-,146361,CrB
243.7226228,-25.47697234,6.05,HIP 79622,-,-,6054,146001,Sco
243.813824,-47.37201988,5.124,HIP 79653,-,θ Normae,6045,145842,Nor
243.8498243,-42.89942483,6.135,HIP 79661,-,-,6049,145921,Nor
243.8594616,-63.6856815,3.839,HIP 79664,-,δ Trianguli Australis,6030,145544,TrA
243.8693124,18.80808822,5.69,HIP 79666,-,16 Her,6065,146388,Her
243.9052928,-8.369439479,5.5,HIP 79672,-,18 Sco,6060,146233,Sco
243.9471765,27.42208247,6.136,HIP 79686,-,-,6068,146537,CrB
243.9574896,-57.91234941,5.622,HIP 79689,-,-,6040,145782,Nor
243.964563,-14.84911541,6.083,HIP 79692,-,-,6061,146254,Sco
244.1803239,-53.81111142,5.44,HIP 79754,-,V368 Nor,6055,146003,Nor
244.1866129,29.15026062,5.779,HIP 79757,-,υ Coronae Borealis,6074,146738,CrB
244.2304232,-3.953348115,6.165,HIP 79781,-,8 G. Oph,6067,146514,Oph
244.2455371,-53.69623061,6.41,HIP 79787,-,-,-,146059,Nor
244.2466593,-20.10408768,6.42,HIP 79788,-,-,-,146436,Sco
244.2538931,-50.06812143,5.09,HIP 79790,-,γ 1 Normae,6058,146143,Nor
244.2725443,-67.94128417,5.944,HIP 79797,-,-,6037,145689,TrA
244.313963,59.75501684,5.4,HIP 79804,-,-,6086,147232,Dra
244.3370846,-53.08638203,6.33,HIP 79812,-,-,6059,146145,Nor
244.4306597,1.496713515,6.49,HIP 79834,-,-,-,146740,Ser
244.540704,68.5545454,6.36,HIP 79867,-,-,6101,147662,Dra
244.5745798,-28.61402,4.782,HIP 79881,-,-,6070,146624,Sco
244.5803759,-4.692513153,3.23,HIP 79882,Yed Posterior,ϵ Ophiuchi,6075,146791,Oph
244.7159654,-57.89979333,6.49,HIP 79932,-,S Nor,6062,146323,Nor
244.751735,-14.87281398,5.94,HIP 79938,-,-,6078,146850,Sco
244.7821744,-20.21806835,6.298,HIP 79945,-,-,6076,146834,Sco
244.7967215,49.03815837,5.91,HIP 79953,-,-,6090,147352,Her
244.8235275,-42.67397261,5.44,HIP 79963,-,λ Normae,6071,146667,Nor
244.8864095,-30.90671131,5.502,HIP 79980,-,-,6077,146836,Sco
244.9351533,46.3133617,3.87,HIP 79992,-,τ Herculis,6092,147394,Her
244.9600929,-50.155506,4.02,HIP 80000,-,γ 2 Normae,6072,146686,Nor
244.9797592,39.70858345,5.48,HIP 80008,-,-,6091,147365,Her
245.0178136,21.13261227,6.038,HIP 80021,-,-,6087,147266,Her
245.086673,-78.69574842,4.68,HIP 80047,-,δ 1 Apodis,6020,145366,Aps
245.1052146,-55.13970659,5.744,HIP 80054,-,-,6073,146690,Nor
245.1119068,-78.66749603,5.247,HIP 80057,-,δ 2 Apodis,6021,145388,Aps
245.1359061,-39.43034253,6.102,HIP 80066,-,-,6080,146954,Sco
245.1590574,-24.1693043,4.57,HIP 80079,-,ο Scorpii,6081,147084,Sco
245.2971488,-25.59279208,2.89,HIP 80112,Alniyat,σ Scorpii,6084,147165,Sco
245.3626364,-48.18862259,6.498,HIP 80142,-,-,-,147001,Nor
245.4529616,69.10939293,5.264,HIP 80161,-,-,6126,148293,Dra
245.48006,19.15312828,3.76,HIP 80170,-,γ Herculis,6095,147547,Her
245.5181176,1.029043509,4.82,HIP 80179,-,σ Serpentis,6093,147449,Ser
245.5242661,30.89199596,4.849,HIP 80181,-,ξ Coronae Borealis,6103,147677,CrB
245.5892701,33.79905223,5.2,HIP 80197,-,ν 1 Coronae Borealis,6107,147749,CrB
245.6166483,-49.57235238,5.318,HIP 80208,-,-,6083,147152,Nor
245.6211145,-43.91205515,5.915,HIP 80212,-,-,6085,147225,Nor
245.621743,33.70347908,5.39,HIP 80214,-,ν 2 Coronae Borealis,6108,147767,CrB
245.6621051,-2.079866464,6.241,HIP 80227,-,10 G. Oph,6096,147550,Oph
245.7354126,32.33301165,6.404,HIP 80247,-,23 Her,6110,147835,CrB
245.9464498,61.6964519,6.04,-,-,-,6130,148374A,Dra
245.9863094,-33.19939737,6.46,HIP 80324,-,-,6097,147553,Sco
245.9978597,61.51420976,2.74,HIP 80331,Athebyne,η Draconis,6132,148387,Dra
246.0053797,-39.19298053,5.376,HIP 80337,-,-,6094,147513,Sco
246.0257406,-20.03732005,4.5,HIP 80343,-,ψ Ophiuchi,6104,147700,Oph
246.0451198,6.948210497,5.819,HIP 80351,-,21 Her,6111,147869,Her
246.1055768,55.20509632,5.734,HIP 80375,-,DQ Dra,6127,148330,Dra
246.13231,-37.56604458,5.42,HIP 80390,-,-,6100,147628,Sco
246.1657241,-29.70465813,5.41,HIP 80399,-,CD-29 12513B,6105,147722,Sco
246.1657255,-29.70466253,5.82,-,-,CD-29 12513A,6106,147723,Sco
246.2256256,-45.34949816,6.326,HIP 80421,-,-,6099,147614,Nor
246.332,-40.661,5.8,-,-,NGC 6124,-,-,Sgr
246.3421938,-63.12521722,6.132,HIP 80455,-,-,6089,147349,TrA
246.3507034,37.3940519,5.54,HIP 80460,-,25 Her,6123,148283,Her
246.3539778,14.03326724,4.58,HIP 80463,Cujam,ω Herculis,6117,148112,Her
246.3963236,-23.44717083,4.63,HIP 80473,-,ρ Ophiuchi,6112,147933,Oph
246.3963274,-23.44717546,5.05,HIP 80473,-,* rho Oph A,6112,147933,Oph
246.5474412,11.40749519,6.103,HIP 80514,-,-,6121,148228,Her
246.7086433,2.347942748,6.049,HIP 80558,-,16 G. Oph,6124,148287,Oph
246.7559815,-18.45624999,4.43,HIP 80569,-,χ Ophiuchi,6118,148184,Oph
246.7919434,-47.54907675,6.13,HIP 80579,-,-,-,-,Nor
246.7960067,-47.55479365,4.521,HIP 80582,-,ϵ Normae,6115,147971,Nor
246.8844641,2.870624029,6.37,HIP 80610,-,19 G. Oph,-,148390,Oph
246.9310708,-7.597929125,5.23,HIP 80620,-,17 G. Oph,6128,148349,Oph
246.9507221,-8.371782117,4.63,HIP 80628,-,υ Ophiuchi,6129,148367,Oph
246.9889398,-64.05794042,5.29,HIP 80645,-,ι Trianguli Australis,6109,147787,TrA
246.995894,68.76813709,4.949,HIP 80650,-,15 Dra,6161,149212,Dra
247.0602932,-37.17988287,5.79,HIP 80672,-,-,6122,148247,Sco
247.0631658,-58.59979409,5.673,HIP 80675,-,-,6114,147977,Nor
247.1172594,-70.08439581,4.899,HIP 80686,-,ζ Trianguli Australis,6098,147584,TrA
247.1415867,0.665000318,5.39,HIP 80693,-,21 G. Oph,6136,148513,Oph
247.1606233,41.88167914,5.01,HIP 80704,-,30 Her,6146,148783,Her
247.1763138,0.054857275,6.45,HIP 80708,-,-,-,148531,Oph
247.1810267,51.40774065,6.307,HIP 80710,-,-,6150,148880,Dra
247.35083,-26.43083,5.2,-,-,* alf Sco B,-,148479,Sco
247.3519154,-26.43200261,0.91,HIP 80763,Antares,α Scorpii,6134,148478,Sco
247.4263657,-46.24323081,5.37,HIP 80782,-,QU Nor,6131,148379,Nor
247.4384195,-57.75632429,6.052,HIP 80788,-,V378 Nor,6120,148218,Nor
247.4455094,-14.55079801,5.665,HIP 80793,-,22 G. Oph,6140,148604,Oph
247.5251633,48.96108562,6.427,HIP 80809,-,34 Her,6156,149081,Her
247.5519803,-25.11522127,4.79,HIP 80815,-,22 Sco,6141,148605,Sco
247.5550013,21.48961075,2.77,HIP 80816,Kornephoros,β Herculis,6148,148856,Her
247.6250765,-7.514453179,6.461,HIP 80840,-,23 G. Oph,6144,148743,Oph
247.6397853,20.47918736,5.243,HIP 80843,-,-,6152,148897,Her
247.7056648,-61.63350575,5.182,HIP 80874,-,-,6125,148291,TrA
247.7284118,1.983905135,4.15,HIP 80883,Marfik A,* lam Oph A,6149,148857,Oph
247.7284298,1.98392248,3.9,HIP 80883,Marfik,λ Ophiuchi,6149,148857,Oph
247.728592,1.984244,5.14,HIP 80883,Marfik B,* lam Oph B,6149,148857,Oph
247.7615983,35.22506655,6.26,HIP 80888,-,-,6157,149084,Her
247.7848624,-16.61273087,4.27,HIP 80894,-,ϕ Ophiuchi,6147,148786,Oph
247.8059627,22.19545607,5.754,HIP 80898,-,-,6154,149009,Her
247.8451996,-26.53764462,6.081,HIP 80910,-,-,6145,148760,Sco
247.8455603,-34.70436819,4.23,HIP 80911,-,N Sco,6143,148703,Sco
247.8676135,72.61233807,6.31,HIP 80920,-,-,6180,150010,Dra
247.9240365,-41.81714793,5.39,HIP 80945,-,-,6142,148688,Sco
247.9467816,45.59826248,5.68,HIP 80953,-,-,6162,149303,Her
247.9852332,9.414381302,6.5,HIP 80964,-,-,-,149059,Her
248.0341683,-21.46640337,4.45,HIP 80975,-,ω Ophiuchi,6153,148898,Oph
248.1069948,60.82330152,5.91,HIP 80991,-,-,6170,149650,Dra
248.1486893,5.521219936,5.63,HIP 81007,-,n Her,6158,149121,Her
248.1512166,11.48804115,4.85,HIP 81008,-,29 Her,6159,149161,Her
248.3628438,-78.89714817,3.854,HIP 81065,-,γ Apodis,6102,147675,Aps
248.520914,-44.04531128,4.94,HIP 81122,-,μ Normae,6155,149038,Nor
248.5257601,42.43700949,4.196,HIP 81126,-,σ Herculis,6168,149630,Her
248.5806091,-70.98810222,5.489,HIP 81141,-,-,6135,148488,Aps
248.7822718,-45.24436344,6.44,HIP 81198,-,-,6160,149174,Sco
248.8595323,17.05734104,6.403,HIP 81231,-,-,6169,149632,Her
248.9367544,-65.49539962,5.5,HIP 81252,-,θ Trianguli Australis,6151,148890,TrA
248.9706369,-28.21601709,2.81,HIP 81266,Paikauhale,τ Scorpii,6165,149438,Sco
249.0466739,46.61333117,5.814,HIP 81289,-,-,6183,150030,Her
249.0475848,52.90005242,5.52,HIP 81290,-,16 Dra,6184,150100,Dra
249.0571722,52.92442288,5.39,HIP 81292,-,* 17 Dra A,6185,150117,Dra
249.0585831,52.92419058,6.413,HIP 81292,-,* 17 Dra B,6186,150118,Dra
249.08304,-2.32031,5.755,-,-,BD+02 4211,-,-,Oph
249.0893737,-2.324586951,5.77,HIP 81300,-,12 Oph,6171,149661,Oph
249.0936313,-35.25533141,4.156,HIP 81304,-,H Sco,6166,149447,Sco
249.0940119,-42.8588617,5.52,HIP 81305,-,-,6164,149404,Sco
249.1789105,15.49745201,6.355,HIP 81337,-,V773 Her,6176,149822,Her
249.2291441,63.07282449,6.148,HIP 81358,-,-,6198,150429,Dra
249.2897502,-10.56708604,2.56,HIP 81377,-,ζ Ophiuchi,6175,149757,Oph
249.3906656,5.277525551,6.47,HIP 81404,-,11 G. Her,-,149908,Her
249.4500427,13.68703276,6.32,HIP 81425,-,-,6181,150012,Her
249.4697302,78.91867086,6.317,HIP 81428,-,-,6238,151623,UMi
249.5018686,56.0155626,5.28,HIP 81437,-,-,6199,150449,Dra
249.5064712,-6.538013398,6.09,HIP 81440,-,30 G. Oph,6179,149911,Oph
249.60955,-43.3984247,5.83,HIP 81472,-,V1003 Sco,6174,149711,Sco
249.6868542,48.92834233,4.9,HIP 81497,-,42 Her,6200,150450,Her
249.6988636,-8.618606095,6.45,HIP 81499,-,31 G. Oph,-,150052,Oph
249.7195636,-60.99039514,6.15,HIP 81507,-,-,6167,149485,Ara
249.7717775,-37.21737605,5.914,HIP 81523,-,-,6178,149886,Sco
249.9130403,-9.554586822,6.332,HIP 81580,-,33 G. Oph,6189,150177,Oph
250.1438225,-20.40864767,6.245,HIP 81632,-,34 G. Oph,6190,150259,Oph
250.1611966,4.219789774,5.761,HIP 81641,-,37 Her,6195,150378,Her
250.1849977,-51.47825749,6.29,HIP 81650,-,V872 Ara,-,149989,Ara
250.210347,-60.44644642,6.24,HIP 81657,-,-,6177,149837,Ara
250.2139161,12.39504116,6.061,HIP 81659,-,-,6203,150483,Her
250.2296645,64.58904569,4.842,HIP 81660,-,18 Dra,6223,151101,Dra
250.2350332,-8.309624746,6.49,HIP 81663,-,38 G. Oph,-,150381,Oph
250.2524233,24.85870342,6.07,HIP 81670,-,-,6208,150580,Her
250.2980967,-1.000313299,6.259,HIP 81687,-,41 G. Oph,6201,150451,Oph
250.3191979,31.60458388,2.88,HIP 81693,-,* zet Her A,6212,150680,Her
250.3197285,1.245435736,6.395,HIP 81691,-,42 G. Oph,-,150493,Oph
250.3215043,31.6027187,2.8,HIP 81693,-,ζ Herculis,6212,150680,Her
250.335065,-48.76298068,5.65,HIP 81702,-,-,6187,150136,Ara
250.3462823,-68.29612193,5.884,HIP 81710,-,η 1 Trianguli Australis,6172,149671,TrA
250.3932646,-17.74216655,4.923,HIP 81724,-,24 Sco,6196,150416,Oph
250.4007414,-24.46796077,6.09,HIP 81728,-,36 G. Oph,6193,150366,Oph
250.4029135,26.9168802,5.916,HIP 81729,-,39 Her,6213,150682,Her
250.4176091,-49.65155234,5.68,HIP 81733,-,-,6188,150168,Ara
250.423475,36.461319,5.8,-,-,M 13,-,-,Her
250.4270081,1.181230899,5.724,HIP 81734,-,14 Oph,6205,150557,Oph
250.439393,-33.14575986,5.836,HIP 81741,-,-,6192,150331,Sco
250.473762,-19.92436096,5.559,HIP 81754,-,40 G. Oph,6202,150453,Oph
250.7017478,-62.55392958,6.19,HIP 81823,-,-,-,150097,TrA
250.7240206,38.92225492,3.5,HIP 81833,-,η Herculis,6220,150997,Her
250.7435775,55.69012055,6.172,HIP 81840,-,-,6226,151199,Dra
250.7648574,-46.0702936,6.27,HIP 81847,-,-,6197,150421,Ara
250.7694107,-77.51743315,4.24,HIP 81852,-,β Apodis,6163,149324,Aps
250.84228,-67.4323866,6.015,HIP 81873,-,-,6182,150026,TrA
250.9113497,-32.10594617,6.452,HIP 81891,-,-,6211,150638,Sco
250.9403309,-41.1192046,6.199,HIP 81903,-,-,6206,150573,Sco
250.9483303,-38.15634401,6.046,HIP 81904,-,-,6210,150608,Sco
250.95,-41.1167,5.41,-,-,[SC96] Mis 125,-,-,Sco
250.9653649,34.03880255,6.01,HIP 81911,-,-,6222,151087,Her
250.9753419,-41.11334407,6.116,HIP 81914,-,-,6209,150591,Sco
251.1655967,-53.15231618,5.967,HIP 81966,-,-,6207,150576,Ara
251.1774695,-40.83967507,5.628,HIP 81972,-,-,6214,150742,Sco
251.2507913,-28.50965713,5.982,HIP 81992,-,-,6218,150894,Sco
251.2991452,43.21717192,6.059,HIP 82012,-,-,6230,151388,Her
251.3244229,56.78189999,4.837,HIP 82020,-,-,6237,151613,Dra
251.3438235,15.74528106,5.619,HIP 82028,-,-,6227,151203,Her
251.3736452,1.020163006,6.018,HIP 82037,-,16 Oph,6224,151133,Oph
251.4578831,8.582613525,5.15,HIP 82073,-,43 Her,6228,151217,Her
251.4926817,82.03725828,4.212,HIP 82080,-,ϵ Ursae Minoris,6322,153751,UMi
251.526555,-46.53199371,6.47,HIP 82091,-,-,-,150897,Ara
251.5884412,-58.5035954,5.728,HIP 82110,-,-,6215,150745,Ara
251.6666317,-67.10969037,5.1,HIP 82129,-,LP TrA,6204,150549,TrA
251.6998248,-39.37696419,5.481,HIP 82135,-,-,6221,151078,Sco
251.7906377,2.064529047,6.077,HIP 82162,-,19 Oph,6232,151431,Oph
251.80908,-1.94853,6.07,-,-,M 12,-,-,Oph
251.8319097,-58.3414442,5.61,HIP 82171,-,-,6219,150898,Ara
251.8322789,42.23891603,5.87,HIP 82172,-,V636 Her,6242,151732,Her
251.9434168,5.246747594,5.24,HIP 82216,-,45 Her,6234,151525,Her
252.0370333,13.59028376,6.379,HIP 82241,-,-,6239,151627,Her
252.1124078,-14.90941809,6.028,HIP 82259,-,46 G. Oph,6235,151527,Oph
252.1662295,-69.02771185,1.88,HIP 82273,Atria,α Trianguli Australis,6217,150798,TrA
252.3092379,45.98331948,4.826,HIP 82321,-,* 52 Her A,6254,152107A ,Her
252.3092426,45.98332279,4.823,HIP 82321,-,52 Her,6254,152107,Her
252.3652876,-15.66796724,6.19,HIP 82339,-,V1010 Oph,6240,151676,Oph
252.394408,13.26113762,5.91,HIP 82350,-,-,6246,151862,Her
252.4190237,43.43043622,6.165,HIP 82355,-,-,6256,152153,Her
252.4464845,-59.04137935,3.744,HIP 82363,-,η Arae,6229,151249,Ara
252.4584073,-10.78306516,4.632,HIP 82369,-,20 Oph,6243,151769,Oph
252.5408784,-34.29323159,2.29,HIP 82396,Larawag,ϵ Scorpii,6241,151680,Sco
252.5807534,7.247683551,5.469,HIP 82402,-,47 Her,6250,151956,Her
252.5927147,-2.654357559,6.31,HIP 82405,-,51 G. Oph,6248,151900,Oph
252.6503317,-50.04494556,6.45,HIP 82418,-,-,6236,151566,Ara
252.6503931,41.89649903,6.29,HIP 82419,-,-,6264,152262,Her
252.6623271,29.80653969,5.72,HIP 82422,-,50 Her,6258,152173,Her
252.6797899,32.55366808,6.158,HIP 82426,-,-,6259,152224,Her
252.7501408,-37.51451129,6.22,HIP 82453,-,-,6244,151771,Sco
252.8538675,1.215946528,5.51,HIP 82480,-,21 Oph,6255,152127,Oph
252.8905075,-41.2305332,5.22,HIP 82493,-,-,6245,151804,Sco
252.9385898,24.65643282,5.029,HIP 82504,-,51 Her,6270,152326,Her
252.9676181,-38.04739946,2.98,HIP 82514,Xamidimura,μ 1 Scorpii,6247,151890,Sco
252.9745092,-65.3754584,6.114,HIP 82517,-,-,6233,151441,TrA
252.974662,14.94187878,6.4,HIP 82516,-,-,-,152276,Her
253,-38.0333,2.51,-,-,[SC96] Mis 162,-,-,Sco
253.020211,14.97421431,6.488,HIP 82526,-,-,6268,152308,Her
253.0737622,-67.68163704,6.317,HIP 82539,-,-,6231,151404,TrA
253.0839388,-38.01753496,3.542,HIP 82545,Pipirima,μ 2 Scorpii,6252,151985,Sco
253.1142289,-40.72315503,6.315,HIP 82554,-,-,-,151965,Sco
253.125,-40.7167,6.14,-,-,[SC96] Mis 165,-,-,Sco
253.2419074,31.701673,5.333,HIP 82587,-,53 Her,6279,152598,Her
253.3231253,47.41671211,5.987,HIP 82611,-,-,6286,152812,Her
253.3550531,-20.41580059,5.857,HIP 82621,-,54 G. Oph,6269,152311,Oph
253.4,-42.0833,5.94,-,-,[SC96] Mis 177,-,-,Sco
253.4267675,-43.05096903,6.06,HIP 82650,-,V1068 Sco,6257,152161,Sco
253.4952202,-41.99432718,6.38,HIP 82669,-,V900 Sco,6261,152235,Sco
253.498863,-42.36202982,4.79,HIP 82671,-,ζ 1 Scorpii,6262,152236,Sco
253.5015022,-57.90951154,5.905,HIP 82672,-,-,6251,151967,Ara
253.5019647,10.16536138,4.38,HIP 82673,-,ι Ophiuchi,6281,152614,Oph
253.5076557,-41.80638539,5.45,HIP 82676,-,-,6260,152234,Sco
253.5419243,-41.82503869,6.088,HIP 82691,-,-,-,152248,Sco
253.5441876,-1.612303284,6.24,HIP 82693,-,V2542 Oph,6277,152569,Oph
253.5484982,-41.84924864,6.45,-,-,-,-,152249,Sco
253.6122612,-42.47889682,5.839,HIP 82716,-,-,6266,152293,Sco
253.6314816,-49.71080523,6.46,HIP 82723,-,-,-,152220,Ara
253.6458543,-42.36131584,3.62,HIP 82729,-,ζ 2 Scorpii,6271,152334,Sco
253.6487253,-6.153980957,5.23,HIP 82730,-,23 Oph,6280,152601,Oph
253.649836,-30.58734554,6.34,HIP 82731,-,-,6273,152431,Sco
253.725,-40.7333,3.4,-,-,[SC96] Mis 190,-,-,Sco
253.7298764,20.95849053,5.387,HIP 82764,-,-,6287,152815,Her
253.7437713,-41.15085919,5.77,HIP 82775,-,-,6272,152408,Sco
253.7590043,25.73068061,6.064,HIP 82780,-,56 Her,6292,152863,Her
253.7638729,-42.09083078,6.27,HIP 82783,-,-,-,152424,Sco
253.8166269,13.61990998,6.34,HIP 82798,-,V644 Her,6290,152830,Her
253.842365,18.43321205,5.354,HIP 82802,-,54 Her,6293,152879,Her
253.8528701,-63.26966047,5.996,HIP 82806,-,-,6253,152082,Ara
253.87498,-40.83333,3.4,-,-,C 1652-407,-,-,Sco
253.9,-31.4,6.36,-,-,[SC96] Mis 201,-,-,Sco
253.9906347,-33.50687316,6.32,HIP 82855,-,-,6282,152636,Sco
254.0070465,65.13480466,4.88,HIP 82860,-,19 Dra,6315,153597,Dra
254.0076832,-16.80626553,6.336,HIP 82861,-,60 G. Oph,6284,152781,Oph
254.0368417,-50.67478969,6.33,HIP 82868,-,ρ1 Ara,6274,152478,Ara
254.0697247,73.12786627,6.29,HIP 82880,-,-,6335,154099,Dra
254.075,-40.6667,6.31,-,-,[SC96] Mis 208,-,-,Sco
254.1052782,65.03912503,6.4,HIP 82898,-,20 Dra,6319,153697,Dra
254.1198714,-52.28374682,5.933,HIP 82902,-,-,6275,152527,Ara
254.1499069,-40.82345647,6.22,HIP 82911,-,V861 Sco,6283,152667,Sco
254.1576608,-30.58005888,6.1,HIP 82912,-,RR Sco,-,152783,Sco
254.199877,-23.15019587,6.44,HIP 82925,-,* 24 Oph B,6291,152849,Oph
254.2001566,-23.15033969,6.16,HIP 82925,-,* 24 Oph A,6291,152849,Oph
254.2543687,-71.11164479,6.48,HIP 82944,-,-,-,152010,Aps
254.275,-40.9333,5.98,-,-,[SC96] Mis 213,-,-,Sco
254.28771,-4.10031,4.98,-,-,M 10,-,-,Oph
254.2965617,-33.25949229,5.49,HIP 82960,-,27 Sco,6288,152820,Sco
254.3583375,-10.96337203,6.159,HIP 82979,-,63 G. Oph,6296,153021,Oph
254.3793564,25.35284171,6.29,HIP 82987,-,57 Her,6305,153287,Her
254.3834992,13.88411262,6.361,HIP 82989,-,-,6301,153226,Her
254.4170729,9.37502902,3.2,HIP 83000,-,κ Ophiuchi,6299,153210,Oph
254.4262792,24.38126159,6.326,HIP 83007,-,-,6307,153312,Her
254.4590735,42.51243144,6.355,HIP 83013,-,-,6313,153472,Her
254.497,-45.951,5.9,-,-,NGC 6250,-,-,Ara
254.574751,-50.64118556,5.534,HIP 83057,-,-,6289,152824,Ara
254.6550507,-55.99014453,3.076,HIP 83081,-,ζ Arae,6285,152786,Ara
254.6731717,-14.86967394,6.466,HIP 83090,-,64 G. Oph,6302,153229,Oph
254.7177803,-37.62049285,6.048,HIP 83100,Shengong,-,6298,153072,Sco
254.760719,69.18624674,6.41,HIP 83114,-,-,6345,154319,Dra
254.8396354,56.68859537,6.041,HIP 83138,-,-,6330,153956,Dra
254.8915006,-69.26815927,5.89,HIP 83150,-,MX TrA,6276,152564,TrA
254.8960338,-53.16043787,4.05,HIP 83153,-,ϵ 1 Arae,6295,152980,Ara
254.990446,-25.09219952,5.86,HIP 83176,-,66 G. Oph,6308,153336,Oph
255.0261637,-54.59717703,5.633,HIP 83187,-,-,6297,153053,Ara
255.0397056,-24.98913938,5.731,HIP 83196,-,26 Oph,6310,153363,Oph
255.059348,-44.98853216,6.494,HIP 83202,-,-,-,153234,Sco
255.072389,30.92640423,3.92,HIP 83207,-,ϵ Herculis,6324,153808,Her
255.088923,54.4700278,4.91,HIP 83608,Alrakis,μ Draconis A,6370,154906,Dra
255.1123329,-48.64775271,6.22,-,-,-,6300,153221A,Ara
255.1541224,-35.93413427,5.934,HIP 83235,-,-,6311,153368,Sco
255.2422303,22.63209631,5.658,HIP 83254,-,-,6325,153834,Her
255.243824,-86.36429741,6.035,HIP 83255,-,CW Oct,6139,148542,Oct
255.244128,14.3903333,2.78,HIP 84345,Rasalgethi,α 1 Herculis,6406,156014,Her
255.2650074,-4.222643847,4.812,HIP 83262,-,30 Oph,6318,153687,Oph
255.2792593,-56.55507909,6.38,HIP 83269,-,-,-,153201,Ara
255.3205228,60.64875434,6.143,HIP 83289,-,-,6348,154391,Dra
255.3877147,14.9497189,6.31,HIP 83308,-,V451 Her,6326,153882,Her
255.4015054,33.56826847,5.267,HIP 83313,-,59 Her,6332,154029,Her
255.417136,75.2974953,6.18,HIP 83317,-,VX UMi,6379,155154,UMi
255.4431326,-51.13102821,6.42,HIP 83321,-,-,6312,153370,Ara
255.4474497,-58.95824755,6.11,HIP 83323,-,V828 Ara,6304,153261,Ara
255.4635532,-18.88553488,6.293,HIP 83331,-,29 Oph,6321,153727,Oph
255.4693412,-32.14352237,5.01,HIP 83336,-,-,6316,153613,Sco
255.4957353,8.45066584,6.39,HIP 83342,-,72 G. Oph,6329,153914,Oph
255.5656154,64.60074089,6.094,HIP 83359,-,-,6360,154633,Dra
255.5712626,31.88410043,6.383,HIP 83365,-,-,6336,154126,Her
255.5779008,25.50561839,5.762,HIP 83367,-,-,6333,154084,Her
255.65704,-26.26794,5.57,-,-,M 19,-,-,Oph
255.7827963,14.09194833,4.98,HIP 83430,-,32 Oph,6337,154143,Her
255.7864733,-53.23693601,5.278,HIP 83431,-,ϵ 2 Arae,6314,153580,Ara
255.8758979,35.41406098,6.23,HIP 83462,-,61 Her,6346,154356,Her
255.9137585,13.60534759,5.908,HIP 83478,-,33 Oph,6341,154228,Her
255.9236796,-47.16057146,6.064,HIP 83481,-,-,6323,153791,Ara
255.9622565,-38.15257198,5.902,HIP 83491,-,V923 Sco,6327,153890,Sco
255.9694093,19.69051252,6.39,HIP 83493,-,-,6343,154301,Her
255.9732391,34.79022295,6.07,HIP 83494,-,-,6351,154431,Her
255.991843,13.56742084,6.054,HIP 83504,-,34 Oph,6342,154278,Her
256.1029991,-57.71216234,5.727,HIP 83535,-,-,6320,153716,Ara
256.1722751,19.59910583,6.2,HIP 83565,-,-,6352,154441,Her
256.1888605,-20.49470498,6.3,HIP 83567,-,77 G. Oph,6340,154204,Oph
256.2056319,-34.12292824,4.87,HIP 83574,-,V1073 Sco,6334,154090,Sco
256.2073881,48.80395479,6.106,HIP 83575,-,-,6363,154732,Her
256.270596,43.81223792,6.441,HIP 83593,-,-,6362,154713,Her
256.2723638,-45.50212736,6.268,HIP 83594,-,-,6331,154025,Sco
256.3338497,54.47002302,5.66,HIP 83608A,-,-,6370,154906,Dra
256.334211,54.47063197,5.69,HIP 83608B,-,-,6369,154905,Dra
256.3445434,12.74082649,4.871,HIP 83613,-,60 Her,6355,154494,Her
256.3844116,-0.892066032,5.61,HIP 83635,-,82 G. Oph,6353,154445,Oph
256.451928,-44.10505167,6.178,HIP 83650,-,-,6338,154153,Sco
256.5401893,9.733866007,6.375,HIP 83677,-,83 G. Oph,6358,154610,Oph
256.5491236,-21.56457375,6.282,HIP 83684,-,28 Sco,6350,154418,Oph
256.5543678,10.45387609,6.38,HIP 83688,-,-,6359,154619,Oph
256.5751952,22.08415388,5.565,HIP 83692,-,-,6364,154733,Her
256.5841229,-37.22759179,5.98,HIP 83693,-,-,6344,154310,Sco
256.6182032,-35.45104461,6.13,HIP 83706,-,-,6347,154368,Sco
256.7206514,-1.656186465,6.351,HIP 83738,-,84 G. Oph,6361,154660,Oph
256.7217695,-26.51302001,6.251,HIP 83740,-,80 G. Oph,6354,154481,Oph
256.944468,40.51605407,6.36,HIP 83816,-,-,6376,155102,Her
257.0028899,31.20619292,6.44,HIP 83834,-,-,-,155061,Her
257.0085904,35.93518867,5.39,HIP 83838,-,-,6377,155103,Her
257.0568668,-1.079475675,6.32,-,-,-,6367,154895A,Oph
257.0618947,-17.60905077,5.977,HIP 83854,-,85 G. Oph,6365,154779,Oph
257.0711466,50.84227204,6.453,HIP 83857,-,-,6383,155328,Dra
257.1966155,65.71464533,3.17,HIP 83895,Aldhibah,ζ Draconis,6396,155763,Dra
257.1980809,-30.40371731,5.911,HIP 83896,-,-,6366,154783,Sco
257.2271658,-3.882996027,6.356,HIP 83906,-,87 G. Oph,6372,154962,Oph
257.3885278,40.77703808,5.065,HIP 83947,-,-,6388,155410,Her
257.4497921,-10.52329972,5.43,HIP 83962,-,88 G. Oph,6375,155078,Oph
257.5261488,-61.6754564,6.366,HIP 83984,-,-,6356,154555,Ara
257.59432,-15.7251822,3.26,HIP 84012,Sabik B,* eta Oph B,6378,155125,Oph
257.5944336,-15.7251428,2.463,HIP 84012,Sabik A,* eta Oph A,6378,155125,Oph
257.5945287,-15.72490664,2.42,HIP 84012,Sabik,η Ophiuchi,6378,155125,Oph
257.6276325,52.40877052,6.296,HIP 84021,-,-,6395,155711,Dra
257.6763301,-44.55769776,5.08,HIP 84033,-,-,6371,154948,Sco
257.7631809,24.23769463,6.2,HIP 84054,-,63 Her,6391,155514,Her
257.9111919,-48.87339026,5.98,HIP 84105,-,V854 Ara,6374,155035,Ara
257.9178049,49.74635747,6.16,HIP 84108,-,-,6399,155860,Her
257.9384953,7.894761831,6.333,HIP 84113,-,97 G. Oph,6390,155500,Oph
258.0383087,-43.23918953,3.33,HIP 84143,-,η Scorpii,6380,155203,Sco
258.0567499,-25.25514195,6.499,HIP 84147,-,-,6386,155379,Oph
258.0675205,-39.50694896,5.655,HIP 84150,-,-,6381,155259,Sco
258.0690197,-38.82253718,6.285,HIP 84151,-,-,6382,155276,Sco
258.0830592,-70.72108232,6.214,HIP 84158,-,-,6357,154556,Aps
258.1044267,-27.76212473,6.117,HIP 84175,-,95 G. Oph,6387,155401,Oph
258.1158512,10.58515569,5.34,HIP 84177,-,37 Oph,6393,155644,Oph
258.1357498,62.87433486,5.54,HIP 84183,-,-,6421,156295,Dra
258.2439912,-32.43833166,5.997,HIP 84226,-,-,6389,155450,Sco
258.3244917,-67.19659002,5.873,HIP 84248,-,-,6368,154903,Ara
258.5558425,-56.88853332,6.105,HIP 84311,-,-,6384,155341,Ara
258.6152295,-39.76664938,6.44,HIP 84332,-,-,6392,155603,Sco
258.6618864,14.39037105,3.33,HIP 84345A,-,-,6406,156014,Her
258.6632184,14.39000223,5.322,HIP 84345B,-,-,6407,156015,Her
258.7579607,24.83920697,3.13,HIP 84379,Sarin,δ Herculis,6410,156164,Her
258.7618094,36.80916155,3.18,HIP 84380,-,π Herculis,6418,156283,Her
258.8301994,-33.54841649,5.53,HIP 84401,-,-,6397,155806,Sco
258.8345065,-14.58416861,6.004,HIP 84402,-,105 G. Oph,6404,155970,Oph
258.8365985,-26.60169922,5.08,HIP 84405,Guniibuu,* 36 Oph A,6402,155886,Oph
258.8374326,-26.60282596,5.03,HIP 84405 ,-,* 36 Oph B,6401,155885,Oph
258.8995922,-38.59393581,5.95,HIP 84425,-,-,6398,155826,Sco
258.9227931,23.74275882,5.975,HIP 84431,-,-,6419,156284,Her
258.963959,-30.21073131,6.184,HIP 84445,-,-,6403,155940,Sco
259.0556767,-26.54614905,6.34,HIP 84478,-,36 Oph C,-,156026,Oph
259.0594184,2.186202857,6.18,HIP 84479,-,V2368 Oph,6412,156208,Oph
259.0900106,-35.75029826,6.12,HIP 84489,-,-,6405,155974,Sco
259.1224953,60.67061299,6.318,HIP 84496,-,VW Dra,6448,156947,Dra
259.1321408,1.210555153,5.921,HIP 84500,-,U Oph,6414,156247,Oph
259.1485354,-74.53301131,6.227,HIP 84510,-,-,6373,154972,Aps
259.1528643,-0.445310736,4.79,HIP 84514,-,* 41 Oph A,6415,156266,Oph
259.1781133,-6.244975884,6.084,HIP 84524,-,109 G. Oph,6413,156227,Oph
259.235067,89.03770557,6.38,HIP 84535,-,λ Ursae Minoris,7394,183030,UMi
259.2651911,-32.6628391,5.526,HIP 84551,-,-,6409,156098,Sco
259.2730909,-44.77859556,6.487,HIP 84556,-,-,-,155985,Sco
259.3315326,33.10010233,4.8,HIP 84573,-,68 Her,6431,156633,Her
259.35,-35.55,6.5,-,-,[SC96] GC 33,-,-,Sgr
259.3993929,23.09062581,6.22,HIP 84599,-,-,6430,156593,Her
259.4177217,37.29150629,4.65,HIP 84606,-,69 Her,6436,156729,Her
259.5028346,-24.28690221,5.11,HIP 84626,-,ο 1 Ophiuchi,6424,156349,Oph
259.5205948,17.31788391,5.992,HIP 84631,-,-,6432,156653,Her
259.5803037,-16.31187537,6.43,HIP 84649,-,115 G. Oph,6428,156462,Oph
259.5854602,-32.55310608,6.367,HIP 84650,-,V1077 Sco,6422,156325,Sco
259.5969506,38.81140128,5.962,HIP 84656,-,-,6444,156891,Her
259.6541259,10.86447534,5.02,HIP 84671,-,66 Her,6433,156681,Oph
259.6992852,-44.12974649,5.736,HIP 84690,-,-,6420,156293,Sco
259.7,-42.9167,5.38,-,-,[SC96] Mis 382,-,-,Sco
259.7021937,28.82296666,5.68,HIP 84691,-,-,6443,156874,Her
259.7154468,-62.87457736,6.49,HIP 84700,-,-,-,155951,Ara
259.7350633,-34.9895783,6.37,-,-,-,6426,156384A,Sco
259.7381868,-34.98976155,5.89,HIP 84709,-,Gliese 667 A,6426,156384,Sco
259.7659898,-46.63623345,5.48,HIP 84720,-,41 G. Ara,6416,156274,Ara
259.8021146,-59.69461171,5.894,HIP 84731,-,-,6408,156091,Ara
259.8771419,-50.06376301,6.267,HIP 84759,-,-,6423,156331,Ara
259.9046312,80.13640062,5.706,HIP 84769,-,-,6529,158996,UMi
259.9722973,-17.75654742,6.34,-,-,-,6435,156717A,Oph
259.9981387,-5.917506443,6.32,HIP 84801,-,122 G. Oph,6439,156826,Oph
260.0409756,25.53760347,5.357,HIP 84821,-,-,6455,157087,Her
260.0786289,18.05707929,5,HIP 84833,-,V656 Her,6452,157049,Her
260.0880045,46.24077866,5.59,HIP 84835,-,74 Her,6464,157325,Her
260.1648644,32.46774388,5.39,HIP 84862,-,72 Her,6458,157214,Her
260.206924,-12.84687607,4.324,HIP 84880,-,ν Serpentis,6446,156928,Ser
260.2192923,-10.69641046,6.454,HIP 84883,-,2 G. Ser Cau,6449,156971,Ser
260.2258579,24.49943578,5.12,HIP 84887,-,70 Her,6457,157198,Her
260.2515605,-21.11293639,4.387,HIP 84893,-,ξ Ophiuchi,6445,156897,Oph
260.3801752,28.75808421,6.397,HIP 84934,-,-,6466,157358,Her
260.3893395,16.73122714,6.34,HIP 84938,-,-,6463,157257,Her
260.423174,-24.90610449,6.36,HIP 84947,-,32 Sco,-,156992,Oph
260.4317108,39.97466819,5.561,HIP 84949,-,V819 Her,6469,157482,Her
260.4390348,53.4204301,5.677,HIP 84950,-,-,6479,157681,Dra
260.4978237,-67.77066899,4.78,HIP 84969,-,ζ Apodis,6417,156277,Aps
260.5024139,-24.99954638,3.26,HIP 84970,-,θ Ophiuchi,6453,157056,Oph
260.5244819,-70.12320627,5.39,HIP 84979,-,ι Apodis,6411,156190,Aps
260.6581287,-35.91058474,6.419,HIP 85019,-,-,6454,157060,Sco
260.6634083,-37.80463887,6.44,HIP 85020,-,-,6450,157038,Sco
260.7136988,-2.388177625,6.278,HIP 85042,-,131 G. Oph,6465,157347,Oph
260.7281212,-37.22078877,5.914,HIP 85048,-,-,6456,157097,Sco
260.7300892,-58.01032748,5.87,HIP 85049,-,-,6438,156768,Ara
260.7796735,-56.52554901,5.763,HIP 85068,-,-,6442,156854,Ara
260.8169843,-47.46819602,5.25,HIP 85079,-,ι Arae,6451,157042,Ara
260.839962,-28.14283354,5.288,HIP 85084,-,43 Oph,6459,157236,Oph
260.9196541,37.14678471,5.398,HIP 85112,-,* rho Her B,6484,157778,Her
260.9205607,37.14592403,4.51,HIP 85112,-,* rho Her A,6485,157779,Her
260.9206005,37.14594279,4.17,HIP 85112,-,ρ Herculis,6484,157778,Her
260.990066,8.852570191,5.763,HIP 85139,-,134 G. Oph,6476,157617,Oph
261.0044814,-62.86415398,5.676,HIP 85147,-,-,6440,156838,Ara
261.0274462,22.96028226,5.72,HIP 85157,-,73 Her,6480,157728,Her
261.0544937,-44.16258555,5.108,HIP 85162,-,-,6460,157243,Sco
261.07133,69.94653,4.89,-,-,RX J1724.2+6957,-,-,Dra
261.0783184,-60.67379734,5.754,HIP 85169,-,-,6447,156942,Ara
261.1129936,36.95193356,6.253,HIP 85181,-,-,6491,157910,Her
261.1314046,16.30100723,5.736,HIP 85185,-,-,6481,157740,Her
261.140835,15.60604781,6.41,HIP 85187,-,-,6482,157741,Her
261.1543359,-18.44576246,6.334,HIP 85195,-,133 G. Oph,6473,157546,Oph
261.175118,-21.44148279,5.83,HIP 85207,-,132 G. Oph,6472,157527,Oph
261.2611141,-34.69606617,6.142,HIP 85237,-,-,6470,157486,Sco
261.276002,-24.24368549,6.171,HIP 85242,-,33 Sco,6474,157588,Oph
261.3249492,-55.52988169,2.85,HIP 85258,-,β Arae,6461,157244,Ara
261.3485805,-56.37772633,3.34,HIP 85267,-,γ Arae,6462,157246,Ara
261.3502304,52.79068608,6.47,HIP 85268,-,-,-,158259,Dra
261.4223064,60.04839813,5.645,HIP 85290,-,-,6511,158460,Dra
261.4765186,16.91757778,5.98,HIP 85302,-,V640 Her,6495,157967,Her
261.4911476,-1.65177985,6.44,HIP 85307,-,138 G. Oph,6489,157856,Oph
261.5001797,-50.63350662,5.193,HIP 85312,-,κ Arae,6468,157457,Ara
261.5036161,26.87873497,6.39,HIP 85313,-,-,6499,158067,Her
261.5201555,58.65189777,6.494,HIP 85317,-,-,6514,158485,Dra
261.5791933,7.595640529,6.04,HIP 85333,-,142 G. Oph,6497,157978,Oph
261.5925689,-24.17530695,4.153,HIP 85340,-,44 Oph,6486,157792,Oph
261.6286697,4.140359379,4.31,HIP 85355,-,σ Ophiuchi,6498,157999,Oph
261.6578399,-5.086598464,4.54,HIP 85365,-,-,6493,157950,Oph
261.6843416,48.26006156,5.83,HIP 85379,-,77 Her,6509,158414,Her
261.6922721,34.69580108,5.94,HIP 85382,-,-,6506,158261,Her
261.7047009,20.08097666,5.514,HIP 85385,-,-,6502,158148,Her
261.7157808,-45.84321159,6.47,HIP 85389,-,-,6477,157661B,Ara
261.7165756,-45.84303053,5.64,HIP 85389,-,-,6477,157661A,Ara
261.7304025,-25.94346527,6.43,HIP 85391,-,136 G. Oph,6490,157864,Oph
261.7348417,-51.94882233,6.17,HIP 85393,-,-,6475,157599,Ara
261.7589513,-12.51248691,6.206,HIP 85397,-,47 Oph,6496,157968,Ser
261.7911779,-15.8533629,6.48,HIP 85405,-,4 G. Ser Cau,-,157969,Ser
261.8019209,-50.63037273,5.898,HIP 85409,-,-,6478,157662,Ara
261.8386485,-29.86703482,4.269,HIP 85423,-,45 Oph,6492,157919,Oph
261.9064712,-29.72456688,5.974,HIP 85442,-,140 G. Oph,6494,157955,Oph
261.9336534,8.442037434,6.485,HIP 85450,-,V2114 Oph,-,158228,Oph
261.9900055,-52.29714303,5.723,HIP 85470,-,-,6483,157753,Ara
262.009742,-8.208376138,6.372,HIP 85474,-,144 G. Oph,6504,158170,Oph
262.0327709,-63.03624001,6.208,HIP 85480,-,-,6471,157524,Ara
262.2068949,0.3306249,5.412,HIP 85537,-,146 G. Oph,6507,158352,Oph
262.2337055,-36.77828045,5.985,HIP 85543,-,-,6501,158105,Sco
262.2535951,-43.97391884,6.3,HIP 85549,-,-,-,158042,Sco
262.4472867,-5.919481425,6.46,-,-,-,6512,158463A,Oph
262.5943886,11.92401629,6.48,HIP 85666,-,-,6521,158716,Oph
262.5989715,-1.062584646,6.089,HIP 85667,-,Gliese 678,6516,158614B,Oph
262.5991662,-1.063021632,5.981,-,-,-,6516,158614A,Oph
262.6081737,52.30138871,2.81,HIP 85670,Rastaban,β Draconis,6536,159181,Dra
262.667537,38.8822042,6.431,HIP 85688,-,-,6531,159026,Her
262.6815615,57.87682412,6.21,HIP 85692,-,-,6540,159330,Dra
262.6846243,26.11064561,4.41,HIP 85693,Maasym,λ Herculis,6526,158899,Her
262.690988,-37.29581348,2.65,HIP 85696,Lesath,υ Scorpii,6508,158408,Sco
262.6982895,86.96804757,5.756,HIP 85699,-,24 UMi,6811,166926,UMi
262.7307214,31.15813859,5.633,HIP 85715,-,-,6528,158974,Her
262.77464,-60.68384496,3.62,HIP 85727,-,δ Arae,6500,158094,Ara
262.8388997,2.724514452,5.58,HIP 85749,-,152 G. Oph,6524,158837,Oph
262.8470151,-56.92096344,5.984,HIP 85751,-,V862 Ara,6505,158220,Ara
262.8539745,-23.962643,4.81,HIP 85755,-,51 Oph,6519,158643,Oph
262.8644444,-80.85913224,5.856,HIP 85760,-,NO Aps,6429,156513,Aps
262.9348915,-26.26971036,6.052,HIP 85783,-,151 G. Oph,6520,158704,Oph
262.9473281,-33.70315907,6.413,HIP 85786,-,-,6517,158619,Sco
262.9545771,-46.03678643,6.028,HIP 85788,-,-,6513,158476,Ara
262.9565802,28.4075005,5.65,HIP 85790,-,78 Her,6533,159139,Her
262.9603814,-49.87614501,2.95,HIP 85792,-,α Arae,6510,158427,Ara
262.9911298,68.13502522,5.074,HIP 85805,-,27 Dra,6566,159966,Dra
263.0541592,86.58645961,4.336,HIP 85822,Yildun,δ Ursae Minoris,6789,166205,UMi
263.0620007,11.93004928,6.45,HIP 85826,-,-,6532,159082,Oph
263.1026169,-34.27940566,6.158,HIP 85839,-,-,6522,158741,Sco
263.2802393,41.24345079,5.726,HIP 85888,-,-,6550,159501,Her
263.2807879,-41.17306549,5.838,HIP 85889,-,-,6523,158799,Sco
263.3451012,19.25667787,5.648,HIP 85912,-,-,6541,159332,Her
263.3743544,-5.744803216,5.607,HIP 85922,-,153 G. Oph,6534,159170,Oph
263.4021672,-37.10382355,1.63,HIP 85927,Shaula,λ Scorpii,6527,158926,Sco
263.4141227,16.31754631,5.672,HIP 85930,-,-,6542,159353,Her
263.4282502,14.8415983,6.48,HIP 85934,-,V642 Her,6543,159354,Her
263.570235,-48.52679822,6.32,HIP 85975,-,-,-,158907,Ara
263.6528946,9.586696386,5.81,HIP 85998,-,53 Oph,6548,159480,Oph
263.6770506,-32.5816654,5.7,HIP 86011,-,-,6535,159176,Sco
263.6931313,-11.24199845,5.535,HIP 86019,-,6 G. Ser Cau,6544,159358,Ser
263.7336227,12.56003739,2.07,HIP 86032,Rasalhague,α Ophiuchi,6556,159561,Oph
263.7484364,61.87451162,5.21,HIP 86036,-,26 Dra,6573,160269,Dra
263.8270839,-22.04382666,6.481,HIP 86060,-,52 Oph,6545,159376,Oph
263.8329448,-53.3529296,6.08,HIP 86064,-,-,6530,159018,Ara
263.8958551,-59.84612315,6.257,HIP 86088,-,-,6525,158895,Ara
263.9,-37.4,6.32,-,-,[SC96] Mis 549,-,-,Sco
263.9,-37.4,6.32,-,-,[SC96] GC 109,-,-,Sco
263.914964,-46.5056844,4.59,HIP 86092,-,σ Arae,6537,159217,Ara
263.9265425,37.30159393,6.122,HIP 86096,-,-,6563,159925,Her
263.9294873,-37.4398709,6.463,HIP 86098,-,-,6539,159312,Sco
263.9981999,20.9962464,6.1,HIP 86118,-,-,6559,159834,Her
264.0337533,28.18509339,6.39,HIP 86130,-,-,6564,159926,Her
264.089247,27.56663664,6.406,HIP 86153,-,V959 Her,-,159968,Her
264.1368964,-38.63524774,4.267,HIP 86170,-,Q Sco,6546,159433,Sco
264.1531061,30.78517695,6.05,HIP 86178,-,-,6570,160054,Her
264.1568904,48.58563258,5.353,HIP 86182,-,82 Her,6574,160290,Her
264.2378929,68.75796709,4.77,HIP 86201,-,ω Draconis,6596,160922,Dra
264.2870144,72.45579395,5.869,HIP 86219,-,-,6606,161178,Dra
264.3279652,-42.99656099,5.4,-,-,* tet Sco B,-,159532B,Sco
264.3297077,-42.99782799,1.85,HIP 86228,Sargas,θ Scorpii,6553,159532,Sco
264.362162,-38.06636546,6.27,HIP 86246,-,-,6557,159633,Sco
264.3637988,-50.05970058,5.878,HIP 86248,-,-,6547,159463,Ara
264.3796136,24.31000633,5.76,HIP 86254,-,79 Her,6571,160181,Her
264.3966658,-15.39855576,3.519,HIP 86263,-,ξ Serpentis,6561,159876,Ser
264.40063,-3.24592,5.73,-,-,M 14,-,-,Oph
264.4008462,-15.57103305,5.94,HIP 86266,-,9 G. Ser Cau,6562,159877,Ser
264.4613048,-8.118771748,4.62,HIP 86284,-,μ Ophiuchi,6567,159975,Oph
264.5229808,-54.5004339,5.242,HIP 86305,-,π Arae,6549,159492,Ara
264.5351724,-42.88027708,6.078,HIP 86311,-,-,6558,159707,Sco
264.5396029,-10.92626826,5.727,HIP 86313,-,10 G. Ser Cau,6568,160018,Ser
264.686892,-21.91268718,6.2,HIP 86352,-,2 Sgr,-,160042,Oph
264.7410633,13.32925318,6.123,HIP 86373,-,-,6577,160365,Oph
264.7854358,2.028049946,6.253,HIP 86391,-,159 G. Oph,6575,160315,Oph
264.8661954,46.00633138,3.8,HIP 86414,-,ι Herculis,6588,160762,Her
264.9896578,31.20246958,6.03,HIP 86462,-,-,6584,160677,Her
265.0497581,-2.152297404,6.17,HIP 86476,-,162 G. Oph,6578,160471,Oph
265.0992732,-49.41558313,4.77,HIP 86486,-,λ Arae,6569,160032,Ara
265.1564984,43.47066595,6.33,HIP 86501,-,-,6599,160950,Her
265.1716101,31.28747725,6.309,HIP 86506,-,-,6591,160822,Her
265.17538,-53.67433,5.17,-,-,NGC 6397,-,-,Ara
265.1854298,-67.85417422,6.48,HIP 86510,-,-,-,159558,Aps
265.2439433,-32.21446232,5.6,HIP 86527,-,BM Sco,-,160371,Sco
265.2728567,24.51325265,6.374,HIP 86537,-,-,6592,160835,Her
265.295798,15.17837408,6.332,HIP 86546,-,-,6589,160765,Her
265.3176795,-46.92183645,5.79,HIP 86552,-,-,6572,160263,Ara
265.3408222,51.81814789,5.994,HIP 86561,-,-,6607,161193,Dra
265.3536363,-12.87530527,4.228,HIP 86565,-,ο Serpentis,6581,160613,Ser
265.3846811,6.313157925,5.952,HIP 86575,-,164 G. Oph,6590,160781,Oph
265.4835932,72.14886878,4.55,HIP 86614,Dziban,ψ 1 Draconis,6636,162003,Dra
265.4875,72.1528,4.58,HIP 86614,-,* psi01 Dra,6636,162003,Dra
265.4920968,72.15690156,5.53,HIP 86620,-,ψ 1 Draconis B,6637,162004,Dra
265.4942981,15.95243344,5.54,HIP 86623,-,-,6594,160910,Her
265.5150839,-50.51070365,6.35,HIP 86628,-,V626 Ara,6576,160342,Ara
265.6181763,24.5640573,5.558,HIP 86667,-,83 Her,6602,161074,Her
265.62198,-39.02998308,2.386,HIP 86670,-,κ Scorpii,6580,160578,Sco
265.712906,-36.94556242,5.52,HIP 86698,-,-,6583,160668,Sco
265.7731058,44.08432018,6.376,HIP 86713,-,-,6612,161369,Her
265.7785973,-33.05128692,6.45,HIP 86716,-,-,6587,160748,Sco
265.8237829,-27.8839777,6.41,HIP 86725,-,163 G. Oph,6593,160839,Oph
265.8398522,24.32782138,5.729,HIP 86731,-,84 Her,6608,161239,Her
265.8417612,14.2951695,6.211,HIP 86732,-,-,6604,161149,Her
265.8574731,-21.68319414,4.861,HIP 86736,-,58 Oph,6595,160915,Oph
265.868133,4.567303668,2.75,HIP 86742,Cebalrai,β Ophiuchi,6603,161096,Oph
265.9459257,-7.079609531,6.32,HIP 86768,-,167 G. Oph,6601,161056,Oph
265.9517046,-13.50869922,6.363,HIP 86769,-,12 G. Ser Cau,6600,161023,Ser
265.996537,53.80170722,5.76,HIP 86782,Alruba,-,6618,161693,Dra
266.0362631,-51.83405322,5.15,HIP 86796,Cervantes,μ Arae,6585,160691,Ara
266.0718633,14.41006852,6.194,HIP 86809,-,V624 Her,6611,161321,Her
266.1420475,2.579447846,6.18,HIP 86831,-,61 Oph,6609,161270,Oph
266.1750396,-42.72931946,5.871,HIP 86847,-,-,6597,160928,Sco
266.2327693,-57.54554024,5.964,HIP 86871,-,-,6586,160720,Pav
266.4176441,31.50467956,6.24,HIP 86925,-,-,6619,161695,Her
266.4332817,-64.72387146,3.581,HIP 86929,-,η Pavonis,6582,160635,Pav
266.6147804,27.72071138,3.42,HIP 86974,-,μ Herculis,6623,161797,Her
266.7803992,-38.11217347,6.4,HIP 87042,-,-,6613,161390,Sco
266.7807274,-59.9943356,6.5,HIP 87043,-,-,-,161032,Pav
266.7834743,47.61224817,6.465,HIP 87045,-,-,6641,162132,Her
266.7835254,17.6970232,5.61,HIP 87044,-,-,6627,161833,Her
266.7835337,17.69701157,6.02,-,-,-,6627,161833A,Her
266.8900998,-27.83078772,4.54,HIP 87072,-,X Sgr,6616,161592,Sgr
266.8961645,-40.12699736,2.992,HIP 87073,-,ι 1 Scorpii,6615,161471,Sco
266.9032485,-14.72582634,5.923,HIP 87074,-,13 G. Ser Cau,6620,161701,Ser
266.9399986,-22.47779159,6.19,HIP 87099,-,3 G. Sgr,6617,161664,Sgr
266.9731691,2.707279122,3.75,HIP 87108,Bake-eo (or Bake Eo),γ Ophiuchi,6629,161868,Oph
267.018,1.525,6.1,-,-,Cl Collinder 350,-,-,Oph
267.0843392,3.804213282,6.225,HIP 87150,-,173 G. Oph,6633,161941,Oph
267.1031995,20.5654397,5.687,HIP 87158,-,-,6638,162076,Her
267.1159862,-26.97494523,6.35,HIP 87163,-,V3894 Sgr,6621,161756,Sgr
267.1585918,-55.4017399,6.085,HIP 87174,-,-,6614,161420,Ara
267.1994611,19.25501353,6.125,HIP 87192,-,-,6642,162161,Her
267.2047758,25.62286842,5.1,HIP 87194,-,87 Her,6644,162211,Her
267.293655,-31.70320629,4.797,HIP 87220,-,-,6628,161840,Sco
267.32934,1.961412466,6.45,HIP 87224,-,174 G. Oph,6639,162113,Oph
267.4645037,-37.04327638,3.21,HIP 87261,Fuyue,-,6630,161892,Sco
267.4708918,-61.71470435,6.4,HIP 87264,-,-,-,161475,Pav
267.5421347,78.30653924,6.244,HIP 87293,-,-,6717,164428,Dra
267.5462991,-40.09043182,4.803,HIP 87294,-,ι 2 Scorpii,6631,161912,Sco
267.5953848,29.32214143,5.517,HIP 87308,-,-,6654,162555,Her
267.6183042,-53.61240688,5.71,HIP 87314,-,V539 Ara,6622,161783,Ara
267.6816837,11.94654993,6.193,HIP 87335,-,-,6650,162468,Oph
267.7015943,22.31633128,6.13,HIP 87341,-,-,6655,162570,Her
267.7960221,-53.13026904,6.076,HIP 87379,-,ν2 Ara,6632,161917,Ara
267.8,-30.5667,6.4,-,-,[SC96] Mis 731,-,-,Sco
267.8,-30.5667,6.4,-,-,[SC96] GC 208,-,-,Sco
267.85,-35.35,6.29,-,-,[SC96] Mis 732,-,-,Sco
267.85,-35.35,6.29,-,-,[SC96] GC 210,-,-,Sco
267.8855487,-40.7724647,5.958,HIP 87390,-,-,6643,162189,Sco
267.8977987,-60.16405678,5.774,HIP 87393,-,-,6624,161814,Pav
267.9356645,-45.6007077,6.087,HIP 87404,-,-,6640,162123,Ara
267.9935854,15.32637467,6.42,HIP 87427,-,-,6665,162734,Her
267.9976868,-1.236809419,6.332,HIP 87428,-,176 G. Oph,6659,162596,Oph
268.0037862,46.643574,6.36,HIP 87434,-,-,6674,163075,Her
268.0196667,39.98208895,6.001,HIP 87445,-,-,6673,162989,Her
268.0569221,-34.79919703,5.9,HIP 87460,-,V957 Sco,6647,162374,Sco
268.082339,-34.41684179,5.85,HIP 87472,-,-,6648,162391,Sco
268.1476636,1.305011081,5.917,HIP 87491,-,179 G. Oph,6667,162774,Oph
268.1612579,-6.143576131,6.21,HIP 87495,-,Y Oph,6661,162714,Oph
268.2050961,-34.11483208,6.06,HIP 87516,-,-,6651,162496,Sco
268.2190959,-41.9965241,6.2,HIP 87523,-,-,6649,162396,Sco
268.24005,-35.62430971,6.02,HIP 87532,-,-,6653,162517,Sco
268.2647515,-10.89956397,6.176,HIP 87540,-,14 G. Ser Cau,6666,162757,Ser
268.3091068,6.101422838,5.759,HIP 87558,-,180 G. Oph,6670,162917,Oph
268.3251131,40.00796147,5.15,HIP 87563,-,90 Her,6677,163217,Her
268.3257699,-65.48860393,6.459,HIP 87564,-,-,6634,161955,Pav
268.3315841,-34.73080585,6.12,HIP 87567,-,-,6657,162586,Sco
268.3477734,-34.89515036,5.73,-,-,-,6658,162587A,Sco
268.3822064,56.87264193,3.75,HIP 87585,Grumium,ξ Draconis,6688,163588,Dra
268.425,-34.75,4.89,-,-,[SC96] GC 236,-,-,Sco
268.4395864,-34.78602973,6.38,-,-,-,-,162678,Sco
268.4782213,-34.75271816,5.96,HIP 87616,-,V906 Sco,6662,162724,Sco
268.4922327,-34.83105557,6.42,HIP 87624,-,V951 Sco,6663,162725,Sco
268.6113188,75.17130694,6.374,HIP 87670,-,-,6735,164780,Dra
268.6130137,-34.46672354,6.11,HIP 87671,-,-,6668,162817,Sco
268.72518,-24.88709559,6.2,HIP 87706,-,63 Oph,6672,162978,Sgr
268.7834654,-36.47564447,6.053,HIP 87722,-,-,6671,162926,Sco
268.7964672,72.00512608,5.43,HIP 87728,-,ψ 2 Draconis,6725,164613,Dra
268.8485594,55.97139214,6.081,HIP 87744,-,-,6699,163929,Dra
268.8549514,26.04999124,5.36,HIP 87747,-,89 Her,6685,163506,Her
268.9617101,22.46422058,5.619,HIP 87777,-,-,6687,163547,Her
268.9790444,-18.80215604,6.469,HIP 87782,-,9 G. Sgr,6679,163245,Sgr
269.025,-35.05,6.38,-,-,[SC96] Mis 792,-,-,Sco
269.025,-35.05,6.38,-,-,[SC96] GC 258,-,-,Sco
269.0632541,37.25053667,3.88,HIP 87808,-,θ Herculis,6695,163770,Her
269.0766672,0.670353699,5.82,HIP 87812,-,V2052 Oph,6684,163472,Oph
269.0793144,-15.81252818,5.929,HIP 87813,-,16 G. Ser Cau,6681,163336,Ser
269.1012239,-65.72173767,6.36,HIP 87822,-,-,-,162521,Pav
269.1515412,51.48889562,2.23,HIP 87833,Eltanin,γ Draconis,6705,164058,Dra
269.1743332,-28.06539478,5.763,HIP 87836,-,10 G. Sgr,6680,163318,Sgr
269.175,-28.05,5.75,-,-,[SC96] Mis 803,-,-,Sgr
269.175,-28.05,5.75,-,-,[SC96] GC 265,-,-,Sgr
269.1975706,-44.34221849,4.849,HIP 87846,-,-,6675,163145,Sco
269.1989338,-4.081821609,5.439,HIP 87847,-,183 G. Oph,6686,163532,Oph
269.2021957,45.35085018,6.32,HIP 87850,-,OP Her,6702,163990,Her
269.2329323,-40.30564137,6.447,HIP 87865,-,-,6678,163234,Sco
269.2332346,6.487730334,6.277,HIP 87866,-,185 G. Oph,6690,163641,Oph
269.3097466,23.99573555,6.33,HIP 87895,-,-,6697,163840,Her
269.3624346,11.04454223,6.327,HIP 87910,-,-,6696,163772,Oph
269.4236906,-76.17795051,6.066,HIP 87926,-,-,6635,161988,Aps
269.425,-39.1333,5.72,-,-,[SC96] Mis 814,-,-,Sco
269.425,-39.1333,5.72,-,-,[SC96] GC 277,-,-,Sco
269.4280702,-56.89625118,6.259,HIP 87928,-,-,-,163071,Ara
269.4411903,29.24787945,3.7,HIP 87933,-,ξ Herculis,6703,163993,Her
269.4491771,-41.71629327,4.863,HIP 87936,-,-,6682,163376,Sco
269.4907922,-39.13652232,6.46,-,-,-,6683,163433A,Sco
269.6256234,30.18927435,4.41,HIP 87998,-,ν Herculis,6707,164136,Her
269.6627077,-28.75908624,6.01,HIP 88012,-,13 G. Sgr,6692,163685,Sgr
269.6763419,36.28779318,6.03,HIP 88020,-,-,6711,164280,Her
269.717941,45.47621989,6.481,HIP 88030,-,V771 Her,6718,164429,Her
269.7320314,-36.85837458,5.737,HIP 88038,-,12 G. Sgr,6691,163652,Sgr
269.7566342,-9.773633605,3.34,HIP 88048,-,ν Ophiuchi,6698,163917,Oph
269.772003,-30.25302474,5.17,-,-,-,6693,163755,Sgr
269.9031762,-4.821126346,5.832,HIP 88101,-,187 G. Oph,6706,164064,Oph
269.9481519,-23.81611471,4.724,HIP 88116,-,4 Sgr,6700,163955,Sgr
269.98419,45.50137751,5.67,HIP 88122,-,-,6728,164646,Her
270.0003387,-20.3395486,6.219,HIP 88125,-,16 G. Sgr,6704,164028,Sgr
270.0142355,16.75091794,4.67,HIP 88128,-,93 Her,6713,164349,Her
270.0147018,80.00084672,5.939,HIP 88127,-,40 Dra,6809,166865,Dra
270.0382571,80.00411315,5.642,HIP 88136,-,41 Dra,6810,166866,Dra
270.0653079,0.629475716,6.37,HIP 88148,-,V2126 Oph,6709,164258,Oph
270.0658154,4.368645091,4.6,HIP 88149,-,66 Oph,6712,164284,Oph
270.1152426,19.50578957,6.43,HIP 88172,-,V974 Her,6720,164447,Her
270.1208752,-3.690271547,4.616,HIP 88175,-,ζ Serpentis,6710,164259,Ser
270.1515602,33.21368024,6,HIP 88190,-,-,6726,164614,Her
270.1613158,2.931564834,3.93,HIP 88192,-,67 Oph,6714,164353,Oph
270.2202456,6.268293863,6.35,HIP 88213,-,192 G. Oph,6719,164432,Oph
270.2386263,15.09355244,6.28,HIP 88217,-,-,6722,164507,Her
270.346344,-17.15686773,6.261,HIP 88258,-,6 Sgr,6715,164358,Sgr
270.3748499,21.5953901,5.1,HIP 88267B,-,* 95 Her B,6729,164668,Her
270.3767028,21.59578115,4.83,HIP 88267A,Bodu,* 95 Her A,6730,164669,Her
270.3924499,-85.21482816,6.445,HIP 88274,-,-,6552,159517,Oct
270.3995966,33.31126454,6.167,HIP 88277,-,-,6737,164824,Her
270.4383229,1.305085077,4.429,HIP 88290,-,68 Oph,6723,164577,Oph
270.4512581,-36.37785439,6.296,HIP 88294,-,17 G. Sgr,6708,164245,Sgr
270.475,-36.3667,5.9,-,-,[SC96] Mis 890,-,-,Sgr
270.475,-36.3667,5.9,-,-,[SC96] GC 335,-,-,Sgr
270.4765875,-22.78029423,5.77,HIP 88298,-,21 G. Sgr,6716,164402,Sgr
270.5960297,20.83363522,5.249,HIP 88331,-,96 Her,6738,164852,Her
270.6256366,22.9232249,6.211,HIP 88346,-,97 Her,6741,164900,Her
270.7129109,-24.28246729,5.34,HIP 88380,-,7 Sgr,6724,164584,Sgr
270.7700067,-8.180253701,5.86,HIP 88404,-,* tau Oph B,6733,164764,Oph
270.7704938,-8.18035238,5.27,HIP 88404,-,* tau Oph A,6734,164765,Oph
270.7704997,-8.18034961,4.79,HIP 88404,-,τ 1 Ophiuchi,6734,164765,Oph
270.7870534,48.46427545,6.243,HIP 88415,-,-,6753,165358,Her
270.8106769,19.61315487,6.42,HIP 88429,-,-,6744,165029,Her
270.9685209,-24.36073118,5.97,HIP 88469,-,9 Sgr,6736,164794,Sgr
271.1556565,1.918993236,6.147,HIP 88522,-,V986 Oph,6747,165174,Oph
271.1675455,23.94201839,6.335,HIP 88528,-,V831 Her,6754,165373,Her
271.2099106,-35.90144101,5.972,HIP 88550,-,25 G. Sgr,6739,164870,Sgr
271.2533616,41.94629413,6.374,HIP 88565,-,-,6767,165645,Her
271.2551101,-29.58008951,4.69,HIP 88567,-,γ 1 Sagittarii,6742,164975,Sgr
271.3618969,-81.48656577,6.35,HIP 88599,-,-,6646,162337,Aps
271.3636883,2.50009883,4.03,HIP 88601,-,70 Oph,6752,165341,Oph
271.3644289,2.498946997,6.07,HIP 88601,-,* 70 Oph B,6752,165341B,Oph
271.3755693,21.64661998,6.179,HIP 88604,-,-,6763,165524,Her
271.4520337,-30.42408985,2.99,HIP 88635,Alnasl,γ 2 Sagittarii,6746,165135,Sgr
271.4567117,32.23067425,5.709,HIP 88636,-,-,6768,165683,Her
271.507919,22.21887572,5.06,HIP 88657,-,98 Her,6765,165625,Her
271.5308247,-8.323960281,5.859,HIP 88670,-,19 G. Ser Cau,6755,165402,Ser
271.5309498,-0.4461276,6.34,HIP 88671,-,21 G. Ser Cau,6757,165462,Ser
271.5383946,-51.74390422,6.46,HIP 88675,-,-,-,164896,Ara
271.5633213,-4.751252437,5.741,HIP 88684,-,20 G. Ser Cau,6756,165438,Ser
271.5988313,-36.01978628,5.95,HIP 88694,-,29 G. Sgr,6748,165185,Sgr
271.6577841,-50.09147988,3.66,HIP 88714,-,θ Arae,6743,165024,Ara
271.7078872,-43.42522247,5.62,-,-,CD-43 12272A,6749,165189,CrA
271.707888,-43.42522122,4.95,HIP 88726,-,-,6749,165189,CrA
271.7079789,-43.42474933,5.68,-,-,CD-43 12272B,6750,165190,CrA
271.7228092,50.82282758,6.295,HIP 88732,-,-,6790,166207,Dra
271.7566278,30.56210691,5.13,HIP 88745,-,99 Her,6775,165908,Her
271.7762404,49.71044725,6.5,HIP 88754,-,-,6792,166228,Her
271.7973063,-21.44393551,6.33,HIP 88760,-,-,6762,165516,Sgr
271.8264975,8.733867239,4.64,HIP 88765,-,71 Oph,6770,165760,Oph
271.8374321,2.481671294,6.49,HIP 88770,-,-,-,165742,Oph
271.8374369,9.563846727,3.73,HIP 88771,-,72 Oph,6771,165777,Oph
271.8697677,43.46188958,4.997,HIP 88788,-,-,6791,166208,Her
271.8856296,28.76249107,3.827,HIP 88794,-,ο Herculis,6779,166014,Her
271.9514178,-17.15415838,5.508,HIP 88816,-,32 G. Sgr,6769,165687,Sgr
271.9515207,-64.55017004,6.392,HIP 88815,-,-,6740,164871,Pav
271.956261,26.09733281,5.79,HIP 88817,-,100 Her,6782,166046,Her
271.9565283,26.10126164,5.819,HIP 88818,-,100 Her,6781,166045,Her
272.0207451,-28.45709265,4.56,HIP 88839,-,-,6766,165634,Sgr
272.1254649,-45.76700953,6.163,HIP 88859,-,-,6759,165493,Ara
272.1405656,14.28471686,6.323,HIP 88862,-,-,6784,166095,Oph
272.1450666,-63.66856198,4.328,HIP 88866,-,π Pavonis,6745,165040,Pav
272.1895497,20.81455683,4.347,HIP 88886,Ramus,102 Her,6787,166182,Her
272.2202661,20.04523298,5.099,HIP 88899,-,101 Her,6794,166230,Her
272.3911802,3.993297194,5.92,HIP 88964,-,* 73 Oph A,6795,166233A,Oph
272.4059009,38.45777723,6.4,HIP 88972,-,-,6806,166620,Her
272.4307491,-13.93443537,6.379,HIP 88981,-,24 G. Ser Cau,6785,166103,Ser
272.4625,-23.8283,6.4,-,-,C 1806-240,-,-,Sgr
272.4898427,-59.04017953,6.372,HIP 89006,-,-,6760,165497,Pav
272.495841,36.466262,5.568,HIP 89008,-,-,6807,166640,Her
272.4998491,-32.71963563,6.405,HIP 89010,-,36 G. Sgr,6777,165978,Sgr
272.5242238,-30.72866676,5.65,HIP 89020,-,37 G. Sgr,6780,166023,Sgr
272.5363664,16.47658499,6.1,HIP 89023,-,-,6803,166479,Her
272.6089738,-62.00222005,5.49,HIP 89042,-,ι Pavonis,6761,165499,Pav
272.6679129,3.324257858,5.489,HIP 89065,-,202 G. Oph,6800,166460,Oph
272.7306195,-33.80006981,6.16,HIP 89086,-,38 G. Sgr,6788,166197,Sgr
272.7683531,-47.5131214,6.069,HIP 89096,-,-,6778,166006,Tel
272.7731784,-41.35911505,5.845,HIP 89099,-,-,6786,166114,CrA
272.779811,60.40953269,6.5,HIP 89104,-,-,6827,167387,Dra
272.8073385,-45.95441177,4.508,HIP 89112,-,ϵ Telescopii,6783,166063,Tel
272.8115944,-19.84195274,6.5,HIP 89114,-,39 G. Sgr,6798,166393,Sgr
272.8158639,-75.89152323,5.86,HIP 89115,-,-,6731,164712,Aps
272.9305532,-23.7012316,4.98,HIP 89153,-,1 Sgr,6801,166464,Sgr
272.9380133,33.44705876,5.97,HIP 89156,-,-,6814,166988,Her
272.9756526,31.40534898,4.97,HIP 89172,-,104 Her,6815,167006,Her
273.1420149,-73.67243587,5.91,HIP 89234,-,-,6751,165259,Aps
273.1775607,41.14683622,6.352,HIP 89246,-,-,6824,167304,Her
273.2700793,38.77349057,6.033,HIP 89279,-,-,6826,167370,Her
273.3029101,-41.33611034,5.462,HIP 89290,-,V692 CrA,6804,166596,CrA
273.3190152,21.88035994,6.132,HIP 89298,-,-,6820,167193,Her
273.4408702,-21.05883169,3.85,HIP 89341,Polis,μ Sagittarii,6812,166937,Sgr
273.4675915,2.393462298,6.4,HIP 89347,-,205 G. Oph,-,167162,Oph
273.4743034,64.39728493,4.987,HIP 89348,-,36 Dra,6850,168151,Dra
273.5662499,-21.71316264,5.473,HIP 89369,-,14 Sgr,6816,167036,Sgr
273.5680085,-63.68968205,6.469,HIP 89370,-,-,6796,166251,Pav
273.8037764,-20.72826878,5.37,HIP 89439,-,15 Sgr,6822,167264,Sgr
273.8040376,-20.38796974,6.02,HIP 89440,-,16 Sgr,6823,167263,Sgr
273.8211896,68.75581725,5.953,HIP 89448,-,37 Dra,6865,168653,Dra
273.8781861,-18.66157099,6.15,HIP 89470,-,V4387 Sgr,6825,167356,Sgr
273.8852641,45.20931686,6.298,HIP 89474,-,-,6847,168009,Lyr
273.9115721,42.1593458,5.556,HIP 89482,-,-,6845,167965,Lyr
273.9192274,-63.05536391,5.582,HIP 89487,-,-,6805,166599,Pav
273.9727171,-44.20645338,5.451,HIP 89507,-,-,6818,167096,CrA
273.9913814,-3.617966353,6.349,HIP 89512,-,27 G. Ser Cau,6830,167564,Ser
274.023218,2.377517217,6.01,HIP 89527,-,V2392 Oph,6834,167654,Oph
274.2212542,-3.007402014,6,HIP 89587,-,28 G. Ser Cau,6840,167768,Ser
274.2482,-15.0111,6,-,-,NGC 6605,-,-,Ser
274.2538312,-51.0682666,6.048,HIP 89597,-,-,6821,167257,Tel
274.2813851,-56.02334933,5.36,HIP 89605,-,QV Tel,6819,167128,Tel
274.298446,-17.37389203,5.75,HIP 89609,-,50 G. Sgr,6838,167720,Sgr
274.3489946,-28.28894962,6.36,HIP 89620,-,48 G. Sgr,6836,167665,Sgr
274.3503597,-28.65206543,6.168,HIP 89622,-,49 G. Sgr,6835,167666,Sgr
274.3507047,-9.758610419,6.3,HIP 89623,-,29 G. Ser Cau,6843,167833,Ser
274.4010241,-34.10726597,6.03,HIP 89637,-,RS Sgr,6833,167647,Sgr
274.4068217,-36.76169016,3.11,HIP 89642,-,η Sagittarii,6832,167618,Sgr
274.5040054,-68.22926333,6.328,HIP 89674,-,-,6808,166841,Pav
274.5122588,13.77703042,6.291,HIP 89677,-,-,6851,168199,Oph
274.5132985,-27.04264352,4.627,HIP 89678,-,-,6842,167818,Sgr
274.5321408,18.13168877,6.23,HIP 89684,-,-,6852,168270,Her
274.5322046,23.2969071,6.47,HIP 89683,-,-,6854,168323,Her
274.6673259,-42.28839529,6.29,HIP 89726,-,-,6839,167756,CrA
274.675,-18.6333,6.48,-,-,[SC96] Mis 1264,-,-,Sgr
274.7897378,7.25976724,5.412,HIP 89772,-,208 G. Oph,6857,168387,Oph
274.7944977,24.4460564,5.279,HIP 89773,-,105 Her,6860,168532,Her
274.9172109,-63.88656168,6.25,HIP 89805,-,-,6828,167425,Pav
274.9654546,36.06454748,4.34,HIP 89826,-,κ Lyrae,6872,168775,Lyr
274.9669576,29.66639095,5.993,HIP 89827,-,-,6867,168694,Her
274.9835913,51.34782289,6.299,HIP 89835,-,-,6880,169028,Dra
275.0366305,-15.83169685,5.371,HIP 89851,-,32 G. Ser Cau,6858,168415,Ser
275.0746456,21.96129641,4.96,HIP 89861,-,106 Her,6868,168720,Her
275.189301,71.33781941,4.22,HIP 89908,-,ϕ Draconis,6920,170000,Dra
275.216932,3.377164082,4.856,HIP 89918,-,74 Oph,6866,168656,Oph
275.2299482,-37.48764641,6.434,HIP 89920,-,-,6856,168357,CrA
275.237376,29.85892317,5.6,HIP 89925,-,108 Her,6876,168913,Her
275.2485121,-29.82810226,2.668,HIP 89931,Kaus Media,δ Sagittarii,6859,168454,Sgr
275.2542507,28.86995135,5.115,HIP 89935,-,107 Her,6877,168914,Her
275.264094,72.73284772,3.58,HIP 89937,-,χ Draconis,6927,170153,Dra
275.2797861,49.72546609,6.387,HIP 89943,-,-,6886,169221,Dra
275.3275021,-2.89882797,3.25,HIP 89962,-,η Serpentis,6869,168723,Ser
275.345776,-18.86000179,5.75,HIP 89968,-,Y Sgr,6863,168608,Sgr
275.3683378,5.435711242,6.13,HIP 89977,-,NW Ser,6873,168797,Ser
275.3806921,-24.91527538,6.25,HIP 89980,-,70 Sgr,6861,168574,Sgr
275.3860981,49.12159267,5.05,HIP 89981,-,-,6891,169305,Dra
275.5005858,-28.42996533,6.154,HIP 90012,-,58 G. Sgr,6864,168646,Sgr
275.5362522,23.28517468,5.41,HIP 90023,-,-,6882,169110,Her
275.5773892,-38.65689614,5.073,HIP 90037,-,-,6862,168592,CrA
275.6471609,12.02968093,5.98,HIP 90052,-,-,6883,169111,Oph
275.7043319,17.82661658,5.249,HIP 90067,-,-,6885,169191,Her
275.7211476,-36.66955557,5.34,HIP 90074,-,V4050 Sgr,6870,168733,Sgr
275.7587893,-10.21895525,6.313,HIP 90083,-,-,6878,169009,Sct
275.7622081,16.68799635,6.22,HIP 90086,-,-,6887,169223,Her
275.8006757,-12.01475474,5.699,HIP 90096,-,-,6881,169033,Sct
275.8068222,-61.49391192,4.367,HIP 90098,-,ξ Pavonis,6855,168339,Pav
275.8701111,-36.23798837,5.518,HIP 90124,-,60 G. Sgr,6874,168838,Sgr
275.9018697,-75.04427707,5.456,HIP 90133,-,ϕ Octantis,6829,167468,Oct
275.9149111,-8.934486565,4.664,HIP 90135,-,ζ Scuti,6884,169156,Sct
275.9245404,21.76975267,3.84,HIP 90139,Tusizuo,109 Her,6895,169414,Her
275.9499085,53.3008357,6.352,HIP 90146,-,-,6911,169885,Dra
275.9775287,58.80073767,5.05,HIP 90156,-,* b Dra A,6923,170073A,Dra
275.9886753,38.7392248,6.37,HIP 90163,-,-,6901,169646,Lyr
276.0149482,-3.583157613,6.38,HIP 90174,-,36 G. Ser Cau,6890,169268,Ser
276.038605,83.17539724,6.16,HIP 90182,-,-,7025,172864,Dra
276.0429934,-34.38461649,1.81,HIP 90185,Kaus Australis,ϵ Sagittarii,6879,169022,Sgr
276.0574401,39.50723811,5.12,HIP 90191,-,μ Lyrae,6903,169702,Lyr
276.0759979,-44.11025516,5.227,HIP 90200,-,-,6875,168905,CrA
276.1380739,-49.65287745,6.454,HIP 90223,-,-,-,168871,Tel
276.1755318,-7.075932949,6.296,HIP 90238,-,-,6892,169370,Sct
276.2383682,-1.57941119,6.19,HIP 90253,-,37 G. Ser Cau,6898,169493,Ser
276.2435893,27.39478137,6.26,HIP 90256,-,-,6904,169718,Her
276.255947,-30.75656021,5.574,HIP 90260,-,18 Sgr,6888,169233,Sgr
276.3376643,-20.54167284,4.86,HIP 90289,-,21 Sgr,6896,169420,Sgr
276.3403015,-35.99202378,6.142,HIP 90290,-,62 G. Sgr,6889,169236,Sgr
276.3817916,-63.02153596,6.122,HIP 90304,-,-,6871,168740,Pav
276.4116628,8.032007151,5.665,HIP 90313,-,-,6902,169689,Oph
276.477528,-33.94571824,6.296,HIP 90336,-,64 G. Sgr,6893,169398,Sgr
276.4801255,14.9662363,6.364,HIP 90337,-,V1343 Her,6906,169820,Her
276.4949458,29.82893028,5.83,HIP 90342,-,-,6917,169981,Her
276.496404,65.56348093,4.823,HIP 90344,Fafnir,-,6945,170693,Dra
276.6705315,26.44924071,6.498,HIP 90398,-,-,6924,170111,Her
276.7250574,-48.11723995,5.446,HIP 90414,-,-,6894,169405,Tel
276.7434018,-45.96845775,3.463,HIP 90422,-,α Telescopii,6897,169467,Tel
276.7675962,-53.11020892,5.96,-,-,-,-,169326,Tel
276.8021169,0.196113504,5.32,HIP 90441A,-,-,6918,169985,Ser
276.9256037,59.54911296,6.42,HIP 90476,-,-,6949,170811,Dra
276.95,-26.75,6.22,-,-,[SC96] GC 607,-,-,Sgr
276.95,-26.7,6.22,-,-,[SC96] Mis 1381,-,-,Sgr
276.9561875,-29.81686134,5.902,HIP 90485,-,-,6907,169830,Sgr
276.9596699,3.748567013,6.06,HIP 90487,-,-,6925,170137,Oph
276.9853332,-17.80035394,6.182,HIP 90494,-,71 G. Sgr,6919,169990,Sgr
276.9926697,-25.4216985,2.81,HIP 90496,Kaus Borealis,λ Sagittarii,6913,169916,Sgr
276.9948901,6.194103469,5.699,HIP 90497,-,44 G. Ser Cau,6928,170200,Ser
277.0257283,-26.75730628,6.276,HIP 90510,-,69 G. Sgr,6914,169938,Sgr
277.0267856,-84.38726011,6.48,HIP 90509,-,-,-,165338,Oct
277.1129752,-38.99566951,5.624,HIP 90541,-,-,6910,169853,CrA
277.2077474,-49.07058832,4.11,HIP 90568,-,ζ Telescopii,6905,169767,Tel
277.238975,-26.58207857,6.5,HIP 90576,-,-,6926,170141,Sgr
277.2993774,-14.56580291,4.675,HIP 90595,-,γ Scuti,6930,170296,Sct
277.3,-26.6833,6.45,-,-,[SC96] Mis 1401,-,-,Sgr
277.3036326,-43.84593707,6.35,HIP 90597,-,-,6915,169943,CrA
277.3330998,-80.232707,5.946,HIP 90606,-,-,6837,167714,Oct
277.35,-25.5333,6.45,-,-,[SC96] GC 625,-,-,Sgr
277.3987929,23.86619842,5.863,HIP 90637,-,-,6943,170650,Her
277.4207478,-1.985307797,5.369,HIP 90642,-,c Ser,6935,170474,Ser
277.4373606,77.54706954,5.644,HIP 90647,-,-,7006,172340,Dra
277.4448324,-14.58198745,6.027,HIP 90651,-,V432 Sct,6932,170397,Sct
277.4830891,-47.22054166,5.679,HIP 90662,-,-,6922,170069,Tel
277.4864072,-57.5231416,5.74,HIP 90664,-,-,6908,169836,Pav
277.5494353,-18.72879596,5.624,HIP 90687,-,74 G. Sgr,6933,170433,Sgr
277.5595567,-5.724178146,6.263,HIP 90692,-,-,6940,170547,Sct
277.673545,20.81504684,6.48,HIP 90729,-,-,6950,170829,Her
277.7622865,-41.91383405,6.018,HIP 90759,-,-,6931,170384,CrA
277.768536,16.92855622,5.75,HIP 90762,-,-,6955,170878,Her
277.7701728,-32.98909825,5.386,HIP 90763,-,75 G. Sgr,6936,170479,Sgr
277.8434397,-62.27830271,4.64,HIP 90797,-,ν Pavonis,6916,169978,Pav
277.857058,-10.79583566,5.72,HIP 90804,-,-,6946,170740,Sct
277.8595744,-18.40269833,5.117,HIP 90806,-,76 G. Sgr,6944,170680,Sgr
277.939305,-45.9148125,4.92,HIP 90830,-,δ 1 Telescopii,6934,170465,Tel
277.9842659,-43.50738094,5.686,HIP 90842,-,-,6937,170521,CrA
277.987473,-1.002975211,5.936,HIP 90844,-,61 Ser,6957,170920,Ser
278.0081017,-45.75737918,5.07,HIP 90853,-,δ 2 Telescopii,6938,170523,Tel
278.0286938,3.659611598,6.407,HIP 90858,-,MV Ser,6958,170973,Ser
278.0860832,-14.64424909,6.351,HIP 90884,-,-,6956,170902,Sct
278.0888795,-39.70400077,5.155,HIP 90887,-,-,6942,170642,CrA
278.1438441,57.04559605,4.761,HIP 90905,-,45 Dra,6978,171635,Dra
278.1805087,-14.86566172,5.51,HIP 90913,-,V450 Sct,6959,170975,Sct
278.1923116,23.61679714,5.84,HIP 90915,-,-,6966,171245,Her
278.2081572,30.5542088,5.468,HIP 90923,-,-,6968,171301,Lyr
278.2305901,-73.96559834,5.888,HIP 90930,-,-,6899,169570,Pav
278.2538197,-39.89202087,6.217,HIP 90936,-,-,6948,170773,CrA
278.3446181,-5.911719228,6.354,HIP 90967,-,-,6963,171149,Sct
278.3461705,-38.72004622,6.169,HIP 90969,-,κ 2 Coronae Australis,6952,170867,CrA
278.3463804,-38.72598312,5.59,HIP 90968,-,κ 1 Coronae Australis,6952,170868,CrA
278.3470957,8.2682496,6.416,HIP 90971,-,V2393 Oph,6967,171247,Oph
278.3727934,-58.70877778,6.44,HIP 90981,-,-,6939,170525,Pav
278.3757741,-42.31250824,4.614,HIP 90982,-,θ Coronae Australis,6951,170845,CrA
278.4125872,-14.85361439,5.735,HIP 90991,-,-,6962,171130,Sct
278.4728597,-24.032282,5.461,HIP 91004,-,24 Sgr,6961,171115,Sgr
278.4862272,52.35351575,5.38,HIP 91013,-,-,6983,171779,Dra
278.490693,-33.01656027,5.276,HIP 91014,-,77 G. Sgr,6960,171034,Sgr
278.6296607,-52.89152101,6.202,HIP 91062,-,-,6954,170873,Tel
278.6978903,10.89200858,6.47,HIP 91090,-,-,6976,171505,Oph
278.7599693,-10.97720636,5.119,HIP 91105,-,-,6970,171391,Sct
278.8017798,-8.244070511,3.83,HIP 91117,-,α Scuti,6973,171443,Sct
278.8024667,18.20341499,5.79,HIP 91118,-,-,6977,171623,Her
278.8062716,34.45801892,6.088,HIP 91119,-,-,6984,171780,Lyr
278.8388827,-20.840449,6.481,HIP 91132,-,V4190 Sgr,6969,171369,Sgr
278.8766595,23.60554102,6.24,-,-,-,6980,171745A,Her
278.9020539,4.935989631,6.46,HIP 91142,-,FR Ser,-,171586,Ser
278.9985201,-29.6991066,6.366,HIP 91172,-,80 G. Sgr,6972,171416,Sgr
279.0552802,65.48870466,6.06,HIP 91196,-,-,7013,172569,Dra
279.1159761,9.122491586,5.39,HIP 91217,-,-,6985,171802,Oph
279.155601,33.46903833,5.41,HIP 91235,-,-,6997,172044,Lyr
279.1628111,6.67180517,5.425,HIP 91237,-,-,6987,171834,Oph
279.189788,43.22181638,6.211,HIP 91250,-,V533 Lyr,7003,172187,Lyr
279.2347348,38.78368896,0.03,HIP 91262,Vega,α Lyrae,7001,172167,Lyr
279.2877493,16.19829478,6.307,HIP 91279,-,-,6995,171994,Her
279.3896559,62.52657591,5.74,HIP 91315,-,-,7018,172728,Dra
279.3998443,-0.30947504,5.768,HIP 91322,-,e Ser,6993,171978,Ser
279.4767799,-21.39772861,5.931,HIP 91347,-,83 G. Sgr,6988,171856,Sgr
279.5186644,-14.00478282,6.47,HIP 91369,-,-,6989,171957,Sct
279.5269844,39.6683266,6.05,HIP 91373,-,XY Lyr,7009,172380,Lyr
279.5880514,8.834112833,6.4,HIP 91389,-,X Oph,7002,172171,Oph
279.5991575,-3.193648671,6.482,HIP 91394,-,60 G. Ser Cau,6999,172088,Ser
279.6279764,-23.5048952,5.772,HIP 91405,-,84 G. Sgr,6990,171961,Sgr
279.7225044,-21.05187527,5.86,HIP 91438,-,-,6998,172051,Sgr
279.8095537,-47.90976444,5.84,HIP 91461,-,-,6986,171819,Tel
279.8876674,40.93505618,6.23,HIP 91491,-,-,7017,172671,Lyr
279.8964958,-43.18588031,5.425,HIP 91494,-,V718 CrA,6991,171967,CrA
279.9036556,5.264291214,6.4,HIP 91499,-,63 G. Ser Cau,7008,172365,Ser
279.9649926,7.358599019,6.265,HIP 91523,-,-,7010,172424,Oph
279.9700681,52.19608783,5.992,HIP 91525,-,-,7028,172883,Dra
280.0016169,-7.790796344,5.808,HIP 91532,-,-,7007,172348,Sct
280.0080191,30.84947045,6.4,HIP 91533,-,-,7016,172631,Lyr
280.0508367,38.3671761,6.489,HIP 91552,-,-,7019,172741,Lyr
280.2350356,62.74946301,6.091,HIP 91606,-,-,7042,173398,Dra
280.3778328,-48.09468926,6.454,HIP 91662,-,-,7005,172223,Tel
280.4221315,31.61761192,6.416,HIP 91675,-,-,7030,172958,Lyr
280.4651278,-23.83342236,6.205,HIP 91689,-,26 Sgr,7011,172546,Sgr
280.5337014,34.74631982,6.473,HIP 91707,-,-,7033,173087,Lyr
280.5600839,-81.80811289,6.262,HIP 91723,-,-,6912,169904,Oct
280.5684454,-9.052552478,4.71,HIP 91726,-,δ Scuti,7020,172748,Sct
280.5942655,-64.64304585,6.353,HIP 91733,-,-,6996,172021,Pav
280.6505008,-7.073654086,6.125,HIP 91751,-,-,7024,172831,Sct
280.6581651,55.53944648,5.02,HIP 91755,-,46 Dra,7049,173524,Dra
280.7295822,-19.28420999,6.35,HIP 91781,-,V3879 Sgr,7023,172816,Sgr
280.7589014,-71.42811561,4.003,HIP 91792,-,ζ Pavonis,6982,171759,Pav
280.793134,70.79284785,6.27,HIP 91811,-,-,7082,174205,Dra
280.8190539,39.30005944,6.44,HIP 91820,-,-,7041,173383,Lyr
280.8708886,53.87176709,6.19,HIP 91843,-,-,7060,173664,Dra
280.8802121,-8.275212675,4.889,HIP 91845,-,ϵ Scuti,7032,173009,Sct
280.9004553,36.55660634,6.037,HIP 91852,Xihe,-,7043,173416,Lyr
280.9055733,-64.55142515,5.757,HIP 91854,-,-,7004,172211,Pav
280.9455916,-38.3234419,5.111,HIP 91875,-,λ Coronae Australis,7021,172777,CrA
280.9634737,-6.818121554,6.299,HIP 91880,-,-,7034,173093,Sct
280.9649662,31.92661334,5.682,HIP 91883,-,-,7044,173417,Lyr
281.0331222,-36.71833684,6.308,HIP 91901,-,90 G. Sgr,7026,172875,Sgr
281.0761061,61.04814244,6.13,-,-,-,7075,173949A,Dra
281.0806687,-35.6419884,4.87,HIP 91918,-,-,7029,172910,Sgr
281.0846327,39.67080234,6.062,HIP 91919,-,* eps01 Lyr B,7052,173583,Lyr
281.0847656,39.67012917,4.991,HIP 91919,-,* eps01 Lyr A,7051,-,Lyr
281.0949125,39.6127146,5.23,HIP 91926,-,* eps02 Lyr A,7053,173607,Lyr
281.0957644,39.61279477,5.35,HIP 91926,-,* eps02 Lyr B,7054,173608,Lyr
281.1678987,23.58988469,6.302,HIP 91958,-,-,7047,173494,Her
281.1931545,37.60512165,4.36,HIP 91971,-,ζ 1 Lyrae,7056,173648,Lyr
281.2008299,37.5945996,5.585,HIP 91973,-,ζ 2 Lyrae,7057,173649,Lyr
281.2066848,-25.01090933,5.811,HIP 91974,-,94 G. Sgr,7035,173117,Sgr
281.2080769,2.060039013,5.005,HIP 91975,-,4 Aql,7040,173370,Aql
281.23083,54.89718469,6.259,HIP 91985,-,-,7071,173920,Dra
281.2381345,-39.68618837,5.439,HIP 91989,-,-,7031,172991,CrA
281.2980294,-61.09519315,6.019,HIP 92008,-,-,7015,172630,Pav
281.3277387,-21.00161611,6.331,HIP 92016,-,96 G. Sgr,7038,173282,Sgr
281.3495115,-56.88196906,6.21,HIP 92021,-,-,7022,172781,Pav
281.3620874,-64.87125967,4.767,HIP 92024,-,-,7012,172555,Pav
281.368175,5.500117,6.34,HIP 92027,-,66 G. Ser Cau,7048,173495B,Ser
281.3681842,5.50012335,5.83,HIP 92027,-,66 G. Ser Cau,7048,173495,Ser
281.4090452,79.94267767,6.4,HIP 92040,-,-,7160,175938,Dra
281.4141231,-26.99078265,3.14,HIP 92041,-,ϕ Sagittarii,7039,173300,Sgr
281.4155237,20.54630919,4.19,HIP 92043,-,110 Her,7061,173667,Her
281.4448642,74.08555121,5.244,HIP 92056,-,-,7117,174980,Dra
281.4833131,-50.87270395,6.24,HIP 92072,-,-,-,173047,Tel
281.5047849,-19.60635783,6.42,HIP 92079,-,V4405 Sgr,7045,173425,Sgr
281.5186646,26.66212891,4.84,HIP 92088,-,-,7064,173780,Lyr
281.5542102,41.44181112,6.051,HIP 92098,-,-,7073,173936,Lyr
281.5858791,-22.39217318,5.366,HIP 92111,-,28 Sgr,7046,173460,Sgr
281.5926745,75.43395556,5.358,HIP 92112,-,50 Dra,7124,175286,Dra
281.6191409,-0.961692472,5.9,HIP 92117,-,5 Aql,7059,173654,Aql
281.6723405,18.70590855,6.179,HIP 92131,-,-,7067,173833,Her
281.6795382,52.98795964,5.9,HIP 92133,-,CX Dra,7084,174237,Dra
281.6805175,-10.12504481,5.717,HIP 92136,-,-,7055,173638,Sct
281.755143,18.18151606,4.36,HIP 92161,-,111 Her,7069,173880,Her
281.7936426,-4.747873045,4.22,HIP 92175,-,β Scuti,7063,173764,Sct
281.8706246,-5.705150726,5.2,HIP 92202,-,-,7066,173819,Sct
281.9359072,-40.40616595,5.217,HIP 92226,-,μ Coronae Australis,7050,173540,CrA
281.9547162,-77.86825089,6.392,HIP 92233,-,-,6994,171990,Oct
281.9890576,31.75683623,6.054,HIP 92243,-,-,7081,174179,Lyr
282.0111052,4.241421309,6.187,HIP 92254,-,67 G. Ser Cau,7076,173954,Ser
282.0669802,48.76755474,6.12,HIP 92269,-,-,7096,174481,Dra
282.0683444,23.51474828,6.181,HIP 92270,-,-,7079,174160,Her
282.1579368,-65.07768004,5.701,HIP 92294,-,θ Pavonis,7036,173168,Pav
282.164555,-6.004312486,6.494,HIP 92296,-,-,-,174005,Sct
282.2103739,-43.68004332,5.456,HIP 92308,-,η 1 Coronae Australis,7062,173715,CrA
282.2224427,19.32871643,5.88,HIP 92312,-,-,7086,174262,Her
282.3639304,-45.81010003,5.798,HIP 92367,-,-,7065,173791,Tel
282.3958187,-43.43409782,5.587,HIP 92382,-,η 2 Coronae Australis,7068,173861,CrA
282.4049703,0.836196203,6.226,HIP 92386,-,4 G. Aql,7085,174240,Aql
282.4171167,-20.32465464,5.21,HIP 92390,-,29 Sgr,7078,174116,Sgr
282.4206513,-5.912863014,6,HIP 92391,-,-,7083,174208,Sct
282.4319528,-72.99571814,6.2,-,-,-,7027,172881A,Pav
282.4413259,32.81281846,5.91,HIP 92398,-,ν 1 Lyrae,7100,174585,Lyr
282.4704888,32.55106029,5.226,HIP 92405,-,ν 2 Lyrae,7102,174602,Lyr
282.5199798,33.36266677,3.42,HIP 92420,Sheliak,β Lyrae,7106,174638,Lyr
282.6298756,-13.57225945,6.43,HIP 92456,-,-,-,174328,Sct
282.6897985,10.97638807,6.36,HIP 92475,-,-,7099,174569,Aql
282.7438019,-9.774096568,5.836,HIP 92488,-,-,7094,174464,Sct
282.7443817,-41.06269559,6.49,HIP 92487,-,-,-,174152,CrA
282.766,-6.272,5.8,-,-,NGC 6705,-,-,Sct
282.8003931,59.38835015,4.636,HIP 92512,-,ο Draconis,7125,175306,Dra
282.8423259,-3.317856965,6.056,HIP 92524,-,8 Aql,7101,174589,Aql
282.8955006,52.97506841,5.52,HIP 92549,-,-,7123,175225,Dra
282.89955,28.7836719,6.209,HIP 92550,-,-,7112,174881,Lyr
282.902156,36.53908234,6.082,HIP 92551,-,-,7115,174959,Lyr
283.008012,13.96564515,6.2,HIP 92593,-,V822 Her,7109,174853,Her
283.0302081,41.3832447,6.269,HIP 92599,-,-,7118,175132,Lyr
283.0497434,-41.70919479,6.45,HIP 92608,-,-,-,174407,CrA
283.0543076,-62.18759092,4.207,HIP 92609,-,λ Pavonis,7074,173948,Pav
283.0684499,21.42514228,5.393,HIP 92614,-,112 Her,7113,174933,Her
283.092,-20.229,6.3,-,-,Cl Collinder 394,-,-,Sgr
283.1134574,-46.59512018,5.49,HIP 92630,-,-,7092,174387,Tel
283.1179786,-26.65077145,6.29,HIP 92635,-,109 G. Sgr,7103,174630,Sgr
283.154355,-29.37967654,6.098,HIP 92643,-,108 G. Sgr,7104,174631,Sgr
283.1651874,-52.10736978,5.173,HIP 92646,-,κ Telescopii,7087,174295,Tel
283.2495837,-46.58633132,6.16,HIP 92669,-,-,7097,174500,Tel
283.2575396,-9.575521303,6.321,HIP 92674,-,-,7110,174866,Sct
283.2597783,-48.36091569,6.168,HIP 92676,-,-,7095,174474,Tel
283.3000123,-51.93143745,6.286,HIP 92687,-,-,7093,174430,Tel
283.3064625,50.70822057,4.92,HIP 92689,-,-,7137,175535,Dra
283.4314964,36.97171879,5.573,HIP 92728,-,δ 1 Lyrae,7131,175426,Lyr
283.4429559,57.48655724,6.232,HIP 92731,-,-,7153,175823,Dra
283.5003669,-21.3598479,5.678,HIP 92747,-,33 Sgr,7114,174947,Sgr
283.5424087,-22.74483962,4.845,HIP 92761,Ainalrami,ν 1 Sagittarii,7116,174974,Sgr
283.5551969,27.90952726,5.62,HIP 92768,-,-,7132,175443,Lyr
283.568,36.899,3.8,-,-,NAME del Lyr Cluster,-,-,Lyr
283.5993828,71.29719627,4.814,HIP 92782,-,υ Draconis,7180,176524,Dra
283.6261779,36.89861991,4.3,HIP 92791,-,δ 2 Lyrae,7139,175588,Lyr
283.6796402,-15.60303686,5.086,HIP 92814,-,-,7119,175156,Sct
283.6870208,22.64507541,4.6,HIP 92818,-,113 Her,7133,175492,Her
283.6963623,48.85940358,5.836,HIP 92822,-,-,7154,175824,Dra
283.6964193,-87.60584331,5.278,HIP 92824,-,χ Octantis,6721,164461,Oct
283.7174042,41.60272233,5.44,HIP 92831,-,-,7146,175740,Lyr
283.7187922,33.96857133,6.03,HIP 92833,-,-,7140,175635,Lyr
283.7797394,-22.67128379,4.98,HIP 92845,-,ν 2 Sagittarii,7120,175190,Sgr
283.8163604,-26.29672411,2.067,HIP 92855,Nunki,σ Sagittarii,7121,175191,Sgr
283.8292,-30.5453,3.6,-,-,NAME SDG,-,-,Sgr
283.8337597,43.94608958,4,HIP 92862,-,R Lyr,7157,175865,Lyr
283.848123,-37.38658853,6.47,HIP 92866,-,-,-,175093,CrA
283.8644215,6.615301025,5.566,HIP 92872,-,62 Ser,7135,175515,Aql
283.8791891,-16.37663561,5.546,HIP 92882,-,114 G. Sgr,7126,175317,Sgr
284.002808,-23.17375324,5.93,HIP 92931,-,116 G. Sgr,7128,175360,Sgr
284.0549467,4.203606136,4.57,HIP 92946,Alya,θ 1 Serpentis,7141,175638,Ser
284.0610043,4.20212762,4.98,HIP 92951,-,θ 2 Serpentis,7142,175639,Ser
284.0706302,-42.71067309,5.346,HIP 92953,-,-,7122,175219,CrA
284.0944162,-1.799862205,6.196,HIP 92963,-,6 G. Aql,7143,175640,Aql
284.1066827,2.47119042,6.132,HIP 92968,-,73 G. Ser Cau,7144,175679,Ser
284.1071598,65.25808453,5.621,HIP 92969,-,-,7187,176598,Dra
284.113491,-31.68902838,6.45,HIP 92972,-,115 G. Sgr,-,175390,Sgr
284.1686914,-37.34325035,5.38,HIP 92989,-,V686 CrA,7129,175362,CrA
284.1876489,57.81481655,5.663,HIP 92997,-,48 Dra,7175,176408,Dra
284.2279351,-62.80190393,6.453,HIP 93012,-,-,7111,174877,Pav
284.2376208,-67.23349478,4.4,HIP 93015,-,κ Pavonis,7107,174694,Pav
284.2568194,32.90131905,5.277,-,-,-,7162,176051A,Lyr
284.2652925,-5.846315093,4.818,HIP 93026,-,η Scuti,7149,175751,Sct
284.3096309,-43.91700963,6.27,HIP 93049,-,-,-,175395,CrA
284.3191252,2.53534605,5.551,HIP 93051,-,64 Ser,7158,175869,Ser
284.3222486,62.39677341,6.49,HIP 93053,-,-,7191,176668,Dra
284.3353204,-20.65634787,5.054,HIP 93057,-,ξ 1 Sagittarii,7145,175687,Sgr
284.3686662,58.22502454,6.45,HIP 93068,-,-,7184,176560,Dra
284.3933158,-39.82319495,6.284,HIP 93074,-,-,7136,175529,CrA
284.4325008,-21.10665759,3.51,HIP 93085,-,ξ 2 Sagittarii,7150,175775,Sgr
284.5079091,38.26618876,5.883,HIP 93104,-,V542 Lyr,7174,176318,Lyr
284.5614513,17.36091599,5.38,HIP 93124,-,FF Aql,7165,176155,Aql
284.5886679,-31.03597483,6.08,HIP 93134,-,121 G. Sgr,7151,175794,Sgr
284.59877,6.239929158,6.207,HIP 93138,-,7 G. Aql,7163,176095,Aql
284.6034671,-22.52949435,6.141,HIP 93140,-,123 G. Sgr,7159,175892,Sgr
284.6157036,-52.9386275,4.838,HIP 93148,-,λ Telescopii,7134,175510,Tel
284.6518649,-60.2005479,5.14,HIP 93163,-,ω Pavonis,7127,175329,Pav
284.6807613,-37.10732798,4.85,HIP 93174,-,ϵ Coronae Australis,7152,175813,CrA
284.687731,19.79439378,6.494,HIP 93175,-,-,7171,176301,Sge
284.6941161,40.67919119,6.192,HIP 93177,-,V543 Lyr,7179,176502,Lyr
284.6955169,13.90665048,5.89,HIP 93179,-,10 Aql,7167,176232,Aql
284.7359273,32.68955574,3.25,HIP 93194,Sulafat,γ Lyrae,7178,176437,Lyr
284.7474874,50.80914299,6.338,HIP 93197,-,-,7196,176707,Dra
284.7739116,13.62224287,5.258,HIP 93203,-,11 Aql,7172,176303,Aql
284.7956846,-39.53471215,6.497,HIP 93209,-,-,7156,175855,CrA
284.8012159,39.21732247,6.403,HIP 93210,-,-,7185,176582,Lyr
284.8491751,-12.84051775,5.51,HIP 93225,-,126 G. Sgr,7166,176162,Sgr
284.8615756,-18.56643507,6.378,HIP 93234,-,125 G. Sgr,7164,176123,Sgr
284.8719516,-70.468652,6.48,HIP 93238,-,-,-,175007,Pav
284.9056516,15.06828104,4.02,HIP 93244,-,ϵ Aquilae,7176,176411,Aql
284.9395176,26.23040537,5.261,HIP 93256,-,-,7181,176527,Lyr
284.9921213,22.81451362,6.29,HIP 93270,-,V387 Vul,7183,176541,Vul
285.0034403,32.14551321,4.93,HIP 93279,-,λ Lyrae,7192,176670,Lyr
285.0148574,-66.65361638,5.971,HIP 93287,-,-,7130,175401,Pav
285.0569908,50.53346629,5.377,HIP 93299,-,LV Dra,7210,177003,Dra
285.1033886,-24.94216993,6.356,HIP 93315,-,127 G. Sgr,7168,176246,Sgr
285.1810685,55.65830085,5.513,HIP 93340,-,49 Dra,7218,177249,Dra
285.2300063,33.80215623,6.038,HIP 93354,-,-,7204,176896,Lyr
285.2679285,-37.06157399,6.4,HIP 93371,-,-,7170,176270,CrA
285.2726669,19.30956365,6.46,HIP 93374,-,-,7198,176776,Sge
285.3223201,26.29141041,5.687,HIP 93393,-,-,7202,176871,Lyr
285.3599276,46.93476319,5.006,HIP 93408,-,16 Lyr,7215,177196,Lyr
285.3896528,-15.28261763,6.32,HIP 93418,-,129 G. Sgr,7186,176593,Sgr
285.4072506,-22.69536514,6.215,HIP 93423,-,128 G. Sgr,7182,176537,Sgr
285.4201203,-5.739089505,4.02,HIP 93429,-,12 Aql,7193,176678,Aql
285.4515439,33.62126612,6.381,HIP 93437,-,-,7212,177109,Lyr
285.4559627,22.26441173,6.45,HIP 93443,-,-,7207,176971,Vul
285.529304,52.26105675,6.389,HIP 93466,-,-,7229,177483,Dra
285.5355042,-41.91050723,6.209,HIP 93470,-,-,7177,176425,CrA
285.5898604,8.373537646,6.271,HIP 93488,-,12 G. Aql,7208,176981,Aql
285.6153127,-24.84682542,5.628,HIP 93498,-,131 G. Sgr,7195,176704,Sgr
285.6530427,-29.8800633,2.59,HIP 93506,Ascella,ζ Sagittarii,7194,176687,Sgr
285.719254,19.66101188,6.094,HIP 93523,-,-,7216,177199,Sge
285.7270877,-3.698968911,5.4,HIP 93526,-,14 Aql,7209,176984,Aql
285.7658552,-19.2456835,6,HIP 93537,-,132 G. Sgr,7203,176884,Sgr
285.7786535,-42.09510567,4.725,HIP 93542,-,ζ Coronae Australis,7188,176638,CrA
285.7791564,-19.10302291,6.357,HIP 93543,-,133 G. Sgr,7205,176903,Sgr
285.8237341,-38.25314818,5.716,HIP 93552,-,V701 CrA,7197,176723,CrA
285.8734714,-68.75558106,5.861,HIP 93574,-,-,7161,175986,Pav
285.8843593,1.818734383,5.815,HIP 93580,-,13 G. Aql,7214,177178,Aql
285.9898294,-51.01860319,5.928,HIP 93624,-,-,7190,176664,Tel
286.0042373,-57.95996037,6.3,HIP 93629,-,-,-,176522,Pav
286.1044068,-31.04708057,5.482,HIP 93667,-,134 G. Sgr,7211,177074,Sgr
286.1707585,-21.74149596,3.77,HIP 93683,-,ο Sagittarii,7217,177241,Sgr
286.229856,53.3966558,5.38,HIP 93713,-,51 Dra,7251,178207,Dra
286.2403023,-4.031422544,5.394,HIP 93717,-,15 Aql,7225,177463,Aql
286.2411446,31.74407088,5.56,HIP 93718,-,-,7237,177808,Lyr
286.2428626,30.7334046,6.06,HIP 93720,-,-,7238,177809,Lyr
286.2910025,49.92316413,6.43,HIP 93733,-,-,7252,178208,Dra
286.3525334,13.86347728,2.99,HIP 93747,Okab,ζ Aquilae,7235,177724,Aql
286.4215842,-15.6604196,5.97,HIP 93763,-,138 G. Sgr,7230,177517,Sgr
286.4463651,29.92167572,6.31,HIP 93770,-,-,7244,178003,Lyr
286.5622444,-4.882562746,3.43,HIP 93805,-,λ Aquilae,7236,177756,Aql
286.5709831,41.41378211,6.496,HIP 93808,-,V550 Lyr,7258,178329,Lyr
286.5831506,-52.34091135,5.174,HIP 93815,-,ρ Telescopii,7213,177171,Tel
286.5927129,8.230003517,6.09,HIP 93820,-,R Aql,7243,177940,Aql
286.6045926,-37.06370358,6.42,HIP 93825,-,* gam CrA B,7227,177475,CrA
286.6046256,-37.0634417,4.21,HIP 93825,-,γ 1 Coronae Australis,7226,177474,CrA
286.6050612,-37.06327565,4.53,HIP 93825,-,* gam CrA A,7226,177474,CrA
286.6572264,28.62859511,5.55,HIP 93843,-,-,7253,178233,Lyr
286.6599839,24.25078289,5.79,HIP 93845,-,-,7250,178187,Vul
286.7171647,-16.2292505,6.11,HIP 93855,-,141 G. Sgr,7239,177817,Sgr
286.7186016,-37.81065928,6.16,HIP 93858,-,-,7232,177565,CrA
286.7284099,-50.32314267,6.274,HIP 93860,-,-,-,177365,Tel
286.7316957,-48.29914431,5.951,HIP 93862,-,-,7223,177406,Tel
286.735013,-27.67041564,3.31,HIP 93864,-,τ Sagittarii,7234,177716,Sgr
286.7441787,11.07122704,5.086,HIP 93867,-,18 Aql,7248,178125,Aql
286.7846942,-18.73816863,6.293,HIP 93887,-,V4198 Sgr,7241,177863,Sgr
286.8255514,36.10015902,5.253,HIP 93903,-,ι Lyrae,7262,178475,Lyr
286.8565914,32.5017602,5.22,HIP 93917,-,17 Lyr,7261,178449,Lyr
286.8785092,-28.63680068,6.027,HIP 93925,-,140 G. Sgr,7240,177846,Sgr
286.9888345,16.85338189,6.07,HIP 93966,-,-,7260,178428,Sge
287.0146774,21.69892857,6.211,HIP 93975,-,-,7263,178476,Vul
287.0572905,1.298652217,6.5,HIP 93990,-,-,-,178359,Aql
287.0606826,-24.65737031,6.3,HIP 93993,-,143 G. Sgr,7246,178075,Sgr
287.0695911,-19.29028832,5.49,HIP 93996,-,V4024 Sgr,7249,178175,Sgr
287.0873737,-40.49669798,4.571,HIP 94005,-,δ Coronae Australis,7242,177873,CrA
287.1074524,52.42573104,5.893,HIP 94013,-,V1762 Cyg,7275,179094,Cyg
287.2180197,-55.72042492,6.45,HIP 94054,-,-,7233,177693,Tel
287.249645,6.073217788,5.23,HIP 94068,-,19 Aql,7266,178596,Aql
287.2911728,76.56050384,5.107,HIP 94083,-,59 Dra,7312,180777,Dra
287.3680896,-37.9044744,4.087,HIP 94114,Meridiana,α Coronae Australis,7254,178253,CrA
287.415653,-39.82723609,6.435,HIP 94130,-,-,7255,178254,CrA
287.4408579,65.97851433,6.26,HIP 94140,-,55 Dra,7290,179933,Dra
287.4409705,-21.02361398,2.88,HIP 94141,Albaldah,π Sagittarii,7264,178524,Sgr
287.4506094,-19.80365836,6.11,HIP 94144,-,148 G. Sgr,7265,178555,Sgr
287.464983,-0.42811263,6.321,HIP 94149,-,25 G. Aql,7269,178744,Aql
287.4702838,-68.42444946,5.305,HIP 94150,-,-,7221,177389,Pav
287.4902167,-41.89224545,5.855,HIP 94157,-,-,7257,178322,CrA
287.5073197,-39.34079269,4.095,HIP 94160,-,β Coronae Australis,7259,178345,CrA
287.7579352,-39.00470521,6.344,HIP 94243,-,-,7268,178628,CrA
287.828402,-29.50229333,6.272,HIP 94272,-,150 G. Sgr,7270,178840,Sgr
287.8465108,40.42909621,6.188,HIP 94280,-,-,7284,179583,Lyr
287.879097,26.73587128,6.336,HIP 94290,-,-,7280,179422,Lyr
287.9190871,56.85920553,5.125,HIP 94302,-,53 Dra,7295,180006,Dra
287.9417019,31.2834566,5.932,HIP 94311,-,19 Lyr,7283,179527,Lyr
288.0209393,49.85574875,6.47,-,-,-,7293,179958,Cyg
288.1168331,-21.65838216,6.39,HIP 94372,-,151 G. Sgr,7276,179201,Sgr
288.1387557,67.66153866,3.07,HIP 94376,Altais,δ Draconis,7310,180711,Dra
288.153055,21.5545733,6.04,HIP 94382,-,-,7286,179648,Vul
288.1696324,-7.939517718,5.34,HIP 94385,-,20 Aql,7279,179406,Aql
288.1922436,-50.48641932,6.13,HIP 94398,-,-,7271,178845,Tel
288.3069497,-25.9067869,5.765,HIP 94434,-,152 G. Sgr,7277,179323,Sgr
288.3146767,-12.28258065,5.51,HIP 94437,-,153 G. Sgr,7282,179497,Sgr
288.4279216,2.293697305,5.15,HIP 94477,-,21 Aql,7287,179761,Aql
288.4334666,5.515610708,6.49,HIP 94478,-,-,7288,179791,Aql
288.4395351,39.14596601,4.398,HIP 94481,Aladfar,η Lyrae,7298,180163,Lyr
288.4796451,57.70507956,5.003,HIP 94490,-,54 Dra,7309,180610,Dra
288.6648373,-45.19352749,5.909,HIP 94556,-,-,7281,179433,CrA
288.7612104,20.20311683,6.028,HIP 94598,-,-,7299,180242,Sge
288.8223372,21.23211741,5.642,HIP 94620,-,1 Sge,7301,180317,Sge
288.8299029,50.07112153,6.31,HIP 94623,-,-,7311,180756,Cyg
288.8337093,15.08365272,5.571,HIP 94624,-,-,7300,180262,Aql
288.8535809,30.52638275,5.85,HIP 94630,-,-,7302,180450,Lyr
288.8851405,-25.25668668,4.86,HIP 94643,-,ψ Sagittarii,7292,179950,Sgr
288.8874388,73.35552175,4.45,HIP 94648,-,τ Draconis,7352,181984,Dra
288.8884586,-24.17935318,6.237,HIP 94645,Gumala,-,7291,179949,Sgr
288.8890094,18.51634774,6.457,HIP 94646,-,-,-,180377,Sge
288.9978725,27.92630174,6.153,HIP 94685,-,V473 Lyr,7308,180583,Lyr
289.05433,21.39042903,4.77,HIP 94703,-,1 Vul,7306,180554,Vul
289.0905924,-45.46602891,5.371,HIP 94712,-,-,7289,179886,Tel
289.0920557,38.13374205,4.38,HIP 94713,-,θ Lyrae,7314,180809,Lyr
289.111642,14.54461186,5.63,HIP 94720,-,-,7307,180555,Aql
289.1192169,-69.19082709,6.255,HIP 94724,-,τ Pavonis,7274,179009,Pav
289.1292976,4.834793457,5.569,HIP 94727,-,22 Aql,7303,180482,Aql
289.1365286,-33.52231673,6.25,HIP 94730,-,-,7296,180093,Sgr
289.2521717,-65.22770291,6.39,HIP 94770,-,-,-,179419,Pav
289.2757013,53.36845828,3.76,HIP 94779,-,κ Cygni,7328,181276,Cyg
289.3008145,-66.66095331,6.39,HIP 94789 ,-,-,7278,179366B,Pav
289.3010278,-66.66105143,6.1,-,-,-,7278,179366A,Pav
289.4086631,-18.95290625,4.878,HIP 94820,-,43 Sgr,7304,180540,Sgr
289.4318141,23.02553939,5.43,HIP 94827,-,2 Vul,7318,180968,Vul
289.4508077,2.031724556,6.174,HIP 94833,-,34 G. Aql,7313,180782,Aql
289.4541633,11.59542442,5.283,HIP 94834,-,ω 1 Aquilae,7315,180868,Aql
289.5407554,-53.38708665,6.362,HIP 94858,-,-,7297,180134,Tel
289.6353982,1.085128208,5.28,HIP 94885,-,23 Aql,7319,180972,Aql
289.6577995,49.56945498,6.317,HIP 94890,-,-,7341,181597,Cyg
289.7122825,0.339040996,6.404,HIP 94913,-,24 Aql,7321,181053,Aql
289.7198005,9.618068363,6.311,HIP 94916,-,37 G. Aql,7325,181122,Aql
289.7503998,-15.5365687,6.06,HIP 94929,-,163 G. Sgr,7317,180928,Sgr
289.7547876,37.44534493,6.26,HIP 94932,-,-,7338,181470,Lyr
289.9018114,54.37599519,6.231,HIP 94974,-,-,7351,181960,Cyg
289.9139501,12.37467936,5.518,HIP 94982,-,28 Aql,7331,181333,Aql
289.9166432,-35.4214593,5.579,HIP 94986,-,162 G. Sgr,7316,180885,Sgr
289.9711117,11.53496409,6.012,HIP 95002,-,ω 2 Aquilae,7332,181383,Aql
290.0668273,57.64512154,5.91,HIP 95038,-,-,7356,182190,Dra
290.1371092,-5.415768031,4.99,HIP 95066,-,26 Aql,7333,181391,Aql
290.1377332,35.18596003,6.29,HIP 95067,-,-,7346,181828,Lyr
290.1486932,-0.892159589,5.451,HIP 95073,-,27 Aql,7336,181440,Aql
290.1589506,-22.40254626,5.579,HIP 95077,-,165 G. Sgr,7327,181240,Sgr
290.1670478,65.71453187,4.59,HIP 95081,-,π Draconis,7371,182564,Dra
290.3738657,-34.98343231,6.48,HIP 95149,-,166 G. Sgr,7330,181321,Sgr
290.3979926,76.55959921,5.94,HIP 95154,-,UX Dra,-,183556,Dra
290.4046398,-19.23445707,6.26,HIP 95159,-,V4199 Sgr,7339,181558,Sgr
290.4180415,79.60283612,6.06,HIP 95167,-,-,7423,184102,Dra
290.4181661,-17.84719859,3.93,HIP 95168,-,ρ 1 Sagittarii,7340,181577,Sgr
290.4317608,-15.95501742,4.61,HIP 95176,-,υ Sagittarii,7342,181615,Sgr
290.4620644,-18.30838925,5.845,HIP 95188,-,ρ 2 Sagittarii,7344,181645,Sgr
290.5396995,-42.01602787,6.338,HIP 95211,-,167 G. Sgr,7334,181401,Sgr
290.5897837,-0.252363443,5.811,HIP 95222,-,42 G. Aql,7349,181907,Aql
290.638973,33.51816225,6.084,HIP 95235,-,-,7359,182272,Lyr
290.6572894,-51.23128052,6.42,HIP 95239,-,-,-,181295,Tel
290.65958,-44.45895838,4.01,HIP 95241,Arkab Prior,β 1 Sagittarii,7337,181454,Sgr
290.7014623,9.913150222,6.346,HIP 95253,-,44 G. Aql,7354,182101,Aql
290.7120231,26.26240759,5.192,HIP 95260,-,3 Vul,7358,182255,Vul
290.7133587,-54.42392934,5.02,HIP 95261,-,η Telescopii,7329,181296,Tel
290.7685353,-7.400617094,6.308,HIP 95281,-,43 G. Aql,7353,182038,Aql
290.8047399,-44.7997788,4.27,HIP 95294,Arkab Posterior,β 2 Sagittarii,7343,181623,Sgr
290.9455407,20.26435965,6.393,HIP 95340,-,-,7364,182422,Vul
290.9715642,-40.6159372,3.943,HIP 95347,Rukbat,α Sagittarii,7348,181869,Sgr
290.9854187,43.38816872,5.853,HIP 95352,-,-,7382,182694,Lyr
291.0228224,-68.37108682,6.336,HIP 95369,-,-,7320,181019,Pav
291.0252264,36.45209375,6.43,HIP 95370,-,-,7376,182635,Lyr
291.0315765,29.62133557,4.977,HIP 95372,-,2 Cyg,7372,182568,Cyg
291.0894725,-43.72206526,6.132,HIP 95396,-,178 G. Sgr,7350,181925,Sgr
291.0919672,16.93772139,6.247,HIP 95398,-,2 Sge,7369,182490,Sge
291.1257504,-27.86594152,6.011,HIP 95408,-,179 G. Sgr,7355,182180,Sgr
291.2563725,-4.884561099,6.499,HIP 95453,-,-,7366,182475,Aql
291.2668436,-29.30935775,5.93,HIP 95456,-,180 G. Sgr,7360,182286,Sgr
291.3187111,-24.50856711,5.009,HIP 95477,-,χ 1 Sagittarii,7362,182369,Sgr
291.3399788,-13.89711758,5.71,HIP 95485,-,184 G. Sgr,7367,182477,Sgr
291.3432982,20.27172687,6.287,HIP 95487,-,-,7384,182761,Vul
291.35,20.1833,3.6,-,-,Cl Collinder 399,-,-,Vul
291.3691778,19.79835283,5.16,HIP 95498,-,4 Vul,7385,182762,Vul
291.3735816,-23.96245367,5.43,HIP 95503,-,χ 3 Sagittarii,7363,182416,Sgr
291.3745891,3.11477947,3.36,HIP 95501,-,δ Aquilae,7377,182640,Aql
291.5380289,36.31789782,5.15,HIP 95556,-,4 Cyg,7395,183056,Cyg
291.5460109,-15.05325146,5.706,HIP 95557,-,187 G. Sgr,7378,182645,Sgr
291.5551925,20.09773463,5.591,HIP 95560,-,5 Vul,7390,182919,Vul
291.5798218,-21.77669243,5.569,HIP 95564,-,50 Sgr,7375,182629,Sgr
291.6005613,13.02380308,5.754,HIP 95572,-,-,7389,182900,Aql
291.6104047,62.55716464,6.38,HIP 95576,-,-,7413,183611,Dra
291.6195271,19.89149495,5.87,HIP 95582,-,-,7391,182955,Vul
291.6295386,0.338570805,4.72,HIP 95585,-,ν Aquilae,7387,182835,Aql
291.7353458,-29.74322714,5.644,HIP 95619,-,186 G. Sgr,7380,182681,Sgr
291.8581638,52.32043827,5.75,HIP 95656,-,ι 1 Cygni,7408,183534,Cyg
291.8912815,14.2824801,6.303,HIP 95664,-,-,7396,183144,Aql
291.9016527,37.94119642,6.34,HIP 95673,-,-,7403,183362,Lyr
291.9504891,-54.32527183,5.688,HIP 95690,-,-,7370,182509,Tel
292.0866594,2.930032942,5.839,HIP 95732,-,49 G. Aql,7397,183227,Aql
292.1763747,24.66490585,4.45,HIP 95771,Anser,α Vulpeculae,7405,183439,Vul
292.2378472,24.76868361,5.812,HIP 95785,-,8 Vul,7406,183491,Vul
292.2541123,1.950449118,5.783,HIP 95793,-,35 Aql,7400,183324,Aql
292.3250942,0.246074402,6.245,HIP 95812,-,52 G. Aql,7404,183387,Aql
292.3370738,20.27974044,6.326,HIP 95818,-,7 Vul,7409,183537,Vul
292.3423085,14.5960192,5.564,HIP 95822,-,-,7407,183492,Aql
292.3493479,-43.44519515,5.701,HIP 95823,-,189 G. Sgr,7392,183007,Sgr
292.4264926,51.72977792,3.755,HIP 95853,-,ι 2 Cygni,7420,184006,Cyg
292.4674414,-26.98560541,5.49,HIP 95865,-,193 G. Sgr,7398,183275,Sgr
292.4692095,-55.44175143,6.127,HIP 95866,-,-,7388,182893,Tel
292.5438963,2.904073243,6.042,HIP 95898,-,-,7412,183589,Aql
292.638008,3.44440563,6.082,HIP 95929,-,V923 Aql,7415,183656,Aql
292.644216,-55.11005281,6.285,HIP 95932,-,μ Telescopii,7393,183028,Tel
292.665987,-2.788887455,5.03,HIP 95937,-,36 Aql,7414,183630,Aql
292.680315,27.95967363,3.08,HIP 95947,Albireo,β 1 Cygni,7417,183912,Cyg
292.6803507,27.9596928,3.2,HIP 95947,Albireo A,* bet01 Cyg A,7417,183912,Cyg
292.6803949,27.959617,5.15,HIP 95947,Albireo B,* bet01 Cyg B,-,183913,Cyg
292.6891508,27.96527476,5.11,HIP 95951,-,β 2 Cygni,7418,183914,Cyg
292.6951186,36.22852499,6.258,HIP 95953,-,-,7419,183986,Cyg
292.725194,-21.31223702,6.13,HIP 95965,-,197 G. Sgr,7410,183545,Sgr
292.7511263,70.98934191,6.062,HIP 95978,-,-,7450,184958,Dra
292.7957114,-68.43392024,5.961,HIP 95999,-,-,7383,182709,Pav
292.8064755,55.73183515,6.369,HIP 96003,-,V1817 Cyg,7428,184398,Cyg
292.8305449,50.30670511,5.54,HIP 96014,-,-,7427,184293,Cyg
292.8400893,26.61717141,5.893,HIP 96016,-,-,7421,184010,Vul
292.9430077,34.45296873,4.72,HIP 96052,-,8 Cyg,7426,184171,Cyg
293.0583493,-44.54638402,6.48,HIP 96095,-,196 G. Sgr,-,183577,Sgr
293.0899592,69.66117661,4.68,HIP 96100,Alsafi,σ Draconis,7462,185144,Dra
293.2242663,-53.18561522,5.744,HIP 96141,-,-,7411,183552,Tel
293.2919529,60.15869107,6.29,HIP 96164,-,-,7448,184936,Dra
293.3400933,-45.27177627,5.583,HIP 96178,-,PW Tel,7416,183806,Tel
293.4233585,49.26231875,5.96,HIP 96198,-,V1743 Cyg,7442,184786,Cyg
293.4418001,5.465702709,6.48,HIP 96204,-,V450 Aql,-,184313,Aql
293.5223041,7.378940092,4.45,HIP 96229,-,μ Aquilae,7429,184406,Aql
293.5353567,-40.03463959,5.91,HIP 96234,-,V4089 Sgr,7422,184035,Sgr
293.6414226,-23.85883123,6.475,HIP 96274,-,-,-,184268,Sgr
293.6454044,19.77340063,5,HIP 96275,-,9 Vul,7437,184606,Vul
293.6719226,42.41251455,5.336,HIP 96288,-,-,7444,184875,Cyg
293.6931256,63.43417189,6.46,HIP 96297,-,-,-,185394,Dra
293.7122016,29.46296779,5.407,HIP 96302,-,9 Cyg,7441,184759,Cyg
293.7551418,52.50201661,6.38,HIP 96316,-,-,-,185114,Cyg
293.7802411,-10.56044267,5.12,HIP 96327,-,37 Aql,7430,184492,Aql
293.8041098,-48.09919905,4.879,HIP 96341,-,ι Telescopii,7424,184127,Tel
293.8547162,2.913606491,6.368,HIP 96351,-,61 G. Aql,7438,184663,Aql
293.87419,-7.460282809,6.325,HIP 96356,-,60 G. Aql,7432,184573,Aql
293.8894155,-12.25311416,6.271,HIP 96365,-,206 G. Sgr,7433,184574,Sgr
293.9512681,36.94454074,6.034,HIP 96387,-,11 Cyg,7457,185037,Cyg
293.9831077,50.2386174,6.46,HIP 96396,-,-,7465,185264,Cyg
294.0068896,-24.71908064,5.64,HIP 96406,-,51 Sgr,7431,184552,Sgr
294.0347965,22.58576228,6.319,HIP 96417,-,-,7452,184961,Vul
294.0653437,14.39106614,6.364,HIP 96428,-,-,7449,184944,Aql
294.1086484,-18.85292175,6.12,HIP 96440,-,V4333 Sgr,7439,184705,Sgr
294.1105545,50.22110139,4.48,HIP 96441,-,θ Cygni,7469,185395,Cyg
294.146,25.163,5.3,-,-,Cl Stock 1,-,-,Vul
294.1582369,44.69493377,5.169,HIP 96459,-,-,7468,185351,Cyg
294.1768057,-24.88362087,4.598,HIP 96465,-,52 Sgr,7440,184707,Sgr
294.1803238,-1.286599615,4.36,HIP 96468,-,ι Aquilae,7447,184930,Aql
294.2056583,50.19992432,6.1,-,-,V* R Cyg,-,185456,Cyg
294.2185606,11.27320065,5.975,HIP 96481,-,-,7456,185018,Aql
294.2227037,-7.027479116,4.96,HIP 96483,-,κ Aquilae,7446,184915,Aql
294.2360391,38.3838247,6.5,HIP 96491,-,-,7467,185330,Cyg
294.2639225,-18.23105477,5.642,HIP 96496,-,209 G. Sgr,7443,184835,Sgr
294.2900763,29.33370087,6.43,HIP 96503,-,-,7466,185268,Cyg
294.3224711,16.46280368,5.659,HIP 96516,-,ϵ Sagittae,7463,185194,Sge
294.3933899,-14.30179949,5.451,HIP 96536,-,212 G. Sgr,7454,184985,Sgr
294.4200674,35.0225365,6.42,HIP 96546,-,-,-,185435,Cyg
294.4471578,-4.647640283,5.68,HIP 96556,-,42 Aql,7460,185124,Aql
294.486288,49.28439633,6.46,HIP 96572,-,-,7477,185657,Cyg
294.5741245,20.78339206,6.488,HIP 96601,-,-,7472,185436,Vul
294.6081396,-57.98333711,6.187,HIP 96607,-,-,7434,184585,Pav
294.7041246,3.381526375,6.358,HIP 96630,-,67 G. Aql,7471,185423,Aql
294.79851,5.397772218,5.17,HIP 96665,-,σ Aquilae,7474,185507,Aql
294.8441913,30.15332147,4.673,HIP 96683,-,ϕ Cygni,7478,185734,Cyg
294.8555646,16.57112148,6.344,HIP 96688,-,V340 Sge,7475,185622,Sge
294.8603859,42.81826141,5.4,HIP 96693,-,14 Cyg,7483,185872,Cyg
294.8939029,45.95743845,6.245,HIP 96706,-,-,7487,185955,Cyg
294.9240808,-45.27855196,6.26,HIP 96721,-,QQ Tel,7461,185139,Tel
294.9371893,33.97895124,6.09,HIP 96724,-,-,7481,185837,Cyg
294.9560716,-23.42768201,6.321,HIP 96729,-,53 Sgr,7470,185404,Sgr
294.9674247,-66.68550653,6.37,HIP 96734,-,-,7435,184586,Pav
294.99879,-30.96475,6.49,-,-,M 55,-,-,Sgr
295.0241305,18.01389073,4.38,HIP 96757,Sham,α Sagittae,7479,185758,Sge
295.0298533,-23.42908431,5.957,HIP 96760,-,218 G. Sgr,7473,185467,Sgr
295.0549851,60.50711018,6.5,HIP 96771,-,-,7500,186340,Dra
295.0779977,-54.41778935,6.26,HIP 96781,-,-,7459,185075,Tel
295.1714586,43.07782532,6.16,HIP 96805,-,-,7492,186121,Cyg
295.1804876,-0.621222882,5.637,HIP 96807,-,45 Aql,7480,185762,Aql
295.1807626,-16.29327066,5.296,HIP 96808,-,54 Sgr,7476,185644,Sgr
295.2090977,45.52494115,5.06,HIP 96825,-,-,7495,186155,Cyg
295.2622456,17.47604241,4.38,HIP 96837,-,β Sagittae,7488,185958,Sge
295.2730346,13.81568061,5.99,HIP 96840,-,QS Aql,7486,185936,Aql
295.311037,22.45277316,6.391,HIP 96856,-,-,7490,186021,Vul
295.4052714,-65.85441414,6.074,HIP 96882,-,-,7455,184996,Pav
295.4539729,50.52506098,5.95,HIP 96895,-,16 Cyg A,7503,186408,Cyg
295.4665528,50.51752473,6.2,HIP 96901,-,16 Cyg,7504,186427,Cyg
295.4900577,40.25416837,6.22,HIP 96907,-,-,7499,186307,Cyg
295.5121756,-9.193655841,6.29,HIP 96917,-,71 G. Aql,-,185966,Aql
295.5172792,55.46322155,6.48,HIP 96919,-,V1351 Cyg,7509,186532,Cyg
295.5533847,12.19326129,6.321,HIP 96931,-,46 Aql,7493,186122,Aql
295.6297208,-16.12399803,5.045,HIP 96950,-,55 Sgr,7489,186005,Sgr
295.6417012,11.82658397,5.31,HIP 96957,-,χ Aquilae,7497,186203,Aql
295.6417025,11.82658168,5.66,HIP 96957,-,* chi Aql A,7497,186203,Aql
295.6858583,32.42674231,5.925,HIP 96977,-,-,7502,186377,Cyg
295.789991,30.67789071,6.075,HIP 97028,-,-,7505,186440,Cyg
295.7948607,38.67171431,6.36,HIP 97029,-,-,-,186506,Cyg
295.8100776,58.01661719,6.295,HIP 97033,-,-,7522,186760,Cyg
295.8897822,-15.47002115,5.49,HIP 97063,-,226 G. Sgr,7496,186185,Sgr
295.906743,-37.53876518,6.131,HIP 97067,-,224 G. Sgr,7491,186042,Sgr
295.9145678,57.04271593,6.282,HIP 97070,-,-,7526,186815,Cyg
295.9288197,25.77192019,5.497,HIP 97077,-,10 Vul,7506,186486,Vul
295.9379023,41.77311102,5.84,HIP 97081,-,-,7514,186619,Cyg
295.9643813,34.16272473,6.053,HIP 97087,-,-,7512,186568,Cyg
295.9832173,27.13540548,6.364,HIP 97091,-,PS Vul,7508,186518,Vul
296.0691883,37.35435615,4.887,HIP 97118,-,15 Cyg,7517,186675,Cyg
296.0767408,69.33706261,5.899,HIP 97122,-,-,7545,187340,Dra
296.1424609,13.30277756,6.243,HIP 97139,-,ψ Aquilae,7511,186547,Aql
296.1590542,34.41416252,6.35,HIP 97142,-,V2090 Cyg,7520,186702,Cyg
296.1720716,8.726535868,6.428,HIP 97144,-,75 G. Aql,-,186535,Aql
296.2030589,29.2646932,6.44,HIP 97150,-,-,7518,186688,Cyg
296.204332,40.7168042,6.37,HIP 97151,-,V973 Cyg,7523,186776,Cyg
296.2432649,45.13041173,6.23,-,-,* del Cyg B,-,-,Cyg
296.2436606,45.13081002,2.87,HIP 97165,Fawaris,δ Cygni,7528,186882,Cyg
296.4152295,36.09102929,6.379,HIP 97228,-,-,7529,186901,Cyg
296.4164467,7.613157315,5.91,HIP 97229,-,υ Aquilae,7519,186689,Aql
296.4639828,35.0127518,6.098,HIP 97242,-,-,7530,186927,Cyg
296.4676395,-2.883455854,6.48,HIP 97244,-,77 G. Aql,7516,186660,Aql
296.5051047,-31.90856839,5.512,HIP 97260,-,228 G. Sgr,7507,186500,Sgr
296.5649123,10.61325872,2.72,HIP 97278,Tarazed,γ Aquilae,7525,186791,Aql
296.5905813,-19.76111462,4.873,HIP 97290,-,56 Sgr,7515,186648,Sgr
296.6458743,32.88859152,6.179,HIP 97307,-,-,7535,187038,Cyg
296.6860754,68.43798543,6.331,HIP 97326,-,CN Dra,7563,187764,Dra
296.84694,18.53431357,3.81,HIP 97365,-,δ Sagittae,7536,187076,Sge
296.8617785,47.90757047,6.12,HIP 97372,-,-,7547,187372,Cyg
296.8657495,38.40761465,5.824,HIP 97376,-,-,7543,187235,Cyg
296.9522546,25.38405872,6.001,HIP 97402,-,-,7540,187193,Vul
297.0049902,-56.36261101,5.33,HIP 97421,-,ν Telescopii,7510,186543,Tel
297.0126023,-13.70361424,6.083,HIP 97423,-,232 G. Sgr,7532,186984,Sgr
297.0431269,70.2679303,3.91,HIP 97433,-,ϵ Draconis,7582,188119,Dra
297.1271424,10.69409717,6.457,HIP 97454,-,-,7542,187203,Aql
297.1752402,11.8158938,5.74,HIP 97473,-,π Aquilae,7544,187259,Aql
297.175244,11.81589576,6.23,HIP 97473,-,* pi. Aql A,7544,187259,Aql
297.2090538,-12.31941966,6.46,HIP 97484,-,234 G. Sgr,-,187150,Sgr
297.2108248,33.43728404,6.463,HIP 97485,-,V1765 Cyg,7551,187459,Cyg
297.2295339,-52.8881098,6.25,HIP 97491,-,-,7521,186756,Tel
297.2444157,19.1420421,5.034,HIP 97496,-,ζ Sagittae,7546,187362,Sge
297.2591839,-10.8707721,6.04,HIP 97499,-,80 G. Aql,7541,187195,Aql
297.2983794,-28.78897037,6.031,HIP 97515,-,233 G. Sgr,7538,187098,Sgr
297.3554288,-72.50337812,5.392,HIP 97534,-,-,7498,186219,Pav
297.364599,38.71014775,6.117,HIP 97538,-,-,7555,187638,Cyg
297.472577,-66.81306778,6.422,HIP 97569,-,-,7513,186584,Pav
297.4780025,28.43967445,6.444,HIP 97572,-,-,7556,187640,Vul
297.482635,27.08518239,6.466,HIP 97573,-,-,-,187614,Vul
297.5585816,-47.55738927,5.895,HIP 97598,-,-,7537,187086,Tel
297.5728284,7.902414879,6.478,HIP 97607,-,V1339 Aql,7554,187567,Aql
297.5906537,-61.06111821,6.206,HIP 97611,-,-,7527,186837,Pav
297.6413389,32.91404876,4.24,HIP 97629,-,χ Cygni,7564,187796,Cyg
297.6416477,38.72241809,5.12,HIP 97630,-,19 Cyg,7566,187849,Cyg
297.6555282,40.59975976,5.68,HIP 97634,-,V380 Cyg,7567,187879,Cyg
297.6571814,52.98799732,5.03,HIP 97635,-,20 Cyg,7576,188056,Cyg
297.6866707,-59.19366709,5.61,-,-,-,7531,186957A,Pav
297.6949326,-10.76350929,5.39,HIP 97650,-,51 Aql,7553,187532,Aql
297.6953024,37.82632514,6.06,HIP 97651,-,V2093 Cyg,7568,187880,Cyg
297.6958273,8.8683212,0.76,HIP 97649,Altair,α Aquilae,7557,187642,Aql
297.7551521,-65.60508829,6.022,HIP 97674,-,NZ Pav,7524,186786,Pav
297.767118,22.61004805,4.96,HIP 97679,-,12 Vul,7565,187811,Vul
297.7962413,-2.460987995,6.13,HIP 97687,-,85 G. Aql,7559,187660,Aql
297.8238669,9.629892867,6.233,HIP 97697,-,88 G. Aql,7562,187753,Aql
297.8307457,47.37723628,6.215,HIP 97700,-,-,7577,188074,Cyg
297.9608778,-39.87437175,5.33,HIP 97749,-,V3961 Sgr,7552,187474,Sgr
297.9961198,47.02733863,5.63,HIP 97757,-,-,7589,188209,Cyg
298.006643,24.99216318,5.57,HIP 97765,-,-,7573,187982,Vul
298.0298593,47.93179495,5.897,HIP 97774,-,-,7591,188252,Cyg
298.0500172,-19.04500231,5.896,HIP 97783,-,57 Sgr,7561,187739,Sgr
298.0683914,36.43229357,6.1,HIP 97789,-,-,7583,188149,Cyg
298.0906872,18.67187537,6.23,HIP 97796,-,9 Sge,7574,188001,Sge
298.1182038,1.005658883,3.8,HIP 97804,-,η Aquilae,7570,187929,Aql
298.1571715,-54.97102777,5.705,HIP 97816,-,-,7548,187420,Tel
298.16305,-54.97644435,6.366,HIP 97819,-,-,7549,187421,Tel
298.2551931,47.80772046,6.279,HIP 97845,-,V819 Cyg,7600,188439,Cyg
298.2766084,-14.60319111,6.48,HIP 97849,-,V505 Sgr,7571,187949,Sgr
298.322409,57.52347414,5.132,HIP 97870,-,23 Cyg,7608,188665,Cyg
298.3280655,-3.114462099,5.619,HIP 97871,-,V1291 Aql,7575,188041,Aql
298.3653988,24.07961337,4.64,HIP 97886,-,13 Vul,7592,188260,Vul
298.397619,59.70865814,6.058,HIP 97892,-,-,7611,188793,Cyg
298.5344857,-8.574210875,5.79,HIP 97928,-,56 Aql,7584,188154,Aql
298.5620063,8.461454288,4.707,HIP 97938,Libertas,ξ Aquilae,7595,188310,Aql
298.5739373,-23.94107205,6.213,HIP 97944,-,V4200 Sgr,7578,188088,Sgr
298.6294713,24.31935886,5.52,HIP 97961,-,-,7601,188485,Vul
298.6568853,-8.227289317,5.71,HIP 97966,-,57 Aql A,7593,188293,Aql
298.6585965,-8.237053356,6.44,HIP 97967,-,57 Aql B,7594,188294,Aql
298.6675,7.140353083,6.127,HIP 97970,-,-,7598,188385,Aql
298.6685026,-61.17079144,6.205,HIP 97971,-,-,7558,187653,Pav
298.6866452,0.273625101,5.631,HIP 97980,-,58 Aql,7596,188350,Aql
298.7010463,36.99567628,5.781,HIP 97985,-,-,7606,188650,Cyg
298.7712699,-33.04625119,6.47,HIP 98012,-,244 G. Sgr,7585,188158,Sgr
298.8153948,-41.86830446,4.13,HIP 98032,-,ι Sagittarii,7581,188114,Sgr
298.8283035,6.406764234,3.71,HIP 98036,Alshain,β Aquilae,7602,188512,Aql
298.8419411,58.25019202,6.1,HIP 98044,-,-,7626,189127,Cyg
298.9074524,52.43893902,5.02,HIP 98055,-,ψ Cygni,7619,189037,Cyg
298.959844,-26.29935925,4.7,HIP 98066,Terebellum,ω Sagittarii,7597,188376,Sgr
298.9656705,38.48671912,4.946,HIP 98068,-,22 Cyg,7613,188892,Cyg
298.9807445,58.84596863,4.96,HIP 98073,-,-,7633,189276,Cyg
298.9851403,-29.19003573,6.15,HIP 98077,-,-,-,188378,Sgr
299.0052621,16.63479502,5.36,HIP 98085,-,S Sge,7609,188727,Sge
299.0070789,-81.34984084,6.383,HIP 98086,-,-,7494,186154,Oct
299.059383,11.42372252,5.278,HIP 98103,-,ϕ Aquilae,7610,188728,Aql
299.0765493,35.08342289,3.88,HIP 98110,-,η Cygni,7615,188947,Cyg
299.0793756,56.68700913,6.16,HIP 98111,-,-,7634,189296,Cyg
299.1839259,36.25059582,6.009,HIP 98143,-,-,7620,189066,Cyg
299.1882195,50.90252185,6.455,HIP 98146,-,-,7632,189253,Cyg
299.2368029,-27.16989701,4.528,HIP 98162,-,59 Sgr,7604,188603,Sgr
299.2762883,-58.90135171,5.241,HIP 98174,-,-,7587,188162,Pav
299.3077817,40.36782588,5.455,HIP 98194,-,-,7628,189178,Cyg
299.4393561,16.78916058,5.534,HIP 98234,-,11 Sge,7622,189090,Sge
299.4838063,42.2607715,6.45,HIP 98253,-,-,7638,189377,Cyg
299.4876227,-15.49146815,4.998,HIP 98258,-,61 Sgr,7614,188899,Sgr
299.6197084,63.5341142,6.15,HIP 98308,-,-,7654,189900,Dra
299.6582583,30.98366079,5.502,HIP 98325,-,-,7640,189395,Cyg
299.6720445,-69.16395565,5.724,HIP 98332,-,-,7579,188097,Pav
299.6743737,70.36695173,6.323,HIP 98333,-,-,7666,190252,Dra
299.6892843,19.49214613,3.47,HIP 98337,-,γ Sagittae,7635,189319,Sge
299.720771,-68.76258273,6.374,HIP 98346,-,-,7588,188164,Pav
299.7351157,-30.53838958,6.28,HIP 98351,-,254 G. Sgr,7617,188981,Sgr
299.7383424,-26.19576248,4.846,HIP 98353,-,60 Sgr,7618,189005,Sgr
299.7939029,23.10127893,5.66,HIP 98375,-,14 Vul,7641,189410,Vul
299.8002288,11.30556844,6.5,HIP 98377,-,-,-,189337,Aql
299.813945,52.05569134,6.125,HIP 98379,-,V2100 Cyg,7651,189775,Cyg
299.8351002,45.77254158,5.933,HIP 98383,-,-,7646,189684,Cyg
299.8443437,1.377700901,6.18,HIP 98385,-,101 G. Aql,7636,189322,Aql
299.9026125,76.48139341,6.2,HIP 98401,-,69 Dra,7686,190960,Dra
299.9340791,-35.27630832,4.37,HIP 98412,-,θ 1 Sagittarii,7623,189103,Sgr
299.9470012,-9.958231788,5.87,HIP 98416,-,100 G. Aql,7637,189340,Aql
299.9639877,-34.69779949,5.299,HIP 98421,-,θ 2 Sagittarii,7624,189118,Sgr
299.9799808,37.04288546,5.19,HIP 98425,-,25 Cyg,7647,189687,Cyg
300.013783,17.51650792,5.35,HIP 98438,-,13 Sge,7645,189577,Sge
300.063997,26.18788575,6.494,HIP 98458,-,-,-,189671,Vul
300.0663871,-37.7017226,5.948,HIP 98461,-,260 G. Sgr,7629,189195,Sgr
300.0843724,-33.70345127,5.66,HIP 98470,-,262 G. Sgr,7631,189245,Sgr
300.0962228,-66.9494212,5.76,HIP 98478,-,μ 1 Pavonis,7603,188584,Pav
300.105533,-49.35094497,6.176,HIP 98482,-,-,7621,189080,Tel
300.1103583,-43.04330427,6.097,HIP 98485,-,258 G. Sgr,7627,189140,Sgr
300.1481314,-72.9105036,3.94,HIP 98495,-,ϵ Pavonis,7590,188228,Pav
300.201349,-45.11292331,5.781,HIP 98512,-,259 G. Sgr,7630,189198,Sgr
300.2168506,20.00527105,6.5,-,-,-,-,189754,Sge
300.2457343,8.557736371,5.91,HIP 98526,-,103 G. Aql,7648,189695,Aql
300.2752024,27.75357302,4.651,HIP 98543,-,15 Vul,7653,189849,Vul
300.3137827,37.09899791,6.214,HIP 98563,-,-,7655,189942,Cyg
300.3398474,50.10469328,5.048,HIP 98571,-,26 Cyg,7660,190147,Cyg
300.3493613,-22.7373089,5.999,HIP 98575,-,264 G. Sgr,7643,189561,Sgr
300.361578,-40.81433442,6.306,HIP 98579,-,263 G. Sgr,7639,189388,Sgr
300.3689348,64.82097633,5.27,HIP 98583,-,64 Dra,7676,190544,Dra
300.436293,24.80041597,5.87,HIP 98609,-,-,7656,189944,Vul
300.4364357,-59.3758963,5.13,HIP 98608,-,NU Pav,7625,189124,Pav
300.4685907,-66.94396435,5.331,HIP 98624,-,μ 2 Pavonis,7612,188887,Pav
300.494164,-13.63721529,5.69,HIP 98633,-,63 Sgr,7649,189741,Sgr
300.5059724,24.93803724,5.79,HIP 98636,-,* 16 Vul A,7657,190004A,Vul
300.5061972,24.93791293,6.15,HIP 98636,-,* 16 Vul B,7657,190004,Vul
300.5842378,64.63442008,6.25,HIP 98658,-,65 Dra,7682,190713,Dra
300.6645021,-27.70984435,4.58,HIP 98688,-,62 Sgr,7650,189763,Sgr
300.7033893,31.95883134,6.378,HIP 98701,-,-,-,190227,Cyg
300.7044619,67.87356411,4.5,HIP 98702,-,ρ Draconis,7685,190940,Dra
300.8183317,18.50099334,5.968,HIP 98738,-,-,7662,190211,Sge
300.8750615,16.03125231,5.658,HIP 98754,-,14 Sge,7664,190229,Aql
300.8894443,-37.94068496,4.764,HIP 98761,-,-,7652,189831,Sgr
300.9116624,22.94105416,6.42,HIP 98772,-,-,-,190322,Vul
300.9346251,-22.5955973,6.428,HIP 98785,-,269 G. Sgr,7658,190009,Sgr
301.0259199,17.07018793,5.788,HIP 98819,-,15 Sge,7672,190406,Sge
301.0346453,7.277964388,5.508,HIP 98823,Tianfu,τ Aquilae,7669,190327,Aql
301.0816375,-32.05629631,4.99,HIP 98842,-,-,7659,190056,Sgr
301.0964616,-0.709308496,5.68,HIP 98844,-,62 Aql,7667,190299,Aql
301.1199836,48.2296672,6.14,HIP 98858,-,-,7684,190781,Cyg
301.1507262,32.21859815,5.65,HIP 98863,-,V1768 Cyg,7678,190603,Cyg
301.1854933,63.89020481,6.284,HIP 98872,-,-,7695,191174,Dra
301.2224688,68.02716005,6.28,HIP 98890,-,-,7704,191372,Dra
301.2725567,-11.59941516,6.39,HIP 98910,-,V1401 Aql,7671,190390,Aql
301.278156,51.83939777,6.14,HIP 98915,-,-,7687,190964,Cyg
301.2895539,19.99107302,5.093,HIP 98920,-,η Sagittae,7679,190608,Sge
301.339553,56.34141907,6.18,HIP 98946,-,-,7692,191096,Cyg
301.3606091,15.50042875,6.34,HIP 98954,-,V1472 Aql,7680,190658,Aql
301.3865229,-67.32089615,6.07,HIP 98959,-,-,7644,189567,Pav
301.3869915,61.9954203,5.408,HIP 98962,-,66 Dra,7701,191277,Dra
301.548,35.765,5.2,-,-,NGC 6871,-,-,Cyg
301.5508967,-4.078196625,6.469,HIP 99024,-,110 G. Aql,7681,190664,Aql
301.722532,23.61442478,5.056,HIP 99080,-,17 Vul,7688,190993,Vul
301.8464894,-52.88079278,4.94,HIP 99120,-,ξ Telescopii,7673,190421,Tel
301.8962109,-55.01601367,6.25,HIP 99137,-,-,7674,190422,Tel
301.9226702,34.42290676,6.141,HIP 99145,-,-,7699,191243,Cyg
302.0075931,-0.678184624,5.968,HIP 99171,-,64 Aql,7690,191067,Aql
302.0270924,16.6643874,6.4,HIP 99176,-,V344 Sge,7696,191178,Sge
302.0397897,-52.57779576,6.46,HIP 99188,-,-,-,190580,Tel
302.0853061,-66.35469286,6.46,HIP 99200,-,-,7663,190222,Pav
302.1302974,-10.06259531,6.174,HIP 99221,-,-,7694,191110,Cap
302.1594947,10.72586742,6.339,HIP 99234,-,-,7700,191263,Aql
302.1817036,-66.18206744,3.56,HIP 99240,-,δ Pavonis,7665,190248,Pav
302.2222864,77.71142099,4.4,HIP 99255,-,κ Cephei,7750,192907,Cep
302.2660424,-47.06792845,6.457,HIP 99270,-,-,-,190879,Tel
302.3431603,56.02682734,6.49,HIP 99294,-,-,-,191892,Cyg
302.3567461,36.83962054,4.93,HIP 99303,-,28 Cyg,7708,191610,Cyg
302.6397383,26.90416796,5.507,HIP 99404,-,18 Vul,7711,191747,Vul
302.7647575,21.13457898,6.24,HIP 99445,-,-,7713,191814,Sge
302.7919905,-8.842344712,6.49,HIP 99457,-,BE Cap,7709,191639,Cap
302.7997449,-36.10120881,5.32,HIP 99461,-,-,7703,191408,Sgr
302.8261945,-0.821463594,3.22,HIP 99473,Antinous,θ Aquilae,7710,191692,Aql
302.8375701,21.87493637,6.269,HIP 99479,-,-,7716,191877,Vul
302.8952992,62.07854771,5.7,HIP 99500,-,68 Dra,7727,192455,Dra
302.9498915,26.80899109,5.487,HIP 99518,-,19 Vul,7718,192004,Vul
302.9912419,-12.39240204,6.34,HIP 99529,-,ξ 1 Capricorni,7712,191753,Cap
303.002923,26.4788066,5.92,HIP 99531,-,20 Vul,7719,192044,Vul
303.0993338,-42.7800599,6.191,HIP 99570,-,280 G. Sgr,7706,191584,Sgr
303.107794,-12.61749753,5.85,HIP 99572,-,ξ 2 Capricorni,7715,191862,Cap
303.1321566,51.46356499,6.043,HIP 99579,-,-,7726,192439,Cyg
303.3078535,-1.009363387,5.47,HIP 99631,-,66 Aql,7720,192107,Aql
303.3252244,46.81567526,4.819,HIP 99639,-,30 Cyg,7730,192514,Cyg
303.3485904,38.72901945,6.5,HIP 99653,-,-,-,192443,Cyg
303.3494419,56.56772314,4.271,HIP 99655,-,33 Cyg,7740,192696,Cyg
303.3650679,60.64056952,5.78,HIP 99663,-,-,7742,192781,Cep
303.3848699,-47.71322105,6.47,HIP 99666,-,-,-,191732,Tel
303.407951,46.74132267,3.8,HIP 99675,-,ο1 Cyg,7735,192577,Cyg
303.4283891,43.37901139,6.14,HIP 99685,-,-,7733,192535,Cyg
303.520339,36.60488278,6.464,HIP 99719,-,-,7734,192538,Cyg
303.5605397,28.69481717,5.189,HIP 99738,-,21 Vul,7731,192518,Vul
303.5692445,15.19760734,4.946,HIP 99742,-,ρ Aquilae,7724,192425,Del
303.5792719,-52.44576537,5.632,HIP 99747,-,-,7714,191829,Tel
303.6121096,-63.4157891,6.086,HIP 99762,-,-,7707,191603,Pav
303.6334681,36.80630581,4.99,HIP 99770,-,29 Cyg,7736,192640,Cyg
303.8162336,25.59196191,4.75,HIP 99824,-,-,7739,192685,Vul
303.8224641,-27.03297545,5.723,HIP 99825,-,-,7722,192310,Cap
303.8490363,33.72908588,5.698,HIP 99841,-,-,7743,192787,Cyg
303.8680176,47.71422609,3.98,HIP 99848,-,ο2 Cyg,7751,192909,Cyg
303.8759943,23.50890307,5.176,HIP 99853,-,22 Vul,7741,192713,Vul
303.9302227,50.23291052,6.36,HIP 99870,-,-,7755,192983,Cyg
303.9422633,27.81419889,4.52,HIP 99874,-,23 Vul,7744,192806,Vul
303.9608842,-30.00527459,6.275,HIP 99878,-,282 G. Sgr,7725,192433,Sgr
304.0025647,45.57952502,5.864,HIP 99889,-,-,7756,192985,Cyg
304.0142762,38.89800654,6.275,HIP 99893,-,-,7752,192934,Cyg
304.0250157,4.580794438,6.446,HIP 99894,Chechia,-,-,192699,Aql
304.0824507,21.59870233,6.11,HIP 99913,-,18 Sge,7746,192836,Sge
304.0950241,-12.3371194,6.299,HIP 99918,-,3 Cap,7738,192666,Cap
304.0983788,-36.45357419,6.4,HIP 99920,-,V4434 Sgr,7728,192472,Sgr
304.1173106,37.05639635,6.448,HIP 99929,-,-,7757,192987,Cyg
304.1961928,24.67110133,5.302,HIP 99951,-,24 Vul,7753,192944,Vul
304.2303571,40.3650759,5.236,HIP 99968,-,-,7759,193092,Cyg
304.2518466,8.963224398,6.49,HIP 99985,-,-,-,192895,Del
304.3710689,42.72206194,6.273,HIP 100016,-,-,7762,193217,Cyg
304.3813743,29.14756227,6.22,HIP 100018,-,-,7760,193094,Vul
304.4119547,-12.50821219,4.27,HIP 100027,-,α 1 Capricorni,7747,192876,Cap
304.4466749,38.03293031,4.82,HIP 100044,-,P Cyg,7763,193237,Cyg
304.5058204,-21.80995838,5.851,HIP 100062,-,4 Cap,7748,192879,Cap
304.513565,-12.54485212,3.58,HIP 100064,Algedi,α 2 Capricorni,7754,192947,Cap
304.5291159,40.73208384,5.958,-,-,-,7767,193322A,Cyg
304.5291175,40.73208337,5.84,HIP 100069,-,-,7767,193322,Cyg
304.6031278,55.39709615,6,HIP 100097,-,-,7781,193592,Cyg
304.6193967,36.99980421,5.58,HIP 100108,-,36 Cyg,7769,193369,Cyg
304.6628,34.98277055,5.162,HIP 100122,-,35 Cyg,7770,193370,Cyg
304.7069498,46.32219298,6.443,HIP 100142,-,V1773 Cyg,7777,193536,Cyg
304.7332465,-47.71077893,6.28,HIP 100151,-,-,7745,192827,Tel
304.7397383,39.00418466,6.36,HIP 100155,-,-,-,193469,Cyg
304.7624974,-63.23074217,6.279,HIP 100165,-,-,7732,192531,Pav
304.824382,-47.58029035,6.13,HIP 100184,-,-,7749,192886,Tel
304.8483512,-19.11852538,5.265,HIP 100195,-,σ Capricorni,7761,193150,Cap
304.8720665,13.21676585,6.21,HIP 100208,-,-,7771,193373,Del
304.9024776,47.89419352,5.9,HIP 100219,-,-,-,193680,Cyg
304.90303,62.25744377,5.709,HIP 100221,-,DE Dra,7792,193964,Dra
304.9302698,-1.078512783,6.042,HIP 100232,-,131 G. Aql,7768,193329,Aql
304.9835103,46.83731794,6.478,HIP 100250,-,V1584 Cyg,7786,193722,Cyg
305.0007861,13.54808849,5.938,HIP 100256,-,-,7774,193472,Del
305.0250487,68.88031783,5.55,HIP 100261,-,AC Dra,7804,194258,Dra
305.0634076,39.40321385,6.33,HIP 100268,-,NAME HD 193702AB,-,193702AB,Cyg
305.0855142,14.56925573,6.17,HIP 100274,-,-,7778,193556,Del
305.0891947,17.79292617,5.808,HIP 100276,-,-,7780,193579,Sge
305.1276718,53.59568767,6.197,HIP 100295,-,-,7791,193944,Cyg
305.1346417,-55.05088436,6.259,HIP 100300,-,-,7758,193002,Tel
305.1658991,-12.75908063,4.76,HIP 100310,Alshat,ν Capricorni,7773,193432,Cap
305.1939496,-14.78488992,6.1,HIP 100325,-,β2 Cap,7775,193452,Cap
305.2162368,-35.67367528,6.463,HIP 100332,-,290 G. Sgr,7765,193302,Sgr
305.2527775,-14.7814076,3.08,HIP 100345,Dabih,β Capricorni,7776,193495,Cap
305.2980177,63.98011739,5.69,HIP 100357,-,-,7805,194298,Dra
305.367732,-66.74968927,6.5,HIP 100379,-,-,-,192887,Pav
305.4209855,-49.99941669,6.28,HIP 100412,-,-,7766,193307,Tel
305.5127301,41.13213666,6.383,HIP 100434,-,-,7795,194069,Cyg
305.5142934,24.44610139,5.56,HIP 100435,-,25 Vul,7789,193911,Vul
305.5223652,45.79499935,5.572,HIP 100437,-,-,7798,194152,Cyg
305.557091,40.25667916,2.23,HIP 100453,Sadr,γ Cygni,7796,194093,Cyg
305.6145927,-42.049562,5.59,HIP 100469,-,κ 1 Sagittarii,7779,193571,Sgr
305.6554458,31.26496492,6.072,HIP 100486,-,-,7797,194097,Cyg
305.6887317,41.02601254,5.93,HIP 100501,-,-,7800,194193,Cyg
305.7182051,14.55109758,6.152,HIP 100511,-,-,7793,194012,Del
305.7313837,42.98354367,6.3,HIP 100515,-,-,7802,194220,Cyg
305.7532909,-9.654710523,6.283,HIP 100524,-,-,7788,193896,Cap
305.7945558,5.342981663,5.301,HIP 100541,-,132 G. Aql,7794,194013,Aql
305.934871,37.47644707,5.9,HIP 100574,-,V2119 Cyg,7807,194335,Cyg
305.9650575,32.19013379,4.44,HIP 100587,-,39 Cyg,7806,194317,Cyg
305.9715694,-42.42287155,5.64,HIP 100591,-,κ 2 Sagittarii,7787,193807,Sgr
305.9715879,-42.42284322,5.93,HIP 100591,-,* kap02 Sgr A,7787,193807A,Sgr
306.134858,53.55192783,6.479,HIP 100651,-,-,7815,194668,Cyg
306.1562424,1.068404843,6.136,HIP 100664,-,-,7803,194244,Aql
306.1739882,1.368564559,6.42,HIP 100672,-,136 G. Aql,-,194263,Aql
306.2288238,-83.31061948,6.142,HIP 100697,-,-,7698,191220,Oct
306.2708691,59.60009889,6.441,HIP 100714,-,-,7818,194882,Cyg
306.3617811,-28.66326383,5.858,HIP 100738,-,296 G. Sgr,7801,194215,Sgr
306.4119044,-56.73508973,1.918,HIP 100751,Peacock,α Pavonis,7790,193924,Pav
306.4188708,21.40964412,5.672,HIP 100754,-,-,7811,194577,Vul
306.4271857,-2.800374563,6.1,HIP 100758,-,137 G. Aql,7809,194454,Aql
306.43381,10.05600067,6.307,HIP 100762,-,-,7810,194526,Del
306.4496952,-40.79618484,6.08,HIP 100764,-,295 G. Sgr,7799,194184,Sgr
306.5048675,19.86549313,6.444,HIP 100779,-,-,7813,194616,Del
306.5066574,13.91161255,6.35,HIP 100781,-,-,-,194578,Del
306.5964783,17.31555944,6.222,HIP 100807,-,-,7816,194688,Del
306.5978075,56.63869462,6.369,HIP 100808,-,-,7827,195066,Cyg
306.7206187,-37.40289913,6.46,-,-,-,7808,194433A,Sgr
306.7594479,49.38336233,5.715,HIP 100859,-,43 Cyg,7828,195068,Cyg
306.7823918,34.32906966,6.398,HIP 100866,-,-,7823,194951,Cyg
306.8091256,20.4764867,6.43,HIP 100876,-,-,-,194841,Del
306.8300078,-18.21169401,5.14,HIP 100881,-,π Capricorni,7814,194636,Cap
306.892746,38.44035066,5.62,HIP 100907,-,40 Cyg,7826,195050,Cyg
307.031415,8.4374481,6.229,HIP 100953,-,-,7820,194937,Del
307.0607659,81.42270827,5.368,HIP 100965,-,75 Dra,7901,196787,Dra
307.0699266,2.937230696,6.195,HIP 100969,-,-,7824,194953,Del
307.1037687,-3.357791265,6.117,HIP 100977,-,68 Aql,7821,194939,Aql
307.1816244,-15.74149703,6.41,HIP 101011,-,-,7819,194918,Cap
307.194765,-35.595863,6.077,HIP 101017,-,-,7817,194783,Mic
307.2150616,-17.81368308,4.93,-,-,* rho Cap A,-,194943A,Cap
307.2622479,83.62541793,6.19,HIP 101044,-,-,7930,197508,Dra
307.3349589,36.45472715,5.899,HIP 101067,-,42 Cyg,7835,195324,Cyg
307.3488981,30.36855529,4.01,HIP 101076,-,41 Cyg,7834,195295,Cyg
307.3629619,56.06819172,5.912,HIP 101084,-,-,7843,195554,Cyg
307.3805911,-22.3915653,6.126,HIP 101090,-,-,7825,195006,Cap
307.3954386,62.99411033,4.22,HIP 101093,-,θ Cephei,7850,195725,Cep
307.4125002,-2.885528157,4.9,HIP 101101,-,69 Aql,7831,195135,Aql
307.4746229,-18.58318352,5.897,HIP 101123,-,ο 1 Capricorni,7830,195094,Cap
307.5029919,72.53170115,6.221,HIP 101134,-,-,7868,196142,Dra
307.5147539,48.95156682,4.936,HIP 101138,-,ω 1 Cygni,7844,195556,Cyg
307.574836,10.89592314,6.08,HIP 101160,-,1 Del,7836,195325,Del
307.5748413,10.89592698,6.2,HIP 101160,-,* 1 Del A,7836,195325A,Del
307.7366653,-29.11266149,6.343,HIP 101211,-,-,7832,195206,Mic
307.7423121,20.6061488,6.2,HIP 101213,-,-,7839,195479,Del
307.7467878,36.93583988,6.216,HIP 101214,-,44 Cyg,7847,195593,Cyg
307.7679439,-15.05616538,6.11,HIP 101221,-,-,7837,195330,Cap
307.8284023,49.2202955,5.44,HIP 101243,-,ω 2 Cygni,7851,195774,Cyg
307.8381307,52.30952336,6.207,HIP 101245,-,-,7854,195820,Cyg
307.8766946,74.95462607,5.185,HIP 101260,-,AF Dra,7879,196502,Dra
307.9010989,34.33037237,6.467,HIP 101268,-,-,-,195690,Cyg
307.9437891,56.77986268,6.141,HIP 101285,-,-,7860,195964,Cyg
307.9926218,25.80496962,6.362,HIP 101300,-,-,7849,195692,Vul
308.085058,2.132804373,6.46,HIP 101339,-,142 G. Aql,-,195617,Aql
308.0987279,-9.853384506,5.65,HIP 101345,-,-,7845,195564,Cap
308.2181658,-24.94382608,6.339,HIP 101384,-,-,7842,195549,Cap
308.3032203,11.30326639,4.03,HIP 101421,Aldulfin,ϵ Delphini,7852,195810,Del
308.3234859,-80.96488735,5.767,HIP 101427,-,-,7785,193721,Oct
308.4757837,35.25084418,4.636,HIP 101474,-,47 Cyg A,7866,196093,Cyg
308.4785148,46.69385208,5.769,HIP 101475,-,V2015 Cyg,7870,196178,Cyg
308.4794691,-44.51604562,5.118,HIP 101477,-,ν Microscopii,7846,195569,Mic
308.4876748,13.02720387,5.38,HIP 101483,-,η Delphini,7858,195943,Del
308.499683,4.898662483,6.418,HIP 101489,-,-,-,195909,Del
308.5415971,20.98518641,6.47,HIP 101505,-,-,7862,196035,Vul
308.5487353,-13.72109127,6.116,HIP 101507,-,-,7855,195838,Cap
308.6974663,-30.47347074,6.402,HIP 101552,-,-,7856,195843,Mic
308.7100149,51.85422268,6.18,HIP 101556,-,-,7876,196379,Cyg
308.7311499,-38.08989127,6.432,HIP 101558,-,-,7853,195814,Mic
308.7761305,-71.18877941,6.4,HIP 101570,-,-,-,195190,Pav
308.8272342,14.67421499,4.647,HIP 101589,-,ζ Delphini,7871,196180,Del
308.8844019,-16.52587563,6.177,HIP 101608,-,-,7865,196078,Cap
308.8952086,-60.58174912,4.745,HIP 101612,-,ϕ 1 Pavonis,7848,195627,Pav
308.9492019,-44.3376105,6.37,HIP 101623,-,-,-,195902,Mic
308.9654995,-69.61058352,6.084,HIP 101626,-,-,7838,195402,Pav
309.0347449,25.88265707,6.406,HIP 101641,-,26 Vul,7874,196362,Vul
309.1598255,-63.12096791,6.34,HIP 101684,-,-,-,195772,Pav
309.181805,-2.549954643,4.88,HIP 101692,-,70 Aql,7873,196321,Aql
309.2694684,26.46194622,5.583,HIP 101716,-,27 Vul,7880,196504,Vul
309.3265893,0.096959383,6.211,HIP 101746,-,145 G. Aql,7878,196426,Aql
309.3482671,38.32866656,6.202,HIP 101756,-,-,7888,196642,Cyg
309.382407,31.57253969,6.304,HIP 101765,-,48 Cyg,7885,196606,Cyg
309.3862906,31.52191088,6.496,HIP 101768,-,-,7887,196629,Cyg
309.3872554,14.59508875,3.63,HIP 101769,Rotanev,β Delphini,7882,196524,Del
309.3918007,-47.29150145,3.11,HIP 101772,-,α Indi,7869,196171,Ind
309.3971353,-61.52992114,4.849,HIP 101773,-,ρ Pavonis,7859,195961,Pav
309.4546657,11.37767523,5.418,HIP 101800,-,ι Delphini,7883,196544,Del
309.4676211,-25.10921599,6.377,HIP 101808,-,-,7877,196385,Cap
309.4780321,18.26858187,5.89,HIP 101810,-,EU Del,7886,196610,Del
309.5775265,-81.28906281,5.889,HIP 101843,-,-,7812,194612,Oct
309.5845187,-1.10511725,4.33,HIP 101847,-,71 Aql,7884,196574,Aql
309.6305785,21.20116256,4.82,HIP 101867,-,29 Vul,7891,196724,Vul
309.632977,24.11595912,5.049,HIP 101868,-,28 Vul,7894,196740,Vul
309.6457963,23.6804964,5.929,HIP 101870,-,-,7895,196753,Vul
309.6832772,13.31512652,5.71,HIP 101882,-,θ Delphini,7892,196725,Del
309.7479857,30.33426695,5.673,HIP 101899,-,-,7904,196852,Cyg
309.7507555,56.00484843,6.45,HIP 101900,-,-,7916,197101,Cyg
309.7707002,15.83819755,5.98,HIP 101909,-,-,7899,196775,Del
309.7744174,-4.929514885,6.45,HIP 101911,-,1 G. Aqr,-,196676,Aqr
309.7943701,21.81744234,6.075,HIP 101919,-,-,7903,196821,Vul
309.8052116,-2.412974801,6.22,HIP 101921,-,2 G. Aqr,7890,196712,Aqr
309.8180114,-14.95477306,5.38,HIP 101923,-,* 14 Cap A,7889,196662,Cap
309.8537196,0.486431945,5.153,HIP 101936,-,1 Aqr,7897,196758,Aqr
309.9094985,15.91216001,3.8,HIP 101958,Sualocin,α Delphini,7906,196867,Del
309.9656602,-62.90781653,6.225,HIP 101965,-,-,7872,196317,Pav
309.9661452,11.24963895,6.385,HIP 101966,-,-,7907,196885,Del
310.0109895,-60.54889405,5.121,HIP 101983,-,ϕ 2 Pavonis,7875,196378,Pav
310.0122681,-18.13865741,5.1,HIP 101984,-,υ Capricorni,7900,196777,Cap
310.0131634,43.4588776,5.965,HIP 101986,-,-,7919,197139,Cyg
310.0489796,-23.77386628,6.37,HIP 101997,-,-,7898,196761,Cap
310.0826163,-33.43184615,5.466,HIP 102014,-,-,7893,196737,Mic
310.1354939,-16.12417635,5.799,HIP 102026,-,-,7905,196857,Cap
310.1495937,-26.64515895,6.5,HIP 102032,-,-,7902,196815,Cap
310.1511574,29.80555327,6.03,HIP 102033,-,-,7917,197120,Cyg
310.1880863,19.93553614,6.44,HIP 102040,-,-,7914,197076,Del
310.2317736,-42.39668859,6.26,HIP 102057,-,-,-,196748,Mic
310.2515054,39.08232852,6.497,HIP 102062,-,-,7922,197226,Cyg
310.2605926,32.30728852,5.638,HIP 102066,-,49 Cyg,7921,197177,Cyg
310.3175331,14.58287795,5.998,HIP 102080,-,10 Del,7918,197121,Del
310.3485736,-31.59828707,5.74,HIP 102092,-,-,7909,196917,Mic
310.3510904,-25.99991055,6.29,HIP 102094,-,-,7910,196947,Cap
310.3527687,-42.13378018,6.35,HIP 102096,-,AV Mic,-,196829,Mic
310.3579798,45.28033881,1.25,HIP 102098,Deneb,α Cygni,7924,197345,Cyg
310.4337568,-75.35080084,6.44,HIP 102125,-,μ 2 Octantis,7864,196067,Oct
310.4854228,41.71687448,5.664,HIP 102155,-,-,7926,197392,Cyg
310.4878189,-66.76068072,5.134,HIP 102157,-,υ Pavonis,7881,196519,Pav
310.4923522,17.52149012,6.238,HIP 102158,-,LU Del,7923,197249,Del
310.5124469,-76.18059206,5.977,HIP 102162,-,μ 1 Octantis,7863,196051,Oct
310.5526272,50.3400186,5.401,HIP 102177,-,51 Cyg,7929,197511,Cyg
310.6468172,82.53115697,5.75,HIP 102208,-,76 Dra,8002,199095,Dra
310.6653585,60.60131767,6.16,HIP 102216,-,-,7938,197734,Cep
310.7206729,-39.55883056,6.289,HIP 102230,-,-,7915,197093,Mic
310.7959214,66.65744732,5.6,HIP 102253,-,4 Cep,7945,197950,Cep
310.8070154,57.11399188,6.334,HIP 102258,-,V379 Cep,7940,197770,Cep
310.8507988,35.58779921,6.47,HIP 102276,-,X Cyg,7932,197572,Cyg
310.8647231,15.07457868,4.417,HIP 102281,-,δ Delphini,7928,197461,Del
311.0097249,-51.92097035,4.495,HIP 102333,-,η Indi,7920,197157,Ind
311.0918821,56.4884052,5.95,HIP 102358,-,V414 Cep,7944,197939,Cep
311.1376272,69.75181247,6.48,HIP 102370,-,-,7967,198236,Cep
311.2188031,25.27062987,4.91,HIP 102388,-,30 Vul,7939,197752,Vul
311.2395566,-66.20321158,3.408,HIP 102395,-,β Pavonis,7913,197051,Pav
311.304668,-27.24728015,6.492,HIP 102414,-,-,7931,197540,Cap
311.3223965,61.83878173,3.41,HIP 102422,-,η Cephei,7957,198149,Cep
311.3380386,57.57971652,4.51,HIP 102431,-,-,7955,198084,Cep
311.3676489,18.09003843,6.38,HIP 102440,-,-,7941,197812,Del
311.415638,30.71971454,4.23,HIP 102453,-,52 Cyg,7942,197912,Cyg
311.5238875,-25.27089819,4.122,HIP 102485,-,ψ Capricorni,7936,197692,Cap
311.5416167,-21.51403602,5.902,HIP 102487,-,17 Cap,7937,197725,Cap
311.5528012,33.97032834,2.48,HIP 102488,Aljanah,ϵ Cygni,7949,197989,Cyg
311.5775275,-36.12015283,6.481,HIP 102496,-,-,7935,197649,Mic
311.5836158,-39.19926638,5.47,HIP 102497,-,-,7933,197630,Mic
311.5883532,52.9952986,6.341,HIP 102499,-,-,7962,198181,Cyg
311.6608044,46.53169012,6.303,HIP 102530,-,-,7958,198151,Cyg
311.661921,16.12412827,4.96,HIP 102531,-,γ 1 Delphini,7947,197963,Del
311.6645826,16.12429395,4.25,HIP 102532,-,γ 2 Delphini,7948,197964,Del
311.7648396,-2.486908635,6.26,HIP 102561,-,7 G. Aqr,7946,197954,Aqr
311.7948014,34.3741225,4.93,HIP 102571,-,T Cyg,7956,198134,Cyg
311.8365339,45.57993436,6.411,HIP 102585,-,-,7966,198237,Cyg
311.852215,36.49069443,4.76,HIP 102589,-,* lam Cyg A,7963,198183A,Cyg
311.8522403,36.49071491,4.54,HIP 102589,-,λ Cygni,7963,198183,Cyg
311.8522574,36.49096451,6.25,HIP 102589,-,* lam Cyg B,7963,198183B,Cyg
311.8893955,80.55225997,5.371,HIP 102599,-,-,8016,199437,Dra
311.9189566,-9.495776927,3.77,HIP 102618,Albali,ϵ Aquarii,7950,198001,Aqr
311.934327,-5.027701148,4.44,HIP 102624,-,3 Aqr,7951,198026,Aqr
311.9494947,3.30646661,6.4,HIP 102631,-,-,7954,198070,Del
311.9513875,6.008208667,5.64,HIP 102633,-,13 Del,7953,198069,Del
311.9553603,47.83186804,5.586,HIP 102635,-,-,7969,198345,Cyg
312.0768155,-44.19683298,6.477,HIP 102670,-,-,-,197900,Mic
312.1214697,-43.98848406,5.1,HIP 102693,-,ι Microscopii,7943,197937,Mic
312.1780916,51.91033514,6.4,-,-,-,7978,198513A,Cyg
312.2345483,46.11413435,4.86,HIP 102724,-,55 Cyg,7977,198478,Cyg
312.3218241,-0.563337181,6.36,HIP 102770,-,-,-,198272,Aqr
312.3224621,64.04225861,6.451,HIP 102771,-,-,7993,198781,Cep
312.3233879,-25.78124433,5.849,HIP 102772,-,-,7961,198174,Cap
312.3257146,-68.77652113,5.407,HIP 102773,-,σ Pavonis,7934,197635,Pav
312.3355955,-18.03585624,6.193,HIP 102780,-,-,7964,198208,Cap
312.3706774,-46.22682698,4.882,HIP 102790,-,ζ Indi,7952,198048,Ind
312.4073638,12.54512747,5.991,HIP 102805,-,15 Del,7973,198390,Del
312.4510847,7.864186844,6.318,HIP 102819,-,14 Del,7974,198391,Del
312.4776754,46.6613367,6.333,HIP 102827,-,V2136 Cyg,7983,198625,Cyg
312.4920044,-33.77970399,4.89,HIP 102831,-,α Microscopii,7965,198232,Mic
312.496219,5.544585579,6.188,HIP 102833,-,-,7975,198404,Del
312.6740697,-12.5449022,5.872,HIP 102891,-,11 G. Aqr,7976,198431,Aqr
312.6964515,-32.05460473,6.405,HIP 102901,-,-,7970,198356,Mic
312.753159,-37.91333116,5.5,HIP 102916,-,-,7971,198357,Mic
312.8572844,-5.62663108,6.07,HIP 102945,-,4 Aqr,7982,198571,Aqr
312.8572878,-5.626633419,6.4,HIP 102945,-,* 4 Aqr A,7982,198571A,Aqr
312.8676599,28.25050545,5.77,HIP 102949,-,T Vul,7988,198726,Vul
312.8752124,-51.60817858,5.044,HIP 102950,-,ι Indi,7968,198308,Ind
312.9104481,-62.42932922,6.21,-,-,CD-62 1338A,7959,198160,Pav
312.9104534,-62.42932812,5.65,HIP 102962,-,-,7959,198160,Pav
312.9553772,-26.91913485,4.12,HIP 102978,-,ω Capricorni,7980,198542,Cap
312.994841,-33.17797364,6.055,HIP 102989,-,β Microscopii,7979,198529,Mic
313.0016222,32.84889709,6.44,HIP 102993,-,-,7996,198820,Cyg
313.0320425,27.0969442,4.568,HIP 103004,-,31 Vul,7995,198809,Vul
313.0362243,-5.507058186,5.554,HIP 103005,-,5 Aqr,7985,198667,Aqr
313.1634619,-8.983327395,4.72,HIP 103045,-,μ Aquarii,7990,198743,Aqr
313.2548126,-23.78321134,6.47,-,-,-,7989,198732A,Cap
313.2733254,-11.57365407,6.389,HIP 103077,-,15 G. Aqr,7994,198802,Aqr
313.280698,29.64909852,6.355,HIP 103079,-,-,7999,198976,Cyg
313.311495,44.3872633,4.77,HIP 103089,-,57 Cyg,8001,199081,Cyg
313.3273715,45.18168078,5.462,HIP 103094,-,-,8003,199098,Cyg
313.3540028,-30.71895299,6.342,HIP 103103,-,-,7991,198751,Mic
313.4174391,-39.80986368,5.334,HIP 103127,-,-,7987,198716,Mic
313.4745487,33.43789256,5.47,HIP 103145,-,-,8005,199101,Cyg
313.4932793,-6.889459356,6.434,HIP 103154,-,18 G. Aqr,7998,198949,Aqr
313.5273708,-27.9252373,6.409,HIP 103168,-,BY Mic,7997,198853,Mic
313.6401632,28.05762369,5.01,HIP 103200,-,32 Vul,8008,199169,Vul
313.646282,-50.72734256,6.219,HIP 103206,-,-,7992,198766,Ind
313.6847969,75.92557254,5.988,HIP 103219,-,-,8043,200039,Cep
313.6992352,-17.92289458,5.782,HIP 103226,-,19 Cap,8000,199012,Cap
313.7024921,-58.45414476,3.65,HIP 103227,-,β Indi,7986,198700,Ind
313.9028708,13.72153627,5.182,HIP 103294,-,17 Del,8011,199253,Del
313.9107077,12.56857706,5.54,HIP 103298,-,16 Del,8012,199254,Del
313.9194907,4.532722069,6.34,-,-,-,8010,199223A,Del
313.9194923,4.53272137,6.05,HIP 103301,-,-,8010,199223,Del
313.9575166,47.41765669,5.64,HIP 103312,-,V2140 Cyg,8020,199478,Cyg
314.0708815,56.88751765,6.218,HIP 103346,-,-,8029,199661,Cep
314.1061562,50.72859675,5.82,HIP 103359,-,-,8025,199611,Cyg
314.107898,49.19583119,5.913,HIP 103360,-,-,8026,199612,Cyg
314.1449079,44.92472247,5.96,HIP 103371,-,-,8023,199579,Cyg
314.1972153,-26.29637787,5.7,HIP 103389,-,-,8013,199260,Cap
314.2251107,-9.697541799,5.48,HIP 103401,-,7 Aqr,8015,199345,Aqr
314.2934114,41.16713095,3.94,HIP 103413,-,ν Cygni,8028,199629,Cyg
314.2940728,0.46377989,6.047,HIP 103414,-,-,8017,199442,Aqr
314.4193535,-16.03153898,5.869,HIP 103460,-,-,8018,199443,Cap
314.5681277,22.32590735,5.288,HIP 103511,-,33 Vul,8032,199697,Vul
314.5811099,44.47170581,5.547,HIP 103519,-,-,8035,199870,Cyg
314.6080564,10.83928635,5.506,HIP 103527,Musica,-,8030,199665,Del
314.6251399,50.46179186,5.96,-,-,-,8040,199955A,Cyg
314.6251411,50.46178914,5.9,HIP 103530,-,-,8040,199955,Cyg
314.6289748,41.93992549,6.156,HIP 103532,-,-,8036,199892,Cyg
314.6743328,-14.48312505,5.963,HIP 103545,-,DV Aqr,8024,199603,Aqr
314.7684236,4.293559756,6.31,HIP 103569,-,* eps Equ B,8034,199766,Equ
314.7686751,4.293505178,5.96,HIP 103569,-,* eps Equ A,8034,199766A,Equ
314.8525807,42.3244637,6.465,HIP 103596,-,-,-,200030,Cyg
314.8557696,59.43860015,5.526,HIP 103598,-,-,8049,200205,Cep
314.9005817,-19.03527855,6.25,HIP 103616,-,20 Cap,8033,199728,Cap
314.9564755,47.52093437,4.75,HIP 103632,-,59 Cyg,8047,200120,Cyg
314.9987192,-36.12963847,6.096,HIP 103646,-,-,8031,199684,Mic
315.0166244,7.516188253,5.995,HIP 103652,-,-,8038,199942,Equ
315.0895123,-51.26531341,5.761,HIP 103673,-,-,8027,199623,Ind
315.115368,19.32958138,5.702,HIP 103675,-,-,8044,200044,Del
315.1410035,-4.73025963,6.192,HIP 103682,-,11 Aqr,8041,199960,Aqr
315.1809271,-53.73906902,6.26,HIP 103693,-,-,-,199642,Ind
315.2156907,-17.53089521,6.05,HIP 103703,-,21 Cap,-,199947,Cap
315.2955323,46.15577644,5.432,HIP 103732,-,60 Cyg,8053,200310,Cyg
315.3036032,36.02601183,5.997,HIP 103734,-,-,8051,200253,Cyg
315.3227848,-32.2577301,4.654,HIP 103738,-,γ Microscopii,8039,199951,Mic
315.3667421,-68.20960768,6.36,HIP 103752,-,-,8019,199475,Pav
315.438664,-26.88099818,6.037,HIP 103777,-,-,8045,200052,Cap
315.5375224,56.66961454,6.23,-,-,-,8065,200614A,Cep
315.5873254,39.50903291,6.44,HIP 103822,-,-,-,200465,Cyg
315.6008323,44.79097928,6.23,HIP 103828,-,V1981 Cyg,8062,200527,Cyg
315.6131894,-38.53096957,5.94,HIP 103836,-,-,8046,200073,Mic
315.7025812,45.84889105,6.486,HIP 103871,-,-,8064,200595,Cyg
315.7414708,-38.63144437,5.305,HIP 103882,-,ζ Microscopii,8048,200163,Mic
315.7484452,-0.924744935,6.488,HIP 103889,-,-,8054,200340,Aqr
315.7574783,14.73002685,6.329,HIP 103891,-,-,8057,200430,Del
315.7701647,38.65741384,6.097,HIP 103894,-,-,8063,200577,Cyg
315.792456,-27.73159231,6.26,HIP 103902,-,-,8050,200245,Mic
315.8587092,50.35191528,6.364,HIP 103929,-,-,8072,200740,Cyg
315.9311111,46.86313706,6.31,HIP 103949,-,-,8074,200753,Cyg
315.9484267,53.28591168,5.918,HIP 103956,-,-,8078,200817,Cyg
315.967232,41.62817456,6.324,HIP 103963,-,-,8071,200723,Cyg
316.019685,-5.823059619,5.8,HIP 103981,-,* 12 Aqr A,8059,200497,Aqr
316.1012369,-19.85509188,4.84,HIP 104019,-,η Capricorni,8060,200499,Cap
316.1443817,5.502864354,5.585,HIP 104031,-,ζ Equ,8066,200644,Equ
316.1735022,2.942274269,6.413,HIP 104041,-,-,8067,200661,Equ
316.1794278,-77.02376836,5.15,HIP 104043,-,α Octantis,8021,199532,Oct
316.189065,2.269779335,6.349,HIP 104048,-,38 G. Aqr,8068,200663,Aqr
316.2327497,43.92785335,3.73,HIP 104060,-,ξ Cygni,8079,200905,Cyg
316.3093697,-54.72704156,5.163,HIP 104085,-,μ Indi,8055,200365,Ind
316.3719404,78.12639144,5.907,HIP 104105,-,77 Dra,8112,201908,Cep
316.4867853,-17.23286284,4.07,HIP 104139,-,θ Capricorni,8075,200761,Cap
316.5047418,-30.12514534,5.687,HIP 104148,-,δ Microscopii,8070,200718,Mic
316.5970914,71.4317978,5.877,HIP 104171,-,-,8099,201636,Cep
316.5978325,26.92436084,6.13,HIP 104172,-,-,8082,201051,Vul
316.6028221,-32.34161896,5.196,HIP 104174,-,2 PsA,8076,200763,Mic
316.6063326,-41.38596449,5.505,HIP 104177,-,η Microscopii,8069,200702,Mic
316.6260175,31.18465636,5.82,HIP 104185,-,DT Cyg,8084,201078,Cyg
316.6503893,47.64840339,4.514,HIP 104194,-,63 Cyg,8089,201251,Cyg
316.6660095,3.80311853,6.487,HIP 104202,-,-,-,200964,Equ
316.7247483,38.74941732,5.21,HIP 104214,-,61 Cyg A,8085,201091,Cyg
316.730266,38.74204403,6.03,HIP 104217,-,61 Cyg B,8086,201092,Cyg
316.7819507,-25.00585264,4.5,HIP 104234,-,24 Cap,8080,200914,Cap
316.890182,15.65865759,6.26,HIP 104281,-,-,8088,201196,Del
316.9355526,-45.37945646,6.44,HIP 104296,-,-,-,200887,Ind
316.9362263,-17.45590132,6.17,HIP 104297,-,-,8083,201057,Cap
317.1172452,6.989359656,6.18,HIP 104357,-,-,8090,201298,Equ
317.1362307,-63.92825957,5.75,HIP 104364,-,-,8073,200751,Pav
317.1401043,-21.19367071,5.316,HIP 104365,-,χ Capricorni,8087,201184,Cap
317.1620406,30.20563553,5.71,HIP 104371A,-,-,-,-,Cyg
317.1952649,-88.95649954,5.42,HIP 104382,Polaris Australis,σ Octantis,7228,177482,Oct
317.343013,-36.7058638,6.46,HIP 104441,-,-,-,201242,Mic
317.3436067,-73.17281682,5.67,HIP 104440,-,-,8061,200525,Pav
317.3874969,-20.55666083,6.242,HIP 104452,-,27 Cap,8091,201352,Cap
317.3985347,-11.3716904,4.52,HIP 104459,-,ν Aquarii,8093,201381,Aqr
317.4927688,2.943697109,6.43,HIP 104481,-,-,8095,201507,Equ
317.5648888,53.56310078,5.747,HIP 104516,-,-,8106,201834,Cyg
317.585417,10.1315811,4.68,HIP 104521,-,γ Equulei,8097,201601,Equ
317.6304835,10.04891338,6.057,HIP 104538,-,6 Equ,8098,201616,Equ
317.6955819,-9.354073767,6.267,HIP 104557,-,49 G. Aqr,8096,201567,Aqr
317.8372338,-72.54435622,6.186,HIP 104597,-,-,8081,200924,Pav
317.9222427,-14.47237689,6.445,HIP 104634,-,EW Aqr,8102,201707,Aqr
317.9510613,59.98656486,6.09,HIP 104642,-,-,8119,202214A,Cep
318.0571367,-40.26936139,5.83,HIP 104680,-,-,8100,201647,Mic
318.2341083,30.22689868,3.21,HIP 104732,-,ζ Cygni,8115,202109,Cyg
318.2627845,-39.42491937,5.26,HIP 104738,-,-,8104,201772,Mic
318.3221971,-27.61936407,5.388,HIP 104750,-,3 PsA,8110,201901,Mic
318.3290064,-36.42352823,5.954,HIP 104752,-,-,8108,201852,Mic
318.3354342,-70.12625471,5.071,HIP 104755,-,ο Pavonis,8092,201371,Pav
318.339936,81.23096966,6.12,HIP 104756,-,-,8174,203501,Cep
318.3601062,36.63326084,6.071,HIP 104765,-,-,8120,202240,Cyg
318.3699533,15.98242209,6.252,HIP 104771,-,-,8116,202128,Peg
318.427011,64.40395283,6.39,HIP 104788,-,-,8133,202582,Cep
318.5428503,29.90096082,6.166,HIP 104822,-,-,8126,202314,Cyg
318.6200638,10.00697941,4.49,HIP 104858,-,δ Equulei,8123,202275,Equ
318.6543706,0.092255603,6.39,HIP 104872,-,-,8121,202259,Aqr
318.6978855,38.04531782,3.73,HIP 104887,-,τ Cygni,8130,202444,Cyg
318.777574,-17.34517878,6.037,HIP 104914,-,-,8122,202261,Cap
318.8099503,-40.50606361,6.212,HIP 104925,-,-,8117,202135,Mic
318.9049088,47.97399554,6.441,HIP 104962,-,-,8136,202654,Cyg
318.9079148,-20.65169521,5.152,HIP 104963,-,ϕ Capricorni,8127,202320,Cap
318.9268682,77.01229692,5.898,HIP 104968,-,-,8168,203399,Cep
318.9368431,-15.17150134,5.317,HIP 104974,-,29 Cap,8128,202369,Cap
318.9410961,-53.26308879,5.719,HIP 104978,-,-,8114,202103,Ind
318.9449369,-36.21070914,6.14,HIP 104980,-,-,8124,202287,Mic
318.9559882,5.247891952,3.933,HIP 104987,Kitalpha,α Equulei,8131,202447,Equ
319.0713711,44.23823095,6.37,HIP 105017,-,-,-,202710,Cyg
319.0740558,-9.21466516,6.46,HIP 105019,-,14 Aqr,-,202466,Aqr
319.1234107,42.25179014,6.21,HIP 105034,-,-,8138,202720,Cyg
319.1644638,-1.607767506,6.479,HIP 105046,-,55 G. Aqr,8132,202554,Aqr
319.2585528,53.99769288,6.13,HIP 105064,-,-,8147,202923,Cyg
319.3063958,-13.27897168,6.402,HIP 105079,-,57 G. Aqr,8134,202606,Aqr
319.3093639,55.79800166,5.975,HIP 105080,-,-,8150,202987,Cep
319.328287,58.61148353,6.425,HIP 105091,-,V421 Cep,8153,203025,Cep
319.3465942,42.68357199,6.159,HIP 105101,-,-,8144,202862,Cyg
319.3539678,39.39467973,4.24,HIP 105102,-,σ Cygni,8143,202850,Cyg
319.4795244,34.89689596,4.42,HIP 105138,-,υ Cygni,8146,202904,Cyg
319.4845255,-32.17254768,4.708,HIP 105140,-,ϵ Microscopii,8135,202627,Mic
319.4886936,-17.98513863,5.383,HIP 105143,-,30 Cap,8137,202671,Cap
319.50204,-64.68158036,6.313,HIP 105148,-,-,8125,202299,Pav
319.5461362,-4.519479895,5.812,HIP 105164,-,15 Aqr,8141,202753,Aqr
319.6132759,43.94594421,5,HIP 105186,-,68 Cyg,8154,203064,Cyg
319.6351039,61.18439634,6.49,HIP 105193,-,V422 Cep,-,203265,Cep
319.6448847,62.58557446,2.46,HIP 105199,Alderamin,α Cephei,8162,203280,Cep
319.7167789,11.20338078,5.951,HIP 105224,-,-,8149,202951,Equ
319.7257475,-28.76581889,6.4,HIP 105228,-,-,8142,202773,Mic
319.730539,41.04051916,6.15,HIP 105229,-,-,8155,203096,Cyg
319.8153551,58.62350674,5.75,HIP 105259,-,V381 Cep,8164,203338,Cep
319.8424131,38.23746356,5.882,HIP 105269,-,V1334 Cyg,8157,203156,Cyg
319.8425866,64.87185701,5.18,HIP 105268,-,6 Cep,8171,203467,Cep
319.8697935,49.51029453,5.74,HIP 105282,-,-,8161,203245,Cyg
319.9666227,-53.44942608,4.483,HIP 105319,-,θ Indi,8140,202730,Ind
320.0395146,-45.02189129,6,HIP 105334,-,T Ind,8145,202874,Ind
320.0586609,22.02617841,6.282,HIP 105344,-,-,8158,203206,Vul
320.1393635,60.75640762,6.104,HIP 105370,-,-,8179,203574,Cep
320.190081,-40.80961671,4.82,HIP 105382,-,θ 1 Microscopii,8151,203006,Mic
320.2085555,32.45221695,5.68,HIP 105390,-,-,8166,203358,Cyg
320.2679972,-4.56012486,5.848,HIP 105412,-,16 Aqr,8160,203222,Aqr
320.2701082,7.354504324,5.798,HIP 105413,-,9 Equ,8163,203291,Equ
320.3191693,-49.93824762,6.38,HIP 105425,-,-,8152,203010,Ind
320.3414065,32.61273565,6.037,HIP 105432,-,-,8169,203439,Cyg
320.5017423,49.38884725,5.671,HIP 105497,-,-,8185,203644,Cyg
320.5216646,19.80451042,4.09,HIP 105502,-,1 Peg,8173,203504,Peg
320.5616499,-16.83454389,4.27,HIP 105515,-,ι Capricorni,8167,203387,Cap
320.6752421,30.30988332,6.06,HIP 105558,-,-,8182,203630,Cyg
320.7233893,6.811139838,5.148,HIP 105570,-,β Equulei,8178,203562,Equ
320.7344103,-9.319328025,5.965,HIP 105574,-,17 Aqr,8175,203525,Aqr
320.7520612,-22.66904678,5.6,HIP 105576,-,-,8172,203475,Cap
320.9516184,37.35147822,6.43,HIP 105637,-,-,8193,203857,Cyg
320.9828957,-25.20248422,6.47,HIP 105646,-,-,-,203607,Cap
320.9951097,24.27413623,5.688,HIP 105652,-,-,8190,203803,Vul
321.0310388,25.31242915,6.19,HIP 105660,-,-,8194,203858,Vul
321.0330397,-22.74708315,6.373,HIP 105662,-,-,8184,203639,Cap
321.0399717,-20.8518699,5.366,HIP 105665,-,33 Cap,8183,203638,Cap
321.0478825,-12.87810896,5.476,HIP 105668,-,18 Aqr,8187,203705,Aqr
321.0697914,-69.73387785,6.41,HIP 105678,-,Y Pav,8156,203133,Pav
321.0868492,-46.61470558,6.293,HIP 105685,-,-,8177,203548,Ind
321.0963917,24.52839226,6.339,HIP 105689,-,-,8197,203886,Vul
321.1023488,10.17422155,6.317,HIP 105695,-,-,8191,203842,Equ
321.1034082,-41.00669537,5.775,HIP 105696,-,θ 2 Microscopii,8180,203585,Mic
321.1416895,26.17455867,5.658,HIP 105703,-,-,8198,203925,Vul
321.2064663,80.52482454,5.965,HIP 105727,-,-,8239,205072,Cep
321.2153134,-3.3983562,6.375,HIP 105729,-,20 Aqr,8192,203843,Aqr
321.3042624,-9.748557179,5.713,HIP 105761,-,19 Aqr,8195,203875,Aqr
321.320657,-3.556746335,5.469,HIP 105767,-,21 Aqr,8199,203926,Aqr
321.3251944,-71.79905873,6.09,HIP 105768,-,-,8159,203212,Pav
321.3314536,46.71434132,5.58,HIP 105769,-,-,8208,204153,Cyg
321.4459379,36.6673845,5.94,HIP 105811,-,69 Cyg,8209,204172,Cyg
321.4649367,0.53434289,6.45,HIP 105819,-,72 G. Aqr,8203,204041,Aqr
321.56433,-54.66045878,6.082,HIP 105841,-,γ Indi,8188,203760,Ind
321.5953104,-37.82943051,5.62,HIP 105854,-,-,8200,203949,Mic
321.6108541,-65.36619807,4.22,HIP 105858,-,γ Pavonis,8181,203608,Pav
321.6110879,19.37564172,6.064,HIP 105860,-,IK Peg,8210,204188,Peg
321.6667944,-22.41132035,3.74,HIP 105881,-,ζ Capricorni,8204,204075,Cap
321.687374,52.89853623,5.987,HIP 105891,-,-,8218,204428,Cyg
321.7150914,48.83516661,5.31,HIP 105898,-,-,8216,204411,Cyg
321.7567626,-42.54793223,5.58,-,-,-,8202,204018A,Mic
321.8117571,-21.19621435,5.76,HIP 105928,-,35 Cap,8207,204139,Cap
321.8390245,37.11679614,5.293,HIP 105942,-,70 Cyg,8215,204403,Cyg
321.8553203,59.75007706,6.129,HIP 105949,-,V426 Cep,8224,204599,Cep
321.9169071,27.60859443,5.379,HIP 105966,-,35 Vul,8217,204414,Vul
321.9422576,66.80909698,5.41,HIP 105972,-,7 Cep,8227,204770,Cep
322.1034924,8.195647706,6.41,HIP 106021,-,2 G. Peg,8219,204445,Peg
322.1649869,70.56071519,3.23,HIP 106032,Alfirk,β Cephei,8238,205021,Cep
322.1808363,-21.80717976,4.5,HIP 106039,-,36 Cap,8213,204381,Cap
322.1871894,-69.50538406,5.62,HIP 106044,-,SX Pav,8196,203881,Pav
322.219746,55.41870773,6.127,HIP 106052,-,-,8226,204754,Cep
322.2490529,22.17943915,5.95,HIP 106062,-,NV Peg,8223,204585,Peg
322.2496577,17.90591197,6.401,HIP 106064,-,-,8221,204560,Peg
322.2506112,-53.70591202,6.38,HIP 106065,-,-,8211,204228,Ind
322.265589,-31.23855992,6.5,HIP 106067,-,-,8214,204394,PsA
322.3622907,46.54058555,5.217,HIP 106093,-,71 Cyg,8228,204771,Cyg
322.3937315,6.581378328,6.41,HIP 106103,-,3 G. Peg,-,204603,Peg
322.4870602,23.63884029,4.509,HIP 106140,-,2 Peg,8225,204724,Peg
322.5847113,52.95799564,6.007,HIP 106171,-,-,8237,204965,Cyg
322.7470485,60.45943182,5.522,HIP 106227,-,-,8243,205139,Cep
322.7901224,12.13747571,6.093,HIP 106243,-,-,8231,204862,Peg
322.8644566,52.61986509,6.18,HIP 106267,-,-,8242,205114,Cyg
322.889717,-5.571174828,2.89,HIP 106278,Sadalsuud,β Aquarii,8232,204867,Aqr
322.9589358,23.84516277,6.42,HIP 106306,-,-,-,205011,Peg
323.0127688,-84.81006871,6.404,HIP 106320,-,-,8129,202418,Oct
323.024483,-41.17931007,5.286,HIP 106327,-,ξ Gruis,8229,204783,Gru
323.0607073,-33.94462598,5.958,HIP 106340,-,6 PsA,8230,204854,PsA
323.1385911,-24.59041758,6.428,HIP 106363,-,-,8235,204943,Cap
323.2358001,49.97763291,5.755,HIP 106393,-,-,8246,205314,Cyg
323.3233855,-52.73777293,6.404,HIP 106419,-,-,8233,204873,Ind
323.3245195,45.85401514,6.209,HIP 106420,-,-,8248,205349,Cyg
323.3381099,-80.03935968,6.466,HIP 106424,-,-,8201,203955,Oct
323.3479782,-44.84870535,5.563,HIP 106429,-,-,8236,204960,Gru
323.36258,-0.82325,6.25,-,-,M 2,-,-,Aqr
323.4773935,-82.68308524,6.38,HIP 106474,-,-,8176,203532,Oct
323.495221,45.5918389,4.02,HIP 106481,-,ρ Cygni,8252,205435,Cyg
323.5714893,-42.92467973,6.324,HIP 106500,-,-,8241,205096,Gru
323.6144306,51.69846687,6.163,HIP 106518,-,-,8259,205551,Cyg
323.6415611,22.75452158,6.451,HIP 106527,-,-,8250,205420,Peg
323.6912977,18.32893178,6.47,HIP 106550,-,-,-,205422,Peg
323.6941119,38.53406679,4.91,HIP 106551,-,72 Cyg,8255,205512,Cyg
323.7127176,-20.08426081,5.696,HIP 106559,-,37 Cap,8245,205289,Cap
323.7208415,-29.69611836,6.42,HIP 106564,-,-,8244,205265,PsA
323.8164856,-23.45431441,6.382,HIP 106590,-,-,8247,205342,Cap
323.8234187,-3.983304736,5.778,HIP 106592,-,80 G. Aqr,8251,205423,Aqr
323.8296521,28.19760687,6.31,HIP 106595,-,-,8257,205539,Peg
323.8580647,68.21929164,6.45,HIP 106604,-,V431 Cep,-,205938,Cep
323.8626555,24.45216011,6.22,HIP 106605,-,-,8258,205541,Peg
324.0104059,45.3745898,5.38,HIP 106642,-,W Cyg,8262,205730,Cyg
324.0457239,-26.17151577,5.725,HIP 106654,-,8 PsA,8253,205471,PsA
324.0582575,30.05542121,6.26,HIP 106661,-,-,8261,205688,Cyg
324.2033366,-33.04789619,6.099,HIP 106703,-,7 PsA,8256,205529,PsA
324.2373967,40.41352563,5.035,HIP 106711,-,74 Cyg,8266,205835,Cyg
324.2701297,-19.46601122,4.55,HIP 106723,-,ϵ Capricorni,8260,205637,Cap
324.3661418,44.6965486,6.2,HIP 106752,-,CP Cyg,8272,205939,Cyg
324.3906775,-0.390561808,6.214,HIP 106758,-,-,8263,205765,Aqr
324.4117297,54.04219679,6.159,HIP 106771,-,-,8275,206040,Cyg
324.4318583,6.618391456,6.177,HIP 106783,-,3 Peg,8265,205811,Peg
324.4379574,-7.854201597,4.69,HIP 106786,Bunda,ξ Aquarii,8264,205767,Aqr
324.4392924,19.31860917,5.448,HIP 106787,-,5 Peg,8267,205852,Peg
324.4801006,62.08194177,4.73,HIP 106801,-,9 Cep,8279,206165,Cep
324.5118678,-64.82416741,6.206,HIP 106818,-,-,8249,205417,Ind
324.6330854,5.771745127,5.656,HIP 106856,-,4 Peg,8270,205924,Peg
324.6881895,25.49877653,6.197,HIP 106872,-,-,8274,206027,Peg
324.7349171,-79.44258305,6.17,HIP 106881,-,-,8234,204904,Oct
324.7400816,57.48904278,5.62,HIP 106886,-,-,8281,206267,Cep
324.754953,20.26545092,5.762,HIP 106897,-,NZ Peg,8276,206043,Peg
324.7754821,-33.67885305,6.277,HIP 106907,-,-,8268,205872,PsA
324.8671057,-10.57687242,6.07,HIP 106938,-,-,8273,206005,Cap
324.8886133,2.243560929,5.1,HIP 106944,-,25 Aqr,8277,206067,Aqr
324.9988239,-52.35900033,6.202,HIP 106978,-,-,8269,205877,Ind
325.0226893,-16.6623712,3.67,HIP 106985,Nashira,γ Capricorni,8278,206088,Cap
325.0462918,43.27383775,5.086,HIP 106999,-,75 Cyg,8284,206330,Cyg
325.1404629,-55.73797851,6.328,HIP 107030,-,-,8271,205935,Ind
325.1804467,54.87215525,6.15,HIP 107041,-,-,8290,206509,Cyg
325.3689251,-77.39000876,3.728,HIP 107089,-,ν Octantis,8254,205478,Oct
325.3869117,-14.04761244,5.18,HIP 107095,-,42 Cap,8283,206301,Cap
325.3927309,40.80521969,6.075,HIP 107097,-,76 Cyg,8291,206538,Cyg
325.4425617,-25.10151549,6.498,HIP 107112,-,-,8282,206291,PsA
325.5029045,-23.26285718,5.24,HIP 107128,-,41 Cap,8285,206356,Cap
325.5045129,35.51019998,5.84,HIP 107129,-,V460 Cyg,8297,206570,Cyg
325.5235861,51.18962768,4.66,HIP 107136,Azelfafage,π 1 Cygni,8301,206672,Cyg
325.5348071,45.76569764,6.23,HIP 107140,-,V1339 Cyg,8298,206632,Cyg
325.5421356,1.285254153,5.641,HIP 107144,-,26 Aqr,8287,206445,Aqr
325.5643804,5.680138787,5.301,HIP 107151,-,7 Peg,8289,206487,Peg
325.595662,41.07702046,5.726,HIP 107162,-,77 Cyg,8300,206644,Cyg
325.6373351,10.8243156,6.051,HIP 107173,-,-,8292,206540,Peg
325.6617083,49.60024711,6.089,HIP 107186,-,-,8304,206731,Cyg
325.664617,-18.86632088,4.726,HIP 107188,-,κ Capricorni,8288,206453,Cap
325.6890226,59.27084343,6.088,HIP 107197,-,-,8312,206842,Cep
325.766847,72.32008554,5.173,HIP 107230,-,78 Dra,8324,207130,Cep
325.7683211,-14.39971028,5.879,HIP 107232,-,44 Cap,8295,206561,Cap
325.776964,41.15497297,5.505,HIP 107235,-,-,8306,206749,Cyg
325.8063888,-19.62096181,6.209,HIP 107238,-,-,8293,206546,Cap
325.8568847,38.28359108,5.695,HIP 107253,-,79 Cyg,8307,206774,Cyg
325.8769148,58.78004609,4.08,HIP 107259,Garnet Star,μ Cephei,8316,206936,Cep
325.915704,7.528657063,6.47,HIP 107271,-,10 G. Peg,-,206689,Peg
325.9921113,22.81531736,6.42,HIP 107297,-,-,-,206793,Peg
325.9959615,-57.32524761,6.482,HIP 107299,-,-,-,206429,Ind
326.0040172,-14.74937218,5.949,HIP 107302,-,45 Cap,8302,206677,Cap
326.0352573,28.74290392,6.12,HIP 107310,-,* mu.02 Cyg,8310,206827,Cyg
326.035743,28.74262986,4.7,HIP 107310,-,* mu.01 Cyg,8309,206826,Cyg
326.0464839,9.875008653,2.39,HIP 107315,Enif,ϵ Pegasi,8308,206778,Peg
326.1228015,-38.55252812,6.283,HIP 107344,-,-,8299,206642,Gru
326.1278992,17.35001747,4.35,HIP 107348,-,9 Peg,8313,206859,Peg
326.1613968,25.64503776,4.135,HIP 107354,-,κ Pegasi,8315,206901,Peg
326.2219964,62.46056907,5.94,HIP 107374,-,-,8327,207198,Cep
326.236707,-33.02578182,4.34,HIP 107380,-,ι Piscis Austrini,8305,206742,PsA
326.2510611,-9.082427672,5.079,HIP 107382,-,46 Cap,8311,206834,Cap
326.3016621,52.26757582,6.369,HIP 107398,-,-,-,207119,Cyg
326.3280664,-49.49875974,6.462,HIP 107409,-,-,8303,206690,Ind
326.3621881,61.12080561,4.29,HIP 107418,-,ν Cephei,8334,207260,Cep
326.3701199,-71.00884972,6.011,HIP 107423,-,-,8286,206399,Ind
326.4354694,35.85730878,6.43,HIP 107445,-,-,8320,207088,Cyg
326.5181814,22.9488791,5.266,HIP 107472,-,12 Peg,8321,207089,Peg
326.5677888,-9.275935228,6,HIP 107487,-,47 Cap,8318,207005,Cap
326.633738,-11.36595523,5.567,HIP 107517,-,λ Capricorni,8319,207052,Cap
326.6983741,49.30957063,4.18,HIP 107533,-,π 2 Cygni,8335,207330,Cyg
326.7535404,70.15088249,6.45,HIP 107555,-,-,8342,207636,Cep
326.7601843,-16.12728709,2.83,HIP 107556,Deneb Algedi,δ Capricorni,8322,207098,Cap
326.7698344,17.19404059,6.174,HIP 107558,-,V372 Peg,8330,207223,Peg
326.8081755,2.686122505,5.624,HIP 107575,-,11 Peg,8328,207203,Peg
326.8553972,60.69268874,5.514,HIP 107586,-,12 Cep,8339,207528,Cep
326.9093282,-5.916807985,6.168,HIP 107596,-,89 G. Aqr,8332,207235,Aqr
326.933958,-30.89830629,5.017,HIP 107608,-,θ Piscis Austrini,8326,207155,PsA
327.0349759,36.58038841,6.26,HIP 107637,-,-,8336,207446,Cyg
327.0656298,-47.30361608,5.58,HIP 107649,-,-,8323,207129,Gru
327.1223102,38.64858611,6.091,HIP 107664,-,-,8338,207516,Cyg
327.2836476,66.79203704,6.48,HIP 107710,-,-,-,207826,Cep
327.3292115,61.27276143,6.17,HIP 107723,-,-,8347,207780,Cep
327.3619439,20.46244467,6.267,HIP 107734,-,-,8341,207563,Peg
327.4170586,41.14878703,6.48,HIP 107749,-,-,8345,207673,Cyg
327.4208965,-12.7228807,6.298,HIP 107750,-,-,8337,207503,Cap
327.4612265,30.17421243,5.069,HIP 107763,-,14 Peg,8343,207650,Peg
327.5005164,-64.71253772,5.62,HIP 107773,-,-,8331,207229,Ind
327.5360704,17.2856948,5.336,HIP 107788,-,13 Peg,8344,207652,Peg
327.5540898,-16.84491076,6.38,HIP 107797,-,-,8340,207552,Cap
327.696563,-69.62937403,5.505,HIP 107835,-,ο Indi,8333,207241,Ind
327.7272963,-82.71890474,5.46,HIP 107843,-,* lam Oct A,8280,206240A,Oct
327.7273481,-82.7189014,5.29,HIP 107843,-,λ Octantis,8280,206240,Oct
327.770753,39.53665794,6.193,HIP 107856,-,V1619 Cyg,8349,207857,Cyg
327.8927026,19.82668199,5.768,HIP 107887,-,-,8348,207840,Peg
327.9051899,65.75271317,6.38,HIP 107893,-,-,8361,208132,Cep
327.9239461,-18.62293867,6.16,HIP 107901,-,-,8346,207760,Cap
328.0018942,55.79197931,6.419,HIP 107929,-,-,-,208063,Cep
328.0043307,55.79674959,5.657,HIP 107930,-,-,8357,208095,Cep
328.054187,79.55177422,6.48,HIP 107952,-,-,-,208742,Cep
328.0757652,21.27316215,6.33,HIP 107956,-,HO Peg,8350,207932,Peg
328.1246533,28.79354186,5.53,HIP 107975,-,15 Peg,8354,207978,Peg
328.2657026,25.92513584,5.081,HIP 108022,-,16 Peg,8356,208057,Peg
328.3240435,-13.55176853,5.08,HIP 108036,-,μ Capricorni,8351,207958,Cap
328.405786,19.66846665,5.676,HIP 108060,-,-,8358,208108,Peg
328.448,62.589,6.1,-,-,NGC 7160,-,-,Cep
328.4821513,-37.36487222,3.01,HIP 108085,Aldhanab,γ Gruis,8353,207971,Gru
328.4906906,6.864804926,6.143,HIP 108090,-,13 G. Peg,8359,208110,Peg
328.5432198,-4.276175894,5.704,HIP 108102,-,94 G. Aqr,8360,208111,Aqr
328.5725738,19.71812329,6.341,HIP 108119,-,-,8364,208202,Peg
328.6496443,-3.301273496,6.23,HIP 108144,-,-,8363,208177,Aqr
328.7214745,56.6112264,5.8,HIP 108165,-,13 Cep,8371,208501,Cep
328.7974757,-61.88660963,5.96,HIP 108195,-,-,8352,207964,Ind
328.8358124,61.54181163,6.125,HIP 108209,-,-,8374,208606,Cep
328.8791605,65.32081116,6.01,-,-,-,8375,208682A,Cep
328.8791657,65.3208095,5.86,HIP 108226,-,-,8375,208682,Cep
328.9818282,-30.60592054,6.414,HIP 108259,-,-,8365,208285,PsA
329.0143569,-52.46375759,6.49,HIP 108268,-,-,-,208184,Ind
329.0585684,-57.89958766,6.168,HIP 108281,-,π Indi,8362,208149,Ind
329.0948778,-37.25365462,5.443,HIP 108294,-,-,8366,208321,Gru
329.0999348,21.23985879,6.37,HIP 108296,-,-,8372,208527,Peg
329.1630896,63.62555045,4.9,HIP 108317,-,VV Cep,8383,208816,Cep
329.2348845,12.07649373,5.533,HIP 108339,-,17 Peg,8373,208565,Peg
329.258958,-37.74684534,6.168,HIP 108347,-,BZ Gru,8367,208435,Gru
329.2962541,66.15615426,6.394,HIP 108364,-,-,8384,208947,Cep
329.4627189,74.99671522,6.34,HIP 108420,-,-,8395,209258,Cep
329.4794731,-54.99257612,4.4,HIP 108431,-,δ Indi,8368,208450,Ind
329.5554512,-5.424921271,6.331,HIP 108453,-,96 G. Aqr,8376,208703,Aqr
329.6253301,-59.01214541,6.141,HIP 108478,-,κ 1 Indi,8369,208496,Ind
329.682475,-21.18293197,6.11,HIP 108494,-,BW Cap,8378,208735,Cap
329.7230135,62.69798815,5.979,HIP 108505,-,-,8388,209112,Cep
329.7291059,-4.373108728,6.22,HIP 108506,-,98 G. Aqr,8382,208801,Aqr
329.8246332,-38.39509524,5.495,HIP 108543,-,-,8379,208737,Gru
330.033021,6.717447272,6,HIP 108612,-,18 Peg,8385,209008,Peg
330.1010337,-55.88348687,6.004,HIP 108626,-,-,8381,208796,Ind
330.1112498,33.00592699,6.47,HIP 108632,-,-,8391,209149,Peg
330.2092689,-28.45373852,5.72,HIP 108661,-,* eta PsA A,8386,209014A,PsA
330.2708969,0.604718001,5.597,HIP 108691,-,28 Aqr,8390,209128,Aqr
330.2722959,13.11983809,5.599,HIP 108693,-,20 Peg,8392,209166,Peg
330.2884764,8.257165637,5.633,HIP 108699,-,19 Peg,8393,209167,Peg
330.4607778,52.88225004,5.776,HIP 108758,-,-,8403,209419,Cyg
330.4692255,-77.66254236,6.389,HIP 108759,-,-,8370,208500,Oct
330.5057305,10.97380869,6.367,HIP 108766,-,-,8397,209288,Peg
330.5190526,58.00036382,5.542,HIP 108772,-,14 Cep,8406,209481,Cep
330.5493992,-17.903473,6.283,HIP 108784,-,100 G. Aqr,8394,209240,Aqr
330.7360862,44.64986136,5.596,HIP 108845,-,V1942 Cyg,8407,209515,Cyg
330.7360866,44.64986127,5.715,-,-,-,8407,209515A,Cyg
330.7659279,-76.11845906,5.926,HIP 108849,-,-,8380,208741,Oct
330.8185756,-6.522407352,5.543,HIP 108868,-,30 Aqr,8401,209396,Aqr
330.8285169,-2.155364954,4.69,HIP 108874,-,ο Aquarii,8402,209409,Aqr
330.8293025,11.38654844,5.822,HIP 108875,-,21 Peg,8404,209459,Peg
330.8402234,-56.78597855,4.69,HIP 108870,-,ϵ Indi,8387,209100,Ind
330.9425715,64.62818481,6.342,HIP 108917,Kurhah B,* ksi Cep B,8417,209791,Cep
330.9476656,64.62797113,4.45,HIP 108917,Kurhah A,* ksi Cep A,8417,209790,Cep
330.9477291,64.62797577,4.29,HIP 108917,Kurhah,ξ Cephei,8417,209790,Cep
330.9707377,63.11992085,5.3,HIP 108924,-,18 Cep,8416,209772,Cep
331.0993167,-29.91653152,6.46,HIP 108952,-,13 PsA,8405,209476,PsA
331.1438226,32.94174596,6.37,HIP 108969,-,-,8412,209693,Peg
331.1531931,-26.82235984,5.953,HIP 108975,-,UU PsA,8408,209522,PsA
331.1975934,-0.906344379,5.271,HIP 108991,-,32 Aqr,8410,209625,Aqr
331.2520785,62.7856712,5.265,HIP 109005,-,20 Cep,8426,209960,Cep
331.2644218,14.81593377,6.42,HIP 109009,-,-,-,209709,Peg
331.286624,62.2798146,5.11,HIP 109017,-,19 Cep,8428,209975,Cep
331.2972267,26.67369038,5.744,HIP 109023,-,-,8415,209761,Peg
331.3187463,46.74483539,6.13,HIP 109033,-,-,8421,209857,Lac
331.3944769,28.96397975,5.7,HIP 109056,-,23 Peg,8419,209833,Peg
331.4197957,5.058530164,4.84,HIP 109068,-,ν Pegasi,8413,209747,Peg
331.4459814,-0.319850955,2.94,HIP 109074,Sadalmelik,α Aquarii,8414,209750,Aqr
331.4602062,45.11250086,6.494,HIP 109079,-,-,8422,209932,Lac
331.4625667,-59.63607214,5.607,HIP 109081,-,κ 2 Indi,8409,209529,Ind
331.4634108,48.23149381,6.254,HIP 109082,-,-,8427,209961,Lac
331.5081362,45.0143473,5.07,HIP 109102,-,-,8424,209945,Lac
331.5286867,-39.54335301,4.458,HIP 109111,-,λ Gruis,8411,209688,Gru
331.5511085,45.24868707,6.181,HIP 109121,-,-,8429,209993,Lac
331.556527,56.34339443,6.382,HIP 109124,-,V444 Cep,8434,210071,Cep
331.6092806,-13.86968056,4.27,HIP 109139,-,ι Aquarii,8418,209819,Aqr
331.752773,25.345099,3.77,HIP 109176,-,ι Pegasi,8430,210027,Peg
331.7901363,58.84071984,6.341,HIP 109190,-,-,8442,210220,Cep
331.8566048,53.30743713,6.171,HIP 109205,-,V399 Lac,8443,210221,Lac
331.8691364,19.47552862,5.74,HIP 109209,-,-,8435,210074,Peg
331.8748605,18.00071331,6.35,HIP 109212,-,OY Peg,8436,210090,Peg
331.9595995,21.70292675,5.78,HIP 109240,-,25 Peg,8438,210129,Peg
332.0582697,-46.96097438,1.71,HIP 109268,Alnair,α Gruis,8425,209952,Gru
332.0678484,49.79699012,6.4,HIP 109272,-,-,8445,210289,Lac
332.071825,25.54352068,6.072,HIP 109276,-,-,8441,210210,Peg
332.0958806,-32.98846991,4.5,HIP 109285,-,μ Piscis Austrini,8431,210049,PsA
332.108048,-34.04384058,4.99,HIP 109289,-,υ Piscis Austrini,8433,210066,PsA
332.1700759,45.74225218,6.11,HIP 109303,-,AR Lac,8448,210334,Lac
332.1776837,-33.125693,6.386,HIP 109306,-,-,8437,210111,PsA
332.245793,-18.5195934,5.793,HIP 109332,-,35 Aqr,8439,210191,Aqr
332.2458,-18.5197,5.84,-,-,[SGR85] 37-51 1,-,-,Aqr
332.3067712,33.17235479,5.582,HIP 109352,-,π 1 Pegasi,8449,210354,Peg
332.3706626,-23.65911095,6.36,HIP 109375,-,113 G. Aqr,-,210244,Aqr
332.4517944,72.34120548,4.786,HIP 109400,-,24 Cep,8468,210807,Cep
332.482088,-34.014966,5.371,HIP 109404,-,-,8444,210271,PsA
332.4911681,-48.10766097,6.424,HIP 109408,-,-,8440,210204,Gru
332.4968459,33.17822233,4.29,HIP 109410,-,π 2 Pegasi,8454,210459,Peg
332.5006357,-28.2924339,6.436,HIP 109412,-,-,8446,210300,PsA
332.5365841,-32.54840842,4.92,HIP 109422,-,τ Piscis Austrini,8447,210302,PsA
332.5499526,6.197921588,3.55,HIP 109427,Biham,θ Pegasi,8450,210418,Peg
332.5637498,72.1112645,6.346,HIP 109434,-,80 Dra,8473,210873,Cep
332.5792554,19.61633936,6.179,HIP 109439,-,-,8455,210460,Peg
332.58795,-3.89408825,6.282,HIP 109442,-,115 G. Aqr,8451,210419,Aqr
332.5918136,14.62985983,6.359,HIP 109445,-,-,8456,210461,Peg
332.6257639,20.9779841,6.438,HIP 109458,-,28 Peg,8459,210516,Peg
332.6406128,-4.266855221,5.98,HIP 109466,-,-,8453,210434,Aqr
332.6559681,11.62453902,5.774,HIP 109471,-,-,8458,210502,Peg
332.6561774,-11.56493865,5.422,HIP 109472,-,38 Aqr,8452,210424,Aqr
332.6616227,70.13257468,5.52,HIP 109474,-,-,8474,210884,Cep
332.7136571,58.20126183,3.35,HIP 109492,-,ζ Cephei,8465,210745,Cep
332.7154542,30.55300001,6.32,HIP 109493,-,-,8460,210594,Peg
332.759907,-21.23279695,6.09,HIP 109509,-,119 G. Aqr,8457,210464,Aqr
332.7912233,50.82341511,5.377,HIP 109521,-,-,8463,210715,Lac
332.8774021,59.4144873,5.05,HIP 109556,-,λ Cephei,8469,210839,Cep
332.9638789,16.04055499,5.93,HIP 109577,-,-,8461,210702,Peg
332.9791007,-76.11602189,6.127,HIP 109584,-,-,8432,210056,Oct
333.0083985,60.75909786,5.359,HIP 109592,-,-,8479,210939,Cep
333.0337238,24.95064256,5.923,HIP 109602,-,-,8466,210762,Peg
333.0935378,63.29103495,5.778,HIP 109620,-,-,8483,211029,Cep
333.1073268,-14.19396563,6.043,HIP 109624,-,39 Aqr,8462,210705,Aqr
333.1827852,-4.720678143,6.4,HIP 109647,-,121 G. Aqr,8467,210763,Aqr
333.1992679,34.60459099,5.343,HIP 109654,-,-,8475,210889,Peg
333.2198516,73.30719447,6.082,HIP 109659,-,-,8493,211300,Cep
333.2395153,-26.32779188,6.182,HIP 109667,-,-,8464,210739,PsA
333.2917342,18.27981125,6.488,HIP 109691,-,-,-,210890,Peg
333.2938035,86.10800323,5.258,HIP 109693,-,-,8546,212710,Cep
333.4112439,28.60801648,5.867,HIP 109730,-,-,8482,211006,Peg
333.4351396,-25.18090378,5.584,HIP 109737,-,-,8470,210848,PsA
333.4551677,45.44061161,5.53,HIP 109745,-,-,8487,211096,Lac
333.4570975,63.16233805,6.121,HIP 109746,-,-,8490,211242,Cep
333.469698,39.71492468,4.49,HIP 109754,-,-,8485,211073,Lac
333.5751369,-21.07456717,5.526,HIP 109786,-,* 41 Aqr A,8480,210960A,Aqr
333.5766725,17.18934084,6.49,HIP 109788,-,-,-,211076,Peg
333.5781303,-27.76690635,5.43,HIP 109789,-,λ Piscis Austrini,8478,210934,PsA
333.6610537,-41.38166514,6.23,HIP 109821,-,-,8477,210918,Gru
333.6848389,42.95389967,5.72,HIP 109831,-,-,8489,211211,Lac
333.788,49.83,6.4,-,-,NGC 7243,-,-,Lac
333.8959883,-44.45149797,6.089,HIP 109902,-,-,8484,211053,Gru
333.9038284,-41.34676263,4.798,HIP 109908,-,μ 1 Gruis,8486,211088,Gru
333.9924037,37.74873523,4.15,HIP 109937,-,1 Lac,8498,211388,Lac
333.9992862,8.549573864,6.192,HIP 109939,-,29 G. Peg,8491,211287,Peg
334.1106323,-41.6271817,5.117,HIP 109973,-,μ 2 Gruis,8488,211202,Gru
334.1106797,57.22023814,5.882,HIP 109972,-,-,8506,211554,Cep
334.1235281,27.80402963,6.37,HIP 109977,-,-,8503,211432,Peg
334.1402269,-1.596390088,6.143,HIP 109984,-,128 G. Aqr,8495,211356,Aqr
334.1560991,-25.89816203,6.14,HIP 109990,-,-,8492,211291,PsA
334.2001909,-12.83143288,5.333,HIP 110000,-,42 Aqr,8496,211361,Aqr
334.2084862,-7.783288743,4.16,HIP 110003,Ancha,θ Aquarii,8499,211391,Aqr
334.2190306,-9.040054751,5.791,HIP 110009,-,-,8500,211392,Aqr
334.2493245,-23.14024139,6.177,HIP 110018,-,126 G. Aqr,8497,211364,Aqr
334.2770816,-5.387165456,5.751,HIP 110023,-,44 Aqr,8504,211434,Aqr
334.3680119,49.12695652,6.45,HIP 110055,-,-,-,211660,Lac
334.4608143,-77.5115552,5.472,HIP 110078,-,ψ Octantis,8471,210853,Oct
334.5178005,-0.237654998,6.379,HIP 110091,-,-,8507,211575,Aqr
334.5526994,62.80439004,5.741,HIP 110103,-,25 Cep,8511,211833,Cep
334.5650558,-53.62707411,5.39,HIP 110109,-,-,8501,211415,Gru
334.6254685,-60.25962954,2.82,HIP 110130,Lang-Exster,α Tucanae,8502,211416,Tuc
334.7341937,37.76928676,6.179,HIP 110171,-,-,8510,211797,Lac
334.7530866,-13.30499272,5.959,HIP 110179,-,45 Aqr,8508,211676,Aqr
335.0070026,-80.43974713,5.177,HIP 110256,-,ϵ Octantis,8481,210967,Oct
335.0496524,-7.821101943,5.339,HIP 110273,-,ρ Aquarii,8512,211838,Aqr
335.1148858,5.789502629,5.37,HIP 110298,-,30 Peg,8513,211924,Peg
335.1511407,-57.50978193,6.396,HIP 110311,-,-,8509,211726,Tuc
335.1615407,58.40990474,6.448,HIP 110314,-,-,-,212136,Cep
335.1646663,50.98081448,6.37,HIP 110316,-,-,8519,212071,Lac
335.2324884,8.186742089,6.163,HIP 110341,-,31 G. Peg,8514,211976,Peg
335.2502405,26.93516065,6.48,HIP 110346,-,PT Peg,8517,212047,Peg
335.2564471,46.53656978,4.54,HIP 110351,-,2 Lac,8523,212120,Lac
335.330579,28.33052968,4.81,HIP 110371,-,32 Peg,8522,212097,Peg
335.3794796,12.20518412,4.99,HIP 110386,-,31 Peg,8520,212076,Peg
335.3982006,-21.59823011,5.124,HIP 110391,-,47 Aqr,8516,212010,Aqr
335.4140482,-1.387349194,3.834,HIP 110395,Sadachbia,γ Aquarii,8518,212061,Aqr
335.4619763,42.07816178,6.369,HIP 110408,-,V405 Lac,8528,212222,Lac
335.7095045,36.65904489,6.457,HIP 110487,-,-,-,212334,Lac
335.7507803,57.28461284,6.168,HIP 110497,-,-,8535,212454,Cep
335.752169,62.41935868,6.032,HIP 110498,-,-,8537,212495,Cep
335.7832793,-45.92848835,5.62,HIP 110506,-,π 2 Gruis,8524,212132,Gru
335.878537,-24.76266282,5.527,HIP 110529,-,49 Aqr,8529,212271,Aqr
335.8839583,-7.194412278,5.907,HIP 110532,-,138 G. Aqr,8530,212320,Aqr
335.8900971,52.22904672,4.44,HIP 110538,-,β Lacertae,8538,212496,Lac
336.0286847,-4.837019239,5.779,HIP 110578,-,51 Aqr,8533,212404,Aqr
336.1127496,-13.52936978,5.752,HIP 110602,-,50 Aqr,8534,212430,Aqr
336.1291312,49.47639183,4.58,HIP 110609,-,4 Lac,8541,212593,Lac
336.1536891,-72.2554134,5.29,HIP 110618,-,ν Indi,8515,211998,Ind
336.2348695,-57.79745589,5.31,HIP 110649,-,-,8531,212330,Tuc
336.2941839,-70.43162138,5.768,HIP 110668,-,-,8527,212211,Ind
336.3192625,1.377398458,4.64,HIP 110672,-,π Aquarii,8539,212571,Aqr
336.419581,18.4443122,6.264,HIP 110696,-,-,8543,212670,Peg
336.463146,-75.01568786,6.119,HIP 110712,-,-,8526,212168,Oct
336.5034311,70.77090341,5.469,HIP 110725,-,-,8557,213022,Cep
336.5228108,-48.43854109,6,HIP 110736,-,S Gru,-,212539,Gru
336.5446002,-23.68244645,6.276,HIP 110746,-,144 G. Aqr,8542,212643,Aqr
336.6427934,-16.74158936,6.32,HIP 110778B,-,-,-,-,Aqr
336.6429176,-16.74219468,6.22,HIP 110778A,-,-,8545,212698,Aqr
336.6557108,4.39377933,5.81,HIP 110785,-,34 Peg,8548,212754,Peg
336.6768097,78.78587326,5.84,HIP 110787,-,ρ 1 Cephei,8578,213403,Cep
336.689821,37.443694,6.487,-,-,-,8549,212883A,Lac
336.772127,65.13226676,5.515,HIP 110817,-,26 Cep,8561,213087,Cep
336.8331795,-64.96636021,4.49,HIP 110838,-,δ Tucanae,8540,212581,Tuc
336.8604105,39.8100259,6.16,HIP 110849,-,-,8553,212978,Lac
336.9427287,31.84004619,5.986,HIP 110873,-,-,8555,212988,Peg
336.9646797,4.695667906,4.8,HIP 110882,-,35 Peg,8551,212943,Peg
337.0463558,27.01880531,6.49,HIP 110907,-,-,-,213025,Peg
337.0812055,64.08515502,6.285,HIP 110919,-,-,8568,213242,Cep
337.1569601,-67.48906095,5.564,HIP 110935,-,-,8547,212728,Ind
337.163376,-39.13179064,5.473,HIP 110936,-,ν Gruis,8552,212953,Gru
337.2078601,-0.020544972,4.49,HIP 110960 ,-,* zet01 Aqr,8558,213051,Aqr
337.20787,-0.01996465,4.34,HIP 110960,-,* zet02 Aqr,8559,213052,Aqr
337.2079452,-0.01994285,3.65,HIP 110960,-,ζ 1 Aquarii,8558,213051,Aqr
337.283261,9.129035045,5.574,HIP 110986,-,36 Peg,8562,213119,Peg
337.2885279,58.40409645,6.3,HIP 110988,-,δ Cep C,-,213307,Cep
337.2926136,26.76319797,5.778,HIP 110992,-,-,8564,213179,Peg
337.2927611,58.41519378,3.75,HIP 110991,-,δ Cephei,8571,213306,Cep
337.3173915,-43.4955616,3.97,HIP 110997,-,δ 1 Gruis,8556,213009,Gru
337.3826173,47.7069059,4.37,HIP 111022,-,5 Lac,8572,213310,Lac
337.4393048,-43.74921888,4.11,HIP 111043,-,δ 2 Gruis,8560,213080,Gru
337.4418931,-27.10726174,5.95,HIP 111045,-,-,8563,213135,PsA
337.4707415,78.82428668,5.46,HIP 111056,-,ρ 2 Cephei,8591,213798,Cep
337.4913825,4.431693678,5.7,HIP 111062,-,* 37 Peg A,8566,213235A,Peg
337.5061804,-12.91511821,6.4,HIP 111066,-,152 G. Aqr,8565,213198,Aqr
337.5075602,32.57263848,5.65,HIP 111068,-,38 Peg,8574,213323,Peg
337.5270985,49.35641243,6.42,HIP 111072,-,V350 Lac,8575,213389,Lac
337.5722959,-14.58573259,6.347,HIP 111086,-,56 Aqr,8567,213236,Aqr
337.6219196,43.12337646,4.511,HIP 111104,-,6 Lac,8579,213420,Lac
337.6617558,-10.67791806,4.81,HIP 111123,-,σ Aquarii,8573,213320,Aqr
337.7240546,-26.07375114,6.43,HIP 111138,-,ζ Piscis Austrini,8570,213296,PsA
337.8229226,50.28249164,3.77,HIP 111169,Stellio,α Lacertae,8585,213558,Lac
337.8263678,-6.555296914,6.16,HIP 111170,-,-,8581,213429,Aqr
337.8267423,-2.911265073,6.139,HIP 111171,-,155 G. Aqr,8580,213428,Aqr
337.8763772,-32.3460753,4.29,HIP 111188,-,β Piscis Austrini,8576,213398,PsA
337.8931308,29.54275986,6.33,HIP 111191,-,GX Peg,8584,213534,Peg
337.9063132,-85.9672529,5.752,HIP 111196,-,υ Octantis,8505,211539,Oct
337.922153,-10.90550411,6.381,HIP 111200,-,58 Aqr,8583,213464,Aqr
338.0676027,76.22644103,5.7,HIP 111242,-,-,8599,214035,Cep
338.0780103,54.0370313,6.37,HIP 111247,-,-,8589,213720,Lac
338.1099037,39.77973175,5.88,HIP 111259,-,-,8588,213660,Lac
338.1954525,15.86326455,6.33,HIP 111296,-,-,8587,213644,Peg
338.2502571,-61.98212182,4.81,HIP 111310,-,ν Tucanae,8582,213442,Tuc
338.2622158,69.91352299,6.24,-,-,-,8595,213973A,Cep
338.3201227,70.37371487,6.32,HIP 111325,-,-,8598,214019,Cep
338.4193726,56.62473764,5.72,HIP 111362,-,-,8594,213930,Lac
338.5121404,-1.574267223,5.875,HIP 111394,-,60 Aqr,8590,213789,Aqr
338.6734824,-20.70821581,5.203,HIP 111449,-,υ Aquarii,8592,213845,Aqr
338.839089,-0.117497407,4.03,HIP 111497,-,η Aquarii,8597,213998,Aqr
338.8605136,-78.77158469,6.139,HIP 111504,-,-,8577,213402,Oct
338.9015657,-23.99109413,5.964,HIP 111515,-,162 G. Aqr,8596,213986,Aqr
338.9533394,-17.46042871,6.37,HIP 111539,-,61 Aqr,-,214028,Aqr
338.9666421,56.07057473,6.373,HIP 111543,-,-,8607,214279,Lac
338.9670794,39.62814993,5.67,HIP 111544,-,-,-,214168,Lac
338.9678448,39.63432966,5.69,HIP 111546,-,8 Lac A,8603,214167,Lac
338.9705462,-57.88375116,6.224,HIP 111548,-,-,8593,213884,Tuc
338.9724271,50.07078813,6.275,HIP 111550,-,-,8606,214240,Lac
339.0329221,35.57750182,6.105,HIP 111567,-,-,8604,214200,Peg
339.1220928,-40.58270467,6.276,HIP 111594,-,σ 1 Gruis,8600,214085,Gru
339.1476672,-31.6637908,5.808,HIP 111600,-,-,8601,214122,PsA
339.1513742,11.69663609,6.419,HIP 111601,-,-,8605,214203,Peg
339.2028276,35.65241931,6.275,HIP 111627,-,-,8609,214313,Lac
339.2452223,-40.59103503,5.874,HIP 111643,-,σ 2 Gruis,8602,214150,Gru
339.2702034,12.57681698,6.28,HIP 111649,-,-,8608,214298,Peg
339.3040226,75.37181128,5.777,HIP 111660,-,-,8625,214710,Cep
339.343408,51.54512102,4.63,HIP 111674,-,9 Lac,8613,214454,Lac
339.4390856,-4.228054801,5.03,HIP 111710,Situla,κ Aquarii,8610,214376,Aqr
339.5724867,45.18293251,6.37,HIP 111753,-,-,8617,214558,Lac
339.5922745,-7.897558296,6.244,HIP 111761,-,-,8612,214448,Aqr
339.6580138,56.79563274,5.167,HIP 111795,-,V416 Lac,8621,214665,Lac
339.6627157,63.58447137,5.188,HIP 111797,-,30 Cep,8627,214734,Cep
339.6861316,-28.74821399,6.457,HIP 111801,-,-,8614,214462,PsA
339.7144444,-33.08134633,5.66,HIP 111809,-,VZ PsA,8616,214484,PsA
339.7191408,19.52225107,5.82,HIP 111810,-,40 Peg,8618,214567,Peg
339.8153277,39.05026976,4.88,HIP 111841,-,10 Lac,8622,214680,Lac
339.8930546,37.59281703,6.023,HIP 111869,-,-,8626,214714,Lac
339.9341028,-28.32565964,6.314,HIP 111879,-,-,8619,214599,PsA
339.9458797,19.68112613,6.324,HIP 111884,-,41 Peg,8624,214698,Peg
340.0766958,53.84592669,5.92,HIP 111925,-,-,8633,214878,Lac
340.0929383,-30.65886978,5.89,HIP 111934,-,-,8623,214690,PsA
340.128577,44.27630746,4.46,HIP 111944,-,11 Lac,8632,214868,Lac
340.1639511,-27.04361529,4.177,HIP 111954,-,ϵ Piscis Austrini,8628,214748,PsA
340.199857,-3.554270592,6.46,-,-,-,8629,214810A,Aqr
340.1998867,-3.554308379,6.31,HIP 111965,-,-,8629,214810,Aqr
340.2038212,-57.42231912,5.967,HIP 111967,-,-,8620,214632,Tuc
340.219521,14.549192,6.05,HIP 111974,-,-,8631,214850A,Peg
340.365503,10.83136331,3.41,HIP 112029,Homam,ζ Pegasi,8634,214923,Peg
340.3693729,40.22544715,5.229,HIP 112031,-,12 Lac,8640,214993,Lac
340.3804501,30.96586271,6.36,HIP 112032,-,-,8638,214979,Peg
340.439184,29.30767528,4.79,HIP 112051,-,ο Pegasi,8641,214994,Peg
340.4893994,14.51639399,5.921,HIP 112067,-,-,8642,214995,Peg
340.5867041,53.90874786,6.106,HIP 112098,-,-,8648,215159,Lac
340.5920293,-29.36104813,6.168,HIP 112102,-,19 PsA,8637,214966,PsA
340.6536806,-47.21081271,6.06,HIP 112117,-,-,8635,214953,Gru
340.6668761,-46.88457644,2.11,HIP 112122,Tiaki,β Gruis,8636,214952,Gru
340.679507,-44.24802288,6.067,HIP 112127,-,-,8639,214987,Gru
340.7310279,37.80273339,6.421,HIP 112144,-,-,8651,215191,Lac
340.73117,37.80281,6.435,-,-,[AKS95] 151,-,-,Lac
340.7505369,30.22121471,2.95,HIP 112158,Matar,η Pegasi,8650,215182,Peg
340.764223,-8.31144066,6.45,HIP 112168,-,-,8645,215114,Aqr
340.8094302,-6.96293733,6.405,HIP 112179,-,67 Aqr,8647,215143,Aqr
340.8749011,-41.41434553,4.835,HIP 112203,-,ρ Gruis,8644,215104,Gru
340.8968052,-18.83037508,4.69,HIP 112211,-,66 Aqr,8649,215167,Aqr
341.0217365,39.46534794,5.99,HIP 112241,-,-,8654,215359,Lac
341.022828,41.81923481,5.08,HIP 112242,-,13 Lac,8656,215373,Lac
341.0686633,-60.49961716,6.298,HIP 112259,-,-,8646,215121,Tuc
341.204658,52.51720988,6.41,HIP 112300,-,-,8661,215518,Lac
341.2207496,39.20102551,6.441,HIP 112305,-,-,-,215473,Lac
341.3673995,19.36655693,6.269,HIP 112358,-,45 Peg,8660,215510,Peg
341.4078414,-53.50011987,4.846,HIP 112374,-,η Gruis,8655,215369,Gru
341.4199357,-46.54732419,5.51,HIP 112381,-,-,8657,215405,Gru
341.5146291,-81.38161444,4.128,HIP 112405,-,β Octantis,8630,214846,Oct
341.5425922,44.5460548,5.84,HIP 112417,-,-,8666,215664,Lac
341.6178872,-49.68578952,6.48,HIP 112432,-,-,8659,215504,Gru
341.6328246,23.5656561,3.93,HIP 112440,-,λ Pegasi,8667,215665,Peg
341.6732494,12.17288579,4.2,HIP 112447,-,ξ Pegasi,8665,215648,Peg
341.8298406,-34.16172015,6.296,HIP 112501,-,-,8668,215669,PsA
341.8468239,58.48302947,6.36,HIP 112508,-,-,8677,215907,Cep
341.8711215,83.15382875,4.78,HIP 112519,-,-,8702,216446,Cep
341.8880143,-19.61337475,5.26,HIP 112529,-,68 Aqr,8670,215721,Aqr
341.8985944,-65.56025204,6.49,HIP 112533,-,-,-,215562,Tuc
341.9282061,-14.05642814,5.681,HIP 112542,-,τ 1 Aquarii,8673,215766,Aqr
341.9841797,-25.9120348,6.309,HIP 112567,-,-,8674,215782,PsA
342.0459788,37.41669004,5.809,HIP 112590,-,-,8678,215943,Lac
342.0891039,-61.68436444,6.365,HIP 112603,-,-,8669,215682,Tuc
342.1258761,-10.55547716,6.18,HIP 112615,-,70 Aqr,8676,215874,Aqr
342.1387419,-51.31686481,3.466,HIP 112623,-,ϵ Gruis,8675,215789,Gru
342.1844,62.93841289,6.063,HIP 112635,-,-,8683,216102,Cep
342.1995689,54.41489234,6.124,HIP 112641,-,-,8682,216057,Lac
342.230323,-63.71840378,6.5,HIP 112655,-,-,-,215769,Tuc
342.3227939,-70.34798446,6.333,HIP 112694,-,-,8672,215729,Ind
342.3979208,-13.59262854,3.98,HIP 112716,-,τ 2 Aquarii,8679,216032,Aqr
342.4200729,66.20040505,3.54,HIP 112724,-,ι Cephei,8694,216228,Cep
342.4429782,55.9027767,5.439,HIP 112731,-,-,8688,216174,Lac
342.496762,-32.80546758,6.332,HIP 112746,-,-,8680,216042,PsA
342.5008045,24.60158128,3.48,HIP 112748,Sadalbari,μ Pegasi,8684,216131,Peg
342.5420578,50.67691907,6.23,HIP 112761,-,-,8692,216206,Lac
342.590744,41.95339483,5.91,HIP 112778,-,14 Lac,8690,216200,Lac
342.5950579,-80.12384496,5.311,HIP 112781,-,ξ Octantis,8663,215573,Oct
342.6630306,19.14120556,6.49,HIP 112803,-,-,8691,216201,Peg
342.7589957,-39.15683573,5.4,HIP 112832,-,-,8685,216149,Gru
342.7627613,85.37373481,5.891,HIP 112833,-,-,8736,217157,Cep
342.8372436,-29.53630658,5.987,HIP 112862,-,21 PsA,8693,216210,PsA
342.8442884,61.69674148,5.931,-,-,-,8696,216380A,Cep
342.9373101,-59.88138153,6.454,HIP 112895,-,-,8686,216169,Tuc
343.0084744,43.31241718,4.938,HIP 112917,-,15 Lac,8699,216397,Lac
343.0417237,-63.18866797,6.21,HIP 112924,-,-,8689,216187,Tuc
343.1300712,-32.8757588,5.023,HIP 112948,-,* gam PsA B,8695,216336,PsA
343.1313757,-32.87546049,4.51,HIP 112948,-,γ Piscis Austrini,8695,216336,PsA
343.1536419,-7.579596924,3.79,HIP 112961,Shatabhisha,λ Aquarii,8698,216386,Aqr
343.217704,50.41228515,6.463,HIP 112986,-,-,8705,216523,Lac
343.2594433,16.8411946,5.89,HIP 112997,-,IM Peg,8703,216489,Peg
343.2657688,60.10103099,5.984,HIP 112998,-,-,8707,216595,Cep
343.2974018,40.16736135,6.32,HIP 113009,-,V377 Lac,8706,216538,Lac
343.3696038,-11.61651476,5.78,HIP 113031,-,74 Aqr,8704,216494,Aqr
343.4080515,-48.59828442,6.04,HIP 113044,-,τ 1 Gruis,8700,216435,Gru
343.4173176,44.74916024,5.94,-,-,-,8708,216608A,Lac
343.5235305,-19.17514899,6.38,HIP 113080,-,189 G. Aqr,-,216553,Aqr
343.5290949,40.37687034,5.805,HIP 113084,-,-,8712,216646,Lac
343.6040448,84.34617534,4.684,HIP 113116,-,-,8748,217382,Cep
343.6421741,-7.204624732,6.181,HIP 113127,-,78 Aqr,8710,216637,Aqr
343.6484467,16.94183501,6.36,HIP 113131,-,-,8714,216672,Peg
343.6625261,-15.82081957,3.28,HIP 113136,Skat,δ Aquarii,8709,216627,Aqr
343.6645081,-70.07370891,6.05,HIP 113137,-,ρ Indi,8701,216437,Ind
343.6894579,-16.27195728,5.56,HIP 113148,-,77 Aqr,8711,216640,Aqr
343.7478558,1.064902669,6.11,HIP 113167,-,1 Psc,8715,216701,Psc
343.7610304,37.07682836,5.901,HIP 113174,-,-,8718,216756,Lac
343.7956703,-4.987897972,5.92,-,-,-,8716,216718A,Aqr
343.7956735,-4.987902539,5.757,HIP 113184,-,-,8716,216718,Aqr
343.8069537,8.81618146,4.9,HIP 113186,-,ρ Pegasi,8717,216735,Peg
343.8121052,-36.38857572,6.407,HIP 113189,-,-,8713,216666,Gru
343.8774877,-20.13942098,6.35,HIP 113204,-,196 G. Aqr,-,216727,Aqr
343.9354497,36.35139584,5.725,HIP 113222,-,-,8723,216831,Lac
343.9647137,-31.63323432,6.067,HIP 113234,-,-,8719,216761,PsA
343.9870841,-32.53962394,4.208,HIP 113246,-,δ Piscis Austrini,8720,216763,PsA
344.098458,41.60387458,5.587,HIP 113281,-,16 Lac,8725,216916,Lac
344.100219,-31.56556405,6.48,HIP 113283,-,TW PsA,8721,216803,PsA
344.1083266,49.73354408,4.94,HIP 113288,Tengshe,V424 Lac,8726,216946,Lac
344.1991679,-47.9692204,5.714,HIP 113307,-,τ 3 Gruis,8722,216823,Gru
344.2687586,48.68406823,5.43,HIP 113327,-,EW Lac,8731,217050,Lac
344.3216432,-4.810094613,6.313,HIP 113345,-,197 G. Aqr,8727,216953,Aqr
344.3665854,20.76883251,5.46,HIP 113357,Helvetios,-,8729,217014,Peg
344.3866847,3.81024214,6.282,HIP 113360,-,5 G. Psc,8730,217019,Psc
344.4126927,-29.62223703,1.16,HIP 113368,Fomalhaut,α Piscis Austrini,8728,216956,PsA
344.4197409,39.30877579,6.18,HIP 113371,-,-,8733,217101,Lac
344.5647537,-2.395384232,6.163,HIP 113421,-,-,8734,217107,Psc
344.5985867,-1.41020702,6.374,HIP 113433,-,7 G. Psc,8735,217131,Psc
344.6458617,-35.52322903,6.144,HIP 113447,-,-,8732,217096,PsA
344.6461688,9.356854712,6.44,HIP 113445,-,41 G. Peg,8737,217166,Peg
344.6776037,7.340079426,6.34,HIP 113465,-,8 G. Psc,8738,217186,Psc
344.7875198,59.8146522,6.45,HIP 113498,-,-,8745,217348,Cep
344.7930869,52.65453067,6.293,HIP 113501,-,-,8744,217314,And
344.799241,11.7288421,6.08,HIP 113503,-,* 52 Peg A,8739,217232,Peg
344.8643906,0.962924507,5.426,HIP 113521,-,2 Psc,8742,217264,Psc
344.8986346,-13.07089735,6.1,HIP 113531,-,198 G. Aqr,8741,217251,Aqr
344.8989908,-29.46231185,5.503,HIP 113532,-,WX PsA,8740,217236,PsA
345.0212551,56.94537524,5.13,HIP 113561,-,V509 Cas,8752,217476,Cas
345.0241219,-25.16417995,5.656,HIP 113562,-,-,8743,217303,PsA
345.1026679,-25.62684765,6.296,HIP 113593,-,-,8746,217358,PsA
345.1433053,45.37480592,6.49,HIP 113603,-,-,8755,217491,And
345.1579458,0.185863813,6.224,HIP 113610,-,3 Psc,8750,217428,Psc
345.1787515,3.011804134,5.848,HIP 113622,-,11 G. Psc,8751,217459,Psc
345.2200315,-52.75411086,4.115,HIP 113638,-,ζ Gruis,8747,217364,Gru
345.281577,-50.95002841,5.672,HIP 113657,-,-,8749,217403,Gru
345.3307727,-28.85396125,5.542,HIP 113669,-,-,8754,217484,PsA
345.3460192,-22.79089405,6.28,HIP 113673,-,200 G. Aqr,8756,217498,Aqr
345.3485065,-7.0611535,6.215,HIP 113674,-,81 Aqr,8757,217531,Aqr
345.3779769,57.10546041,6.207,HIP 113684,-,-,8761,217673,Cas
345.3821214,-4.711459314,5.933,HIP 113686,-,202 G. Aqr,8759,217563,Aqr
345.431586,3.530909858,6.45,HIP 113705,-,13 G. Psc,-,217590,Psc
345.4802708,42.32601552,3.62,HIP 113726,Alfarasalkamil,ο Andromedae,8762,217675,And
345.521504,39.2361985,5.22,HIP 116076,Veritate,14 And,8930,221345,And
345.5471864,44.57285906,6.43,HIP 113750,-,-,-,217731,And
345.6356528,-6.57401156,6.2,HIP 113781,-,82 Aqr,8763,217701,Aqr
345.6515956,42.75779314,5.18,HIP 113788,-,* 2 And A,8766,217782,And
345.655808,77.6323642,3.21,HIP 116727,Errai,γ Cephei,8974,222404,Cep
345.6843771,-20.87071175,5.976,HIP 113801,-,205 G. Aqr,8764,217703,Aqr
345.6881161,44.05874957,6.42,HIP 113802,-,LN And,8768,217811,And
345.8391015,58.56386498,6.428,HIP 113852,-,-,8778,217944,Cas
345.8742311,-34.74941542,5.124,HIP 113860,-,π Piscis Austrini,8767,217792,PsA
345.8870104,67.20921066,5.23,HIP 113864,-,-,8779,218029,Cep
345.9435728,28.08278712,2.42,HIP 113881,Scheat,β Pegasi,8775,217906,Peg
345.9692217,3.82004564,4.52,HIP 113889,Fumalsamakah,β Piscium,8773,217891,Psc
345.9984953,-41.47889468,5.796,HIP 113902,-,-,8771,217842,Gru
346.0032479,6.616340803,6.417,HIP 113904,-,15 G. Psc,8776,217926,Psc
346.1651153,-53.96490215,5.363,HIP 113957,-,κ Gruis,8774,217902,Gru
346.1902227,15.20526715,2.48,HIP 113963,Markab,α Pegasi,8781,218045,Peg
346.2175839,-68.8202257,5.514,HIP 113969,-,-,8769,217831,Ind
346.2907785,-7.69380148,5.47,HIP 113996,-,83 Aqr,8782,218060,Aqr
346.3035566,-17.07924434,6.143,HIP 113998,-,-,8783,218061,Aqr
346.3234711,1.307126817,6.388,HIP 114005,-,16 G. Psc,8785,218103,Psc
346.6534074,59.41975982,4.84,HIP 114104,-,1 Cas,8797,218376,Cas
346.6701988,-23.74299002,4.47,HIP 114119,-,86 Aqr,8789,218240,Aqr
346.7197061,-43.52035585,4.4,HIP 114131,-,* tet Gru A,8787,218227A,Gru
346.7197103,-43.52035715,4.332,HIP 114131,-,θ Gruis,8787,218227,Gru
346.723437,-38.89229097,5.7,HIP 114132,-,* ups Gru A,8790,218242,Gru
346.7510864,9.409492729,4.52,HIP 114144,-,55 Peg,8795,218329,Peg
346.7709694,35.63649227,6.379,HIP 114152,-,-,-,218365,And
346.7780912,25.46827052,4.74,HIP 114155,-,56 Peg,8796,218356,Peg
346.7893352,-49.60613322,6.31,HIP 114159,-,-,8791,218255,Gru
346.7918956,52.81660019,6.12,HIP 114162,-,-,8801,218416,And
346.7935508,59.72739377,6.419,HIP 114163,-,-,8803,218440,Cas
346.8115598,-50.68668489,6.24,HIP 114167,-,-,8793,218268,Gru
346.8655152,32.82534366,6.34,HIP 114187,-,V343 Peg,8798,218395,Peg
346.8696488,21.13425299,5.953,HIP 114189,-,-,8799,218396,Peg
346.9136133,46.38723061,5.294,HIP 114200,-,4 And,8804,218452,And
346.9489442,63.63346487,6.26,HIP 114212,-,-,8808,218537,Cep
346.9743907,75.38749863,4.41,HIP 114222,-,π Cephei,8819,218658,Cep
346.9744639,75.38751086,4.61,HIP 114222,-,* pi. Cep A,8819,218658,Cep
346.9883551,64.22252286,6.212,HIP 114227,-,-,8811,218560,Cep
347.0877446,-28.82370084,5.6,HIP 114254,-,-,8802,218434,Scl
347.0993352,-79.48068745,6.108,HIP 114258,-,-,8786,218108,Oct
347.1483159,-73.58611821,6.15,HIP 114268,-,-,8794,218288,Ind
347.1704564,2.12787662,5.43,HIP 114273,-,5 Psc,8807,218527,Psc
347.3616502,-21.17241521,3.64,HIP 114341,Safina,88 Aqr,8812,218594,Aqr
347.3810724,8.677156565,5.14,HIP 114347,-,57 Peg,8815,218634,Peg
347.4339121,59.33269085,5.679,HIP 114365,-,2 Cas,8822,218753,Cas
347.4359598,-28.08856941,5.868,HIP 114366,-,-,8813,218619,Scl
347.4363799,-67.8762833,6.45,HIP 114367,-,-,-,218497,Ind
347.4564574,-14.51055519,6.43,HIP 114371,-,213 G. Aqr,8816,218639,Aqr
347.4787063,-22.45760691,4.8,HIP 114375,-,89 Aqr,8817,218640,Aqr
347.4889458,-42.86124189,5.83,HIP 114382,-,-,8814,218630,Gru
347.5060876,9.822082456,5.386,HIP 114389,-,58 Peg,8821,218700,Peg
347.5405642,-40.59154645,5.97,HIP 114407,-,DL Gru,8818,218655,Gru
347.5513983,-66.85764429,6.47,HIP 114408,-,-,8809,218558,Ind
347.5897011,-45.24670947,3.877,HIP 114421,-,ι Gruis,8820,218670,Gru
347.6776545,17.59437306,5.661,HIP 114449,-,-,8824,218792,Peg
347.9341259,8.720116251,5.154,HIP 114520,-,59 Peg,8826,218918,Peg
348.0522213,-80.91269717,6.41,HIP 114550,-,-,8810,218559,Oct
348.1375146,49.4062072,4.52,HIP 114570,Honores,7 And,8830,219080,And
348.2666082,29.44152622,6.331,HIP 114607,-,-,8831,219110,Peg
348.320729,57.16835662,5.57,HIP 114622,-,-,8832,219134,Cas
348.360435,11.0650043,5.852,HIP 114641,-,-,8833,219139,Peg
348.4973346,19.63390236,6.47,HIP 114686,-,-,-,219196,Peg
348.5274488,-62.70000224,6.12,HIP 114699,-,-,8829,219077,Tuc
348.5599245,50.61789491,6.31,HIP 114714,-,-,8837,219290,And
348.5806593,-6.049006425,4.22,HIP 114724,-,ϕ Aquarii,8834,219215,Aqr
348.5904865,29.77183092,6.395,HIP 114725,-,-,8838,219291,Peg
348.6520479,24.10289661,6.34,HIP 114742,-,-,8839,219310,Peg
348.6546045,74.23127155,5.89,HIP 114745,-,-,8844,219485,Cep
348.6673861,-10.68871969,6.12,HIP 114750,-,-,8836,219279,Aqr
348.7442495,-41.10539456,5.768,HIP 114775,-,-,8835,219263,Gru
348.8927393,-3.496378408,5.55,HIP 114822,-,217 G. Aqr,8840,219402,Aqr
348.9072471,70.88808179,5.55,HIP 114831,-,V388 Cep,8851,219586,Cep
348.9428786,28.2478976,6.5,HIP 114844,-,-,8842,219477,Peg
348.9728919,-9.087734712,4.25,HIP 114855,-,ψ 1 Aquarii,8841,219449,Aqr
349.1657956,-44.48916359,5.918,HIP 114921,-,-,8846,219507,Gru
349.2076246,-41.19439369,6.48,HIP 114937,-,-,8847,219531,Gru
349.2122461,-7.726499334,5.06,HIP 114939,-,χ Aquarii,8850,219576,Aqr
349.2403645,-62.0011978,5.647,HIP 114948,-,-,8843,219482,Tuc
349.2864874,-28.43827543,6.25,HIP 114969,-,-,-,219580,Scl
349.2914046,3.282290469,3.7,HIP 114971,-,γ Piscium,8852,219615,Psc
349.3194733,45.16416672,6.455,HIP 114981,-,-,8857,219668,And
349.3287427,75.29902627,6.34,HIP 114984,-,-,8867,219841,Cep
349.3573185,-58.23570138,3.98,HIP 114996,-,γ Tucanae,8848,219571,Tuc
349.4170178,-11.71294309,6.327,HIP 115015,-,-,8856,219659,Aqr
349.4360303,49.01530081,4.86,HIP 115022,-,8 And,8860,219734,And
349.4758905,-9.182518757,4.4,HIP 115033,-,ψ 2 Aquarii,8858,219688,Aqr
349.4833814,45.48892204,6.479,HIP 115036,-,ET And,8861,219749,And
349.5411835,-40.82436196,5.537,HIP 115054,-,ϕ Gruis,8859,219693,Gru
349.5834303,-67.47117751,6.13,HIP 115062,-,-,8855,219644,Ind
349.597176,41.77366785,5.97,HIP 115065,-,AN And,8864,219815,And
349.6562189,68.11144364,4.87,HIP 115088,-,* omi Cep A,8872,219916,Cep
349.70599,-32.53202192,4.406,HIP 115102,-,γ Sculptoris,8863,219784,Scl
349.7403194,-9.610748713,5.003,HIP 115115,-,ψ 3 Aquarii,8865,219832,Aqr
349.7637143,-28.38784185,6.49,HIP 115121,-,-,-,219823,Scl
349.7779967,-13.45884055,5.18,HIP 115126,-,94 Aqr A,8866,219834,Aqr
349.7860393,-79.47238168,6.331,HIP 115129,-,-,8849,219572,Oct
349.850444,-18.07537383,5.94,HIP 115144,-,225 G. Aqr,8869,219879,Aqr
349.8642246,34.79318249,6.315,HIP 115148,-,-,8873,219927,Peg
349.8741989,48.62532308,5.44,HIP 115152,-,11 And,8874,219945,And
349.9297848,-33.70805237,6.349,HIP 115178,-,-,8871,219912,Scl
349.9684391,42.0780699,5.789,HIP 115191,-,10 And,8876,219981,And
350.0599148,61.97012798,6.4,HIP 115218,-,-,8881,220074,Cas
350.0857627,5.381307885,5.069,HIP 115227,-,7 Psc,8878,220009,Psc
350.1438991,62.21326427,6.36,HIP 115245,-,-,8886,220130,Cas
350.1593593,23.74035506,4.58,HIP 115250,Salm,τ Pegasi,8880,220061,Peg
350.1703621,-5.9079695,6.172,HIP 115257,-,-,8879,220035,Aqr
350.1837435,44.11616659,6.24,HIP 115261,-,-,8884,220105,And
350.2064933,30.41492463,5.557,HIP 115271,-,63 Peg,8882,220088,Peg
350.2090662,-50.3065537,6.101,HIP 115272A,-,-,-,220003A,Gru
350.2219317,38.18232419,5.765,HIP 115280,-,12 And,8885,220117,And
350.314579,-26.98676818,5.656,HIP 115312,-,-,8883,220096,Scl
350.478898,31.81246549,5.348,HIP 115355,-,64 Peg,8887,220222,Peg
350.6190782,25.91848404,6.354,HIP 115389,-,-,-,220288,Peg
350.6355531,60.13348671,5.513,HIP 115395,-,-,8894,220369,Cas
350.663213,-15.03934014,5.22,HIP 115404,-,97 Aqr,8890,220278,Aqr
350.6688002,20.82871443,6.267,HIP 115407,-,65 Peg,8891,220318,Peg
350.7365537,-60.05584027,6.114,HIP 115433,-,DR Tuc,8889,220263,Tuc
350.7426076,-20.10058209,3.98,HIP 115438,-,98 Aqr,8892,220321,Aqr
350.7690325,12.3139101,5.081,HIP 115444,-,66 Peg,8893,220363,Peg
350.8831051,0.291327749,6.34,HIP 115476,-,24 G. Psc,8897,220406,Psc
350.9392635,-43.12442681,6.104,HIP 115496,-,-,8896,220401,Gru
350.9771722,-53.80873986,6.108,HIP 115510,-,-,8895,220392,Gru
351.0165807,-21.77441177,6.475,HIP 115522,-,233 G. Aqr,-,220466,Aqr
351.0327202,-18.6879972,6.186,HIP 115528,-,234 G. Aqr,8900,220465,Aqr
351.0369537,41.61287755,6.41,HIP 115530,-,V385 And,-,220524,And
351.0552532,-51.89117334,5.731,HIP 115537,-,-,8898,220440,Gru
351.2094267,62.28281016,4.955,HIP 115590,-,4 Cas,8904,220652,Cas
351.2118021,32.38488066,5.548,HIP 115591,-,67 Peg,8903,220599,Peg
351.3311032,-56.84898376,5.597,HIP 115620,-,-,8901,220572,Tuc
351.3449286,23.40410081,4.4,HIP 115623,Alkarab,υ Pegasi,8905,220657,Peg
351.5116078,-20.64201799,4.39,HIP 115669,-,99 Aqr,8906,220704,Aqr
351.6478056,-21.74083674,6.44,HIP 115709,-,236 G. Aqr,-,220766,Aqr
351.6523375,-52.72157764,5.522,HIP 115713,-,ο Gruis,8907,220729,Gru
351.7331495,1.255604976,4.94,HIP 115738,-,κ Piscium,8911,220825,Psc
351.7538776,87.30751146,5.56,HIP 115746,-,-,8938,221525,Cep
351.7808338,42.91200991,5.736,HIP 115755,-,V388 And,8913,220885,And
351.7809305,-66.58089784,6.457,HIP 115756,-,-,8908,220759,Tuc
351.7879546,-50.15724411,6.199,HIP 115759,-,-,8910,220802,Phe
351.8116375,1.122607042,6.25,HIP 115768,-,9 Psc,8912,220858,Psc
351.8124697,-58.47610857,5.636,HIP 115769,-,-,8909,220790,Tuc
351.8192892,70.35978253,5.6,HIP 115770,-,-,8918,220974,Cep
351.9182764,25.1672793,5.979,HIP 115806,-,69 Peg,8915,220933,Peg
351.9920611,6.378992306,4.3,HIP 115830,-,θ Piscium,8916,220954,Psc
352.0028887,-35.54448175,6.335,HIP 115833,-,-,8914,220929,Scl
352.015773,-87.48221294,5.49,HIP 115836,-,τ Octantis,8862,219765,Oct
352.0216466,-11.44975543,6.375,HIP 115839,-,237 G. Aqr,8917,220957,Aqr
352.2527615,-9.266097965,6.191,HIP 115906,-,238 G. Aqr,8921,221081,Aqr
352.2534443,-44.49806825,6.432,HIP 115907,-,-,8920,221051,Phe
352.2540898,-63.11065544,5.68,HIP 115908,-,-,8919,221006,Tuc
352.2736537,23.04808286,6.44,HIP 115915,-,-,8922,221113,Peg
352.2887468,12.76054988,4.56,HIP 115919,-,70 Peg,8923,221115,Peg
352.3624455,-1.791213968,6.34,HIP 115945,-,30 G. Psc,-,221147,Psc
352.3836741,-4.532748021,6.25,HIP 115953,-,-,8924,221148,Aqr
352.422,49.17,5.6,-,-,NGC 7686,-,-,And
352.508086,58.54892005,4.886,HIP 115990,-,AR Cas,8926,221253,Cas
352.5308899,49.13314507,6.152,HIP 115996,-,-,8925,221246,And
352.6648376,38.66225371,6.059,HIP 116030,-,-,8927,221293,And
352.7547586,-6.288079365,6.391,HIP 116060,-,240 G. Aqr,8928,221308,Aqr
352.8623393,-44.84358144,6.02,HIP 116097,-,-,8929,221323,Phe
352.8812616,-4.087402929,6.49,HIP 116106,-,-,8931,221356,Aqr
352.9251576,-21.36946231,6.239,HIP 116118,-,100 Aqr,8932,221357,Aqr
352.9292907,28.40348753,6.388,HIP 116119,-,V354 Peg,8933,221394,Peg
352.9898617,-1.08589569,6.384,HIP 116146,-,13 Psc,8934,221409,Psc
353.1209587,23.84361239,6.4,HIP 116187,-,-,-,221493,Peg
353.2427529,-37.81828488,4.37,HIP 116231,-,β Sculptoris,8937,221507,Scl
353.319259,-20.91449504,4.758,HIP 116247,-,101 Aqr,8939,221565,Aqr
353.3315788,-77.38533182,5.806,HIP 116250,-,-,8935,221420,Oct
353.367054,22.49878071,5.42,HIP 116264,-,71 Peg,8940,221615,Peg
353.4291071,45.05809555,6.246,HIP 116292,-,-,8941,221661,And
353.481212,20.84093268,6.111,HIP 116307,-,-,8942,221662,Peg
353.4882784,31.32527864,5.51,HIP 116310,-,* 72 Peg A,8943,221673,Peg
353.488283,31.32527939,5.008,HIP 116310,-,72 Peg,8943,221673,Peg
353.4884462,31.32528724,5.95,HIP 116310,-,* 72 Peg B,8943,221673,Peg
353.5375622,-1.247561303,5.87,HIP 116323,-,14 Psc,8944,221675,Psc
353.6564035,40.23643963,5.563,HIP 116354,-,V340 And,8947,221756,And
353.659178,33.49732829,5.621,HIP 116355,-,73 Peg,8948,221758,Peg
353.6947585,38.02400134,6.173,HIP 116365,-,-,8950,221776,And
353.7056647,-15.2460023,5.944,HIP 116368,-,246 G. Aqr,8946,221745,Aqr
353.7460116,71.64204417,5.84,HIP 116380,-,-,8952,221861,Cep
353.7690015,-42.6151398,4.71,HIP 116389,-,ι Phoenicis,8949,221760,Phe
353.8690767,1.313137529,6.463,HIP 116422,-,15 Psc,-,221833,Psc
353.883633,-7.464429885,6.407,HIP 116428,-,248 G. Aqr,8951,221835,Aqr
353.9830923,24.56101424,6.47,HIP 116465,-,-,8953,221905,Peg
354.0970193,2.10222164,5.68,HIP 116495,-,16 Psc,8954,221950,Psc
354.1271371,32.90421305,6.335,HIP 116505,-,-,8955,221970,And
354.3835093,44.42901365,6.09,-,-,-,8962,222109A,And
354.3910116,46.45815131,3.82,HIP 116584,Udkadua,λ Andromedae,8961,222107,And
354.4148333,-13.06024123,5.654,HIP 116591,-,-,8958,222093,Aqr
354.4155967,16.82549815,6.249,HIP 116592,-,74 Peg,8960,222098,Peg
354.4624768,-45.49235208,4.74,HIP 116602,-,-,8959,222095,Phe
354.4866762,18.40066614,5.482,HIP 116611,-,75 Peg,8963,222133,Peg
354.512626,-15.09510554,6.38,HIP 116624,-,251 G. Aqr,-,222125,Aqr
354.5341679,43.26807305,4.29,HIP 116631,Rasalnaqa,ι Andromedae,8965,222173,And
354.599526,-76.86954352,5.983,HIP 116653,-,-,8957,222060,Oct
354.7847152,50.47173265,5.35,HIP 116709,-,18 And,8967,222304,And
354.792393,75.29288156,5.946,HIP 116714,-,-,8971,222386,Cep
354.8380724,74.00267756,5.973,HIP 116728,-,-,8972,222387,Cep
354.866434,-46.63779989,6.09,HIP 116737,-,θ Phoenicis,8966,222287,Phe
354.8664421,-46.63784566,6.5,HIP 116737,-,* tet Phe A,8966,222287A,Phe
354.9461225,-14.22215365,4.977,HIP 116758,-,ω 1 Aquarii,8968,222345,Aqr
354.9793349,9.677297003,5.96,HIP 116768,-,47 G. Peg,8970,222377,Peg
354.9876692,5.626292753,4.12,HIP 116771,-,ι Piscium,8969,222368,Psc
355.1021156,44.33393296,4.14,HIP 116805,Kaffalmusalsala,κ Andromedae,8976,222439,And
355.1589533,-32.07312418,5.303,HIP 116820,-,μ Sculptoris,8975,222433,Scl
355.2871345,-11.68065142,5.92,HIP 116853,-,255 G. Aqr,8979,222493,Aqr
355.361605,49.5124166,6.26,HIP 116876,-,-,8981,222570,Cas
355.3937023,-18.02707435,5.344,HIP 116889,-,103 Aqr,8980,222547,Aqr
355.4408599,-17.81653195,4.83,HIP 116901,-,104 Aqr A,8982,222574,Aqr
355.4773439,57.2599539,6.22,HIP 116912,-,-,8985,222618,Cas
355.4862075,7.250548596,5.891,HIP 116918,-,40 G. Psc,8983,222602,Psc
355.511689,1.780042138,4.51,HIP 116928,-,λ Piscium,8984,222603,Psc
355.5611122,44.99171488,6.41,HIP 116941,-,-,8986,222641,And
355.6159269,-15.44802895,5.257,HIP 116957,-,258 G. Aqr,8987,222643,Aqr
355.6310782,61.67937324,6.395,HIP 116962,-,-,8990,222682,Cas
355.6806054,-14.54490553,4.484,HIP 116971,-,ω 2 Aquarii,8988,222661,Aqr
355.682759,16.33571983,6.293,HIP 116972,-,76 Peg,-,222683,Peg
355.7710675,51.93933322,6.44,HIP 116991,-,-,-,222748,Cas
355.8431615,10.33153802,5.071,HIP 117020,-,77 Peg,8991,222764,Peg
355.9978553,29.3614556,4.96,HIP 117073,-,78 Peg,8997,222842,Peg
356.0055058,-45.08312041,6.09,HIP 117075,-,-,8993,222803,Phe
356.0501931,-64.4044521,5.711,HIP 117088,-,-,8996,222820,Tuc
356.0503254,-18.27694956,5.239,HIP 117089,-,106 Aqr,8998,222847,Aqr
356.105966,-70.49022569,6.07,HIP 117105,-,-,8994,222805,Tuc
356.1211058,-26.24663427,6.23,HIP 117107,-,-,8999,222872,Scl
356.1702691,-78.79144058,5.738,HIP 117125,-,-,8995,222806,Oct
356.2016508,55.79968725,6.44,HIP 117133,-,-,9000,222932,Cas
356.5038501,-18.67833299,5.616,HIP 117218,-,* i02 Aqr A,9002,223024A,Aqr
356.5052344,-40.18256568,6.302,HIP 117219,-,-,9001,223011,Phe
356.5052535,-18.67969531,6.42,HIP 117218,-,* i02 Aqr B,9002,223024B,Aqr
356.5085293,46.42027402,4.966,HIP 117221,-,ψ Andromedae,9003,223047,And
356.5979852,3.486810847,5.02,HIP 117245,-,19 Psc,9004,223075,Psc
356.653069,66.78224481,5.937,HIP 117265,-,-,9005,223128,Cep
356.7579936,57.45135904,5.503,HIP 117299,-,-,9010,223173,Cas
356.7643933,58.65199104,4.873,HIP 117301,-,τ Cassiopeiae,9008,223165,Cas
356.8162997,-11.91112813,5.731,HIP 117314,-,264 G. Aqr,9009,223170,Aqr
356.8166518,-50.22645888,5.166,HIP 117315,-,σ Phoenicis,9006,223145,Phe
356.887705,46.83256158,6.13,HIP 117340,-,-,9011,223229,And
356.978212,67.80680903,5.044,HIP 117371,-,-,9013,223274,Cep
356.9855913,-2.761597863,5.49,HIP 117375,-,20 Psc,9012,223252,Psc
357.1353309,-6.38042354,6.069,HIP 117420,-,-,9014,223311,Aqr
357.2056922,2.214414829,6.457,HIP 117445,-,45 G. Psc,9015,223346,Psc
357.2090463,62.21451542,5.59,HIP 117447,-,* 6 Cas A,9018,223385A,Cas
357.2248786,59.97895632,6.324,HIP 117450,-,-,9019,223386,Cas
357.2314426,-28.13027125,4.57,HIP 117452,-,δ Sculptoris,9016,223352,Scl
357.2996863,58.96320137,6.355,HIP 117472,-,-,9020,223421,Cas
357.3644758,1.076129025,5.7,HIP 117491,-,21 Psc,9022,223438,Psc
357.3817054,-15.86127467,6.213,HIP 117494,-,266 G. Aqr,9021,223428,Aqr
357.414145,28.84238948,5.96,HIP 117500,-,79 Peg,9025,223461,Peg
357.4206646,36.42528149,5.9,HIP 117503,-,OU And,9024,223460,And
357.4566471,-25.33134626,6.42,HIP 117510,-,-,9026,223466,Scl
357.5613736,-9.974137041,5.936,HIP 117541,-,268 G. Aqr,9027,223524,Aqr
357.5926391,51.6216611,6.472,HIP 117551,-,-,9028,223552,Cas
357.6386866,-14.40149698,5.691,HIP 117567,-,269 G. Aqr,9029,223559,Aqr
357.6484982,-47.37694259,6.49,HIP 117571,-,-,-,223549,Phe
357.8385419,9.313356455,5.78,HIP 117628,-,80 Peg,9030,223637,Peg
357.8389097,-18.90916414,5.18,HIP 117629,-,108 Aqr,9031,223640,Aqr
357.9909953,2.930386433,5.554,HIP 117683,-,22 Psc,9033,223719,Psc
358.0269716,-82.01882322,5.106,HIP 117689,-,γ 1 Octantis,9032,223647,Oct
358.0974601,21.67110072,6.113,HIP 117710,-,23 Psc,9035,223755,Peg
358.1058714,75.54454303,6.38,HIP 117712,-,-,9038,223778,Cep
358.1220326,19.12028599,5.08,HIP 117718,-,ϕ Pegasi,9036,223768,Peg
358.1249611,-14.25121162,5.848,HIP 117722,-,271 G. Aqr,9037,223774,Aqr
358.1546134,10.94728679,5.3,HIP 117730,-,82 Peg,9039,223781,Peg
358.2105387,-8.996757816,5.747,HIP 117756,-,-,9040,223807,Aqr
358.2315133,-3.155481555,5.94,HIP 117761,-,24 Psc,9041,223825,Psc
358.2698366,2.090616272,6.28,HIP 117774,-,25 Psc,9042,223855,Psc
358.3368506,-24.22925228,6.231,HIP 117797,-,274 G. Aqr,9043,223884,Aqr
358.5959689,57.49938187,4.59,HIP 117863,-,ρ Cassiopeiae,9045,224014,Cas
358.6609214,-40.30006163,6.03,HIP 117880,-,-,9046,224022,Phe
358.6942675,0.109312521,5.61,HIP 117887,-,XZ Psc,9047,224062,Psc
358.7824693,7.070971145,6.209,HIP 117927,-,26 Psc,9048,224103,Psc
358.819114,-31.92147801,6.076,HIP 117931,-,AL Scl,9049,224113,Scl
358.8459107,25.95499455,6.5,HIP 117939,-,-,9051,224128,Peg
358.8894811,47.35580382,5.989,HIP 117956,-,-,9053,224165,And
358.8909946,57.41216871,6,HIP 117957,-,V373 Cas,9052,224151,Cas
359.1247789,-24.73721812,6.315,HIP 118029,-,1 G. Cet,9054,224283,Cet
359.1729221,22.6480934,6.166,HIP 118048,-,-,9055,224303,Peg
359.2651345,42.65823243,6.02,HIP 118071,-,-,9057,224342,And
359.2839941,-26.62344348,6.249,HIP 118076,-,-,9058,224350,Scl
359.2853003,55.70570537,5.561,HIP 118077,-,-,9059,224355,Cas
359.2921442,-20.83364131,6.44,HIP 118081,-,2 G. Cet,-,224349,Cet
359.3329547,-62.9565974,5.943,HIP 118092,-,-,9060,224361,Tuc
359.3869239,-82.16980825,5.724,HIP 118114,-,γ 2 Octantis,9061,224362,Oct
359.3897157,60.02360088,6.461,HIP 118116,-,-,9063,224404,Cas
359.396161,-64.29822982,4.989,HIP 118121,-,η Tucanae,9062,224392,Tuc
359.439694,25.14140525,4.66,HIP 118131,-,ψ Pegasi,9064,224427,Peg
359.5884374,-15.84748362,6.276,HIP 118178,-,1 Cet,9065,224481,Cet
359.6036178,51.38880917,4.8,HIP 118188,-,R Cas,9066,224490,Cas
359.6682139,-3.555969807,4.886,HIP 118209,-,27 Psc,9067,224533,Psc
359.7324145,-52.74580626,5.133,HIP 118234,-,π Phoenicis,9069,224554,Phe
359.7522429,55.75492949,5.01,HIP 118243 ,-,* sig Cas A,9071,224572,Cas
359.8662327,-29.48516549,5.573,HIP 118277,-,BU Scl,9073,224630,Scl
359.8720487,33.72385554,6.4,-,-,-,9074,224635,And
359.9790714,-65.57713262,4.47,HIP 118322,-,ϵ Tucanae,9076,224686,Tuc
359.8278759,6.863322339,4.02,HIP 118268,-,* ome Psc,9072,224617,Psc
0.0795631,-44.29056264,6.3,HIP 25,-,-,9077,224750,Phe
2.170577411,36.62712562,6.19,HIP 699,-,-,17,400,And
3.378499945,41.03537106,5.69,HIP 1086,-,23 And,41,905,And
3.978734811,-75.91161499,6.5,HIP 1268,-,-,58,1221,Hyi
7.083510341,10.18980491,6.04,HIP 2235,-,-,107,2454,Psc
7.729494882,77.01940474,6.19,HIP 2422,-,-,112,2589,Cas
8.978340499,13.20706985,6.31,HIP 2832,-,-,145,3268,Psc
10.29947539,9.35505758,6.51,HIP 3236,-,-,-,3861,Psc
11.6604406,69.32540905,6.38,HIP 3641,-,-,200,4295,Cas
11.97844835,20.92534507,6.5,HIP 3730,-,-,217,4568,Psc
12.24461482,16.94064566,5.04,HIP 3810,-,-,225,4676,Psc
16.45511381,4.908376885,6.34,HIP 5141,-,-,313,6479,Psc
17.71140775,67.78013198,6.55,HIP 5531,-,-,-,6840,Cas
18.12768635,2.471579573,6.54,HIP 5646,-,-,-,7218,Cet
22.80731965,70.26459983,5.8,HIP 7078,-,-,427,9021,Cas
23.63860331,68.94813598,6.51,HIP 7339,-,-,-,9407,Cas
23.97815344,17.43384035,5.95,HIP 7447,-,-,457,9780,Psc
24.90007609,45.87777335,6.61,HIP 7734,-,-,-,10086,And
25.43680265,-11.32467182,5.77,HIP 7916,-,-,492,10453,Cet
26.07486805,57.53660356,6.33,HIP 8115,-,-,499,10543,Cas
27.17317787,32.69020892,5.76,HIP 8433,-,-,523,11007,Tri
29.03901937,37.25183295,5.7,HIP 9021,-,-,557,11749,And
30.0381648,3.097014011,5.87,HIP 9353,-,-,582,12235,Psc
32.28442001,71.55200745,6.57,HIP 10031,-,-,-,12800,Cas
32.34630142,17.2241997,6.39,HIP 10050,-,-,624,13201,Ari
33.20035699,21.21099377,5.2,HIP 10306,-,η Arietis,646,13555,Ari
33.40142982,51.06577999,5.31,HIP 10366,-,-,645,13530,And
33.65825234,28.69118412,6.36,HIP 10446,-,-,-,13747,Tri
33.94187394,25.78293837,5.77,HIP 10540,-,-,656,13871,Ari
36.8474571,10.19832412,6.43,HIP 11427,-,-,-,15228,Cet
39.02042224,6.886773237,5.79,HIP 12114,-,-,753,16160,Cet
39.23828913,38.73358759,5.9,HIP 12181,-,-,756,16176,And
42.64608194,38.31864289,4.21,HIP 13254,-,-,840,17584,Per
42.67753141,19.16047721,6.63,HIP 13269,-,-,-,17659,Ari
43.4092608,1.969316549,6.74,HIP 13482,-,-,-,18012,Cet
44.52175545,20.66873396,5.78,HIP 13834,-,-,878,18404,Ari
46.04014434,61.70582216,6.64,HIP 14286,-,-,-,18757,Cas
47.26674709,49.61327835,4.04,HIP 14632,-,ι Persei,937,19373,Per
50.46888739,49.07090495,5.93,HIP 15669,-,-,1001,20675,Per
59.04823413,59.6420221,6.58,HIP 18413,-,-,-,24409,Cam
59.15216682,50.6953762,5.25,HIP 18453,-,-,1210,24546,Per
60.98584369,8.197266302,5.42,HIP 18975,-,-,1254,25570,Tau
61.04114662,2.826949926,5.33,HIP 18993,-,-,1257,25621,Tau
62.0641198,37.72749639,6.08,HIP 19302,-,-,1277,25975,Per
62.15257149,38.03973856,5.52,HIP 19335,-,-,1278,25998,Per
63.87000169,6.186860715,6.3,HIP 19859,-,-,1322,26923,Tau
70.45940086,38.28018161,5.96,HIP 21847,-,-,1489,29645,Per
71.50240269,76.61104421,6.46,HIP 22152,-,-,1468,29329,Cam
75.7101596,66.82297273,6.18,HIP 23484,-,-,1594,31675,Cam
76.66929418,51.59772194,4.97,HIP 23783,-,-,1637,32537,Aur
77.43544225,64.91948968,6.35,HIP 24017,-,-,1647,32715,Cam
77.6788354,46.96207134,5.66,HIP 24109,-,-,1668,33167,Aur
78.08961802,26.45461422,6.79,HIP 24252,-,-,-,33585,Tau
80.63971084,79.23115073,5.06,HIP 25110,-,-,1686,33564,Cam
81.10609696,17.38353512,4.97,HIP 25278,-,-,1780,35296,Tau
82.00390183,33.76370349,6.4,HIP 25580,-,-,-,35681,Aur
83.14083471,57.22107074,6.44,HIP 25973,-,-,1828,36066,Cam
83.78533873,9.935027642,5.51,-,-,* lam Ori B,1880,36862,Ori
83.84297373,-4.424312376,6.5,HIP 26234,-,-,1891,37016,Ori
86.64547141,1.168195264,5.93,HIP 27253,-,-,1988,38529,Ori
87.51119054,9.871215399,5.91,HIP 27549,-,-,2014,39007,Ori
88.74578948,31.70148802,5.91,HIP 27973,-,-,2046,39586,Aur
89.72181273,12.80826205,5.89,HIP 28302,-,-,2099,40369,Ori
90.5958195,9.64727279,4.71,HIP 28614,-,μ Orionis,2124,40932,Ori
90.72988639,32.6356964,6.22,HIP 28644,-,-,2122,40832,Aur
90.82480384,42.91149763,6.1,HIP 28677,-,-,2119,40801,Aur
91.26410291,42.98163572,5.89,HIP 28823,-,-,2132,41074,Aur
91.53556286,35.38773897,6.11,HIP 28908,-,-,2141,41330,Aur
93.30209526,10.62714236,6.43,HIP 29525,-,-,2208,42807,Ori
93.71198477,19.1564479,5.17,HIP 29650,-,-,2220,43042,Ori
94.11091294,12.27216323,5.01,HIP 29800,-,-,2241,43386,Ori
96.54272767,18.75687806,6.78,HIP 30630,-,-,-,45088,Gem
97.45443556,-50.23907864,5.94,HIP 30953,-,-,2384,46273,Pup
99.06305407,58.10678182,6.6,HIP 31552,-,-,-,46317,Lyn
99.30764693,-36.99064927,5.89,HIP 31637,-,-,2446,47500,Col
99.42243981,61.48123556,5.94,HIP 31676,-,-,2394,46480,Lyn
99.50147187,-61.53336505,6.29,HIP 31711,-,-,2468,48189,Pic
100.9031478,-73.11820868,6.38,HIP 32222,-,-,2531,49947,Vol
101.0479664,53.29593756,6.3,HIP 32261,-,-,2463,47979,Lyn
101.0723955,40.62293935,6.91,HIP 32275,-,-,-,48228,Aur
101.5589582,79.56481071,5.42,HIP 32439,-,-,2401,46588,Cam
101.6847372,43.57742456,5.23,HIP 32480,-,ψ 5 Aurigae,2483,48682,Aur
101.8477366,18.19345369,6.37,HIP 32539,-,-,2499,49059,Gem
102.2405693,-15.14472233,5.51,HIP 32677,-,-,2522,49662,CMa
104.6975431,26.08107952,6.19,HIP 33595,-,-,2601,51530,Gem
108.9589132,47.23996345,5.53,HIP 35136,-,-,2721,55575,Lyn
108.9787653,59.63746644,5.21,HIP 35146,-,-,2715,55280,Lyn
111.7094043,21.53565431,6.52,HIP 36152,-,-,2835,58551,Gem
111.9652479,-11.5568552,6.04,HIP 36251,-,-,2859,59067,CMa
119.0717874,80.26554232,6.55,HIP 38784,-,-,2997,62613,Cam
119.5860901,2.224767713,5.3,HIP 38962,-,-,3110,65345,CMi
122.5852966,69.72508228,6.54,HIP 40015,-,-,-,66751,Cam
122.6132536,25.50733393,5.72,HIP 40023,-,ψ Cancri,3191,67767,Cnc
123.1283055,-46.26428607,6.31,HIP 40183,-,-,3234,68895,Vel
126.4578219,17.04626992,6.09,HIP 41319,-,-,3299,71030,Cnc
126.9032694,45.65298738,6.31,HIP 41484,-,-,3309,71148,Lyn
128.2290753,38.01637346,5.9,HIP 41935,-,-,3360,72184,Lyn
136.7134038,38.27843599,6.6,HIP 44728,-,-,-,77967,Lyn
137.2127933,33.88221843,5.94,HIP 44897,-,-,3625,78366,Lyn
138.5910836,2.314319977,3.91,HIP 45336,-,θ Hydrae,3665,79469,Hya
138.809358,34.63351639,5.99,HIP 45412,-,-,3664,79452,Lyn
141.6870837,-28.7877016,6.44,HIP 46329,-,-,3745,81753,Pyx
141.945037,-6.07139133,5.32,HIP 46404,-,-,3750,81809,Hya
147.6253422,4.343648901,6.22,HIP 48273,-,-,3893,85217,Sex
147.9708485,24.39526156,5.28,HIP 48390,-,-,3900,85376,Leo
148.0506842,2.454129236,6.04,HIP 48414,-,-,3906,85504,Sex
153.3666413,-51.75578639,5.91,HIP 50078,-,-,4020,88842,Vel
153.6239674,21.16804824,6.02,HIP 50174,-,-,4012,88737,Leo
154.1345384,23.50311299,5.96,HIP 50319,-,-,4030,89010,Leo
154.716449,44.04832062,6.65,HIP 50505,-,-,-,89269,UMa
154.8616206,48.39676291,6.01,HIP 50546,-,-,4046,89319,UMa
154.9340301,19.47091277,4.76,HIP 50564,-,-,4054,89449,Leo
155.8109094,5.694245621,6.52,HIP 50870,-,-,4079,89995,Sex
157.6565803,55.9805388,4.79,HIP 51459,-,-,4112,90839,UMa
159.7818013,37.91000115,5.83,HIP 52139,-,-,4168,92168,LMi
160.4858119,65.71628086,5.12,HIP 52353,-,-,4178,92424,UMa
160.8870425,46.20387424,5.15,HIP 52469,-,-,4191,92787,UMa
163.3779503,69.85388135,5.93,HIP 53257,-,-,4243,94132,UMa
164.9212057,11.70586584,6.52,HIP 53737,-,-,4281,95216,Leo
165.0861841,42.91170212,6.01,HIP 53791,-,-,4285,95241,UMa
166.7258638,1.955525573,5.53,HIP 54336,-,-,4319,96436,Leo
168.3321286,33.4437415,6.64,HIP 54819,-,-,-,97488,UMa
169.0168103,52.77316226,6.49,HIP 55044,-,-,4363,97855,UMa
169.8822022,32.82513274,6.56,HIP 55302,-,-,-,98397,UMa
172.6185274,43.57848954,6.66,HIP 56145,-,-,-,99995,UMa
172.7206298,47.92891248,6.41,HIP 56170,-,-,4435,100030,UMa
172.9372673,14.36450298,6.26,HIP 56242,-,-,4437,100180,Leo
173.0863347,61.08249699,5.68,HIP 56290,-,-,4439,100203,UMa
173.4049999,-40.58663737,6.09,HIP 56391,-,-,4453,100493,Cen
173.5914538,3.060164941,5.74,HIP 56445,-,-,4455,100563,Leo
174.011651,69.32295229,5.19,HIP 56583,-,-,4461,100696,Dra
174.5857085,43.62542738,5.53,HIP 56770,-,-,4477,101107,UMa
177.1612941,14.28420673,5.99,HIP 57606,-,-,4531,102590,Leo
177.2796284,5.183376048,6.56,HIP 57636,-,-,-,102649,Vir
179.3107637,40.34373977,6.59,HIP 58287,-,-,4572,103799,UMa
180.5282462,43.04556361,5.2,HIP 58684,-,-,4594,104513,UMa
180.6204837,43.08408227,6.63,HIP 58708,-,-,-,104556,UMa
180.9351712,5.557749912,6.38,HIP 58809,-,-,-,104755,Vir
182.5142423,5.807007368,5.72,HIP 59309,-,-,4629,105702,Vir
184.2138989,86.43581888,6.31,HIP 59879,-,-,4683,107113,UMi
184.8730243,28.15691792,6.37,HIP 60098,-,-,4688,107213,Com
186.6007973,71.92982771,6.34,HIP 60699,-,-,4740,108399,Dra
187.5117854,51.53563211,6.2,HIP 60988,-,-,4761,108845,CVn
187.7088992,53.07660693,6.2,HIP 61053,-,-,4767,108954,UMa
190.5738945,33.68857681,6.66,HIP 61995,-,-,-,110501,CVn
191.5939387,9.539686032,5.65,HIP 62325,-,-,4849,111028,Vir
192.1960339,24.8402274,6.28,HIP 62523,-,-,4864,111395,Com
193.3837775,19.48106237,6.43,HIP 62904,-,-,-,112060,Com
198.3016851,18.72700787,6.12,HIP 64496,-,-,4992,114889,Com
198.366786,67.28795725,6.53,HIP 64522,-,-,-,115136,Dra
199.1938119,9.424155594,5.17,HIP 64792,-,-,5011,115383,Vir
200.2125562,43.99019355,6.5,HIP 65135,-,-,-,116127,CVn
206.7380107,6.350373917,6.33,HIP 67246,-,-,5183,120066,Vir
207.7463277,68.31529902,6.4,HIP 67589,-,-,5227,121146,Dra
207.8347573,-24.39051196,6.45,HIP 67620,-,-,5209,120690,Hya
208.9583066,14.05650219,6.15,HIP 68030,-,-,5243,121560,Bootes
209.3835765,61.49286115,6.47,HIP 68184,-,-,5256,122064,UMa
214.9384796,16.30694736,4.85,HIP 70027,-,-,5370,125560,Bootes
215.7784229,25.33817563,6.2,HIP 70310,-,-,5387,126141,Bootes
216.076118,8.084598094,6.19,HIP 70414,-,-,5394,126271,Bootes
217.1575537,49.84485042,5.58,HIP 70791,-,-,5420,127243,Bootes
217.4033699,41.79591262,6.36,HIP 70873,-,-,5423,127334,Bootes
217.691959,63.18578637,6.08,HIP 70952,-,-,5436,127821,Dra
218.5663959,57.0652572,6.45,HIP 71251,-,-,5451,128332,Dra
220.4313348,11.66066201,5.57,HIP 71837,-,-,5481,129336,Bootes
222.2780951,37.81118044,6.13,HIP 72469,-,-,5529,130817,Bootes
222.5850863,82.51194257,5.63,HIP 72573,-,-,5596,133002,UMi
222.6235264,37.27204753,5.48,HIP 72582,-,-,5541,131111,Bootes
222.8601479,59.293987,5.49,HIP 72664,-,-,5552,131507,Dra
224.0960016,49.62844992,5.62,HIP 73100,-,-,5581,132254,Bootes
225.1122787,71.76545827,6.63,HIP 73440,-,-,-,133621,UMi
229.8283227,1.765407328,5.04,HIP 74975,-,-,5694,136202,Ser
230.2205058,45.66487039,6.74,HIP 75107,-,-,-,136795,Bootes
236.0075774,2.515166832,5.86,HIP 77052,-,ψ Serpentis,5853,140538,Ser
240.2610854,33.30351096,5.38,HIP 78459,-,ρ Coronae Borealis,5968,143761,CrB
240.3096322,17.81837867,5.11,HIP 78481,-,-,5966,143666,Her
242.2967295,6.378691639,5.96,HIP 79137,-,-,6014,145148,Ser
242.6013153,43.81764095,6.61,HIP 79248,-,-,-,145675,Her
245.9464745,61.69647034,6.04,HIP 80309,-,-,6130,148374,Dra
246.4299391,78.96385711,5.55,HIP 80480,-,-,6173,149681,UMi
247.6616686,77.44651625,6.35,HIP 80850,-,-,6191,150275,UMi
250.319158,31.60451924,2.94,-,-,* zet Her B,-,-,Her
250.6158846,49.93643921,6.46,HIP 81800,-,-,-,151044,Her
250.7762073,77.51397119,6,HIP 81854,-,-,6267,152303,UMi
251.2499388,6.088156604,6.56,HIP 81991,-,-,-,151090,Her
255.1123309,-48.64775887,6.22,HIP 83216,-,-,6300,153221,Ara
255.7935198,14.51134078,6.53,HIP 83435,-,-,6339,154160,Her
256.3200778,0.702561531,5.99,HIP 83601,-,-,6349,154417,Oph
257.0568767,-1.079479053,6.23,HIP 83853,-,-,6367,154895,Oph
260.1406431,48.18878048,6.34,HIP 84855,-,-,6467,157373,Her
261.2504073,67.30670798,6.42,HIP 85235,-,-,6518,158633,Dra
262.4472871,-5.919479112,6.47,HIP 85622,-,-,6512,158463,Oph
263.0041335,34.27114826,6.52,HIP 85810,-,-,6538,159222,Her
263.0440344,55.18424515,4.89,HIP 85819,-,ν 1 Draconis,6554,159541,Dra
263.0668438,55.17291813,4.85,HIP 85829,-,ν 2 Draconis,6555,159560,Dra
264.1666749,69.5707484,6.33,HIP 86184,-,-,6598,160933,Dra
267.2677989,50.78107013,5.04,HIP 87212,-,-,6656,162579,Dra
267.3626349,76.96287926,5.01,HIP 87234,-,-,6701,163989,Dra
268.3477972,-34.89512143,6.29,HIP 87569,-,-,6658,162587,Sco
268.5590274,11.13049193,6.25,HIP 87655,-,-,6676,163151,Oph
269.1581156,18.61242963,6.56,HIP 87834,-,-,-,163675,Her
272.475057,3.119828703,5.65,HIP 89000,-,-,6797,166285,Oph
272.6318329,54.28655339,5.98,HIP 89047,-,-,6817,167042,Dra
273.6833321,29.20730601,6.5,HIP 89408,-,-,6831,167588,Her
274.2784693,40.93674061,6.13,HIP 89604,-,-,6853,168322,Lyr
281.0761092,61.04814396,6.13,HIP 91915,-,-,7075,173949,Dra
282.1892211,-18.6011575,6.7,HIP 92301,-,-,7072,173928,Sgr
284.0255043,18.10540975,5.17,HIP 92937,-,-,7148,175743,Her
289.2141086,46.99910404,6,HIP 94755,-,-,7322,181096,Cyg
289.9124948,37.3305406,6.29,HIP 94981,-,-,7345,181655,Lyr
290.8917215,33.22196623,6.36,HIP 95319,-,-,7368,182488,Lyr
291.2424999,11.94441347,5.15,HIP 95447,-,-,7373,182572,Aql
291.3573248,24.91277504,6.18,HIP 95492,-,-,7386,182807,Vul
293.5824553,51.23661872,5.7,HIP 96258,-,-,7451,184960,Cyg
294.6715955,54.97379084,5.87,HIP 96620,-,-,7484,185912,Cyg
296.6066669,33.7275982,4.98,HIP 97295,-,-,7534,187013,Cyg
297.6866813,-59.19366631,5.66,HIP 97646,-,-,7531,186957,Pav
297.7568487,10.41572013,5.1,HIP 97675,-,ο Aquilae,7560,187691,Aql
298.0143266,11.62832563,6.15,HIP 97767,-,-,7569,187923,Aql
300.9058545,29.89680345,5.73,HIP 98767,-,-,7670,190360,Cyg
301.2907325,38.47848772,6.17,HIP 98921,-,-,7683,190771,Cyg
301.5576927,53.16568748,5.8,HIP 99026,-,-,7697,191195,Cyg
301.5906971,35.9724692,5.37,HIP 99031,-,-,7689,191026,Cyg
304.3805338,66.85368902,5.91,HIP 100017,-,-,7783,193664,Dra
305.8300661,-0.452308269,7.03,HIP 100550,-,-,-,194014,Aql
307.3648463,81.09127614,5.97,HIP 101082,-,-,7908,196925,Dra
307.4997529,45.92855023,6.45,HIP 101133,-,-,7841,195506,Cyg
309.7824448,10.08619213,5.07,HIP 101916,-,κ Delphini,7896,196755,Del
310.0745516,60.50526498,6,HIP 102011,-,-,7925,197373,Cep
311.9707539,52.40715129,6.29,HIP 102642,-,-,7972,198387,Cyg
312.5205486,44.05930321,5.05,HIP 102843,-,-,7984,198639,Cyg
316.3612651,5.958301224,5.93,HIP 104101,-,-,8077,200790,Equ
316.8869828,-0.16385251,6.72,HIP 104279,-,-,-,201098,Aqr
320.2559013,40.34497419,6.38,HIP 105406,-,-,8170,203454,Cyg
320.2683078,23.85596854,5.6,HIP 105411,-,-,8165,203344,Peg
321.6168865,1.103357781,6.11,HIP 105864,-,-,8205,204121,Aqr
329.8123634,73.17989506,5.01,HIP 108535,-,-,8400,209369,Cep
332.9531962,56.83935682,5.23,HIP 109572,-,-,8472,210855,Cep
332.9870448,59.08458036,6.3,HIP 109585,-,-,8476,210905,Cep
333.7591554,57.04356854,4.18,HIP 109857,-,ϵ Cephei,8494,211336,Cep
335.9148529,20.84828872,6.27,HIP 110548,-,-,8532,212395,Peg
335.9760535,38.57361269,6.16,HIP 110566,-,-,8536,212487,Lac
336.6429171,-16.74158888,6.22,HIP 110778,-,-,8544,212697,Aqr
336.6898259,37.44370573,6.51,HIP 110790,-,-,8549,212883,Lac
338.1478364,20.23002108,6.41,HIP 111278,-,39 Peg,8586,213617,Peg
338.262126,69.91354718,6.44,HIP 111314,-,-,8595,213973,Cep
338.942226,73.64318555,5.05,HIP 111532,-,-,8615,214470,Cep
340.4002131,41.5491242,5.94,HIP 112041,-,-,8643,215030,Lac
340.927958,10.93935512,6.5,HIP 112222,-,-,8653,215243,Peg
343.4173372,44.74917095,5.98,HIP 113048,-,-,8708,216608,Lac
346.0457612,50.05209042,4.64,HIP 113919,-,3 And,8780,218031,And
346.2762154,16.56284277,6.44,HIP 113994,-,-,8784,218101,Peg
346.5755872,18.51776563,6.15,HIP 114081,-,-,8788,218235,Peg
346.6328554,19.9108534,5.66,HIP 114096,-,-,8792,218261,Peg
346.9390981,49.29577512,6.43,HIP 114210,-,5 And,8805,218470,And
347.9549564,26.84732151,6.21,HIP 114526,-,-,8827,218935,Peg
349.1762648,53.21347482,5.56,HIP 114924,-,-,8853,219623,Cas
349.8499049,-5.124350554,5.55,HIP 115142,-,-,8868,219877,Aqr
349.9231466,48.38093619,6.13,HIP 115171,-,-,8875,219962,And
354.3835117,44.4289923,6.16,HIP 116582,-,-,8962,222109,And
354.4937,46.19943465,6.58,HIP 116613,-,-,8964,116613,And
357.9901486,77.59937411,6.55,HIP 117681,-,-,9034,223731,Cep
358.2342612,36.95425524,6.52,HIP 117762,-,-,-,223848,And
322.49304,12.167,6.3,-,-,M 15,-,-,Peg
279.09975,-23.90475,5.2,-,-,M 22,-,-,Sgr
245.89675,-26.52575,5.4,-,-,M 4 ,-,-,Sco
34.26345974,34.22423205,4.83,HIP 10644,Deltoton,-,660,13974,Tri
271.3635351,2.500146282,4.2,-,-,* 70 Oph A,-,165341A,Oph
307.2149587,-17.81403349,6.88,-,-,* rho Cap B,-,194943B,Cap
307.2149587,-17.81403349,4.39,HIP 101027,-,* rho Cap,7822,194943,Cap
200.9694737,-47.8905414,6.77,HIP 65373,-,-,-,116337,Cen
244.376126,75.75534308,4.92,HIP 79822,-,η UMi,6116,148048,UMi
247.4774805,-24.97946528,7.81,HIP 80799,-,-,-,148562,Tau
24.81433806,14.28555981,6.75,HIP 7710,-,* 104 Psc,-,10135,Psc
26.8399438,10.95368698,8.77,HIP 8327,-,-,-,10917,Ari
24.01186188,7.645299778,7.51,HIP 7456,-,-,-,9817AB,Psc
22.26290523,7.294091915,6.54,HIP 6915,-,* 96 Psc,-,9024,Psc
277.6368668,40.97577115,6.99,HIP 90720,-,-,-,171008,Lyr
290.1129432,39.92619728,6.8,HIP 95056,-,-,-,181878,Lyr
2.33406006,79.71454545,6.047,HIP 760,-,STF 2,20,431,Cep
32.62484006,81.4819868,6.97,HIP 10144,-,STT 37AB,-,12543,Cep
41.79031304,60.57076353,6.525,HIP 13004,-,-,-,17086,Cas
9.997837235,76.87113268,6.73,HIP 3145,-,-,-,3553,Cas
20.51136437,79.02523632,7.21,HIP 6385,-,-,-,7851,Cep
19.57774453,67.81642127,6.68,HIP 6099,-,-,-,7665,Cas
28.67207872,78.19647241,6.67,HIP 8908,-,-,-,11160,Cep
20.49630509,76.71028814,7.167,HIP 6379,-,-,-,7924,Cas
25.87304224,74.74228096,7.58,HIP 8057,-,-,-,10229,Cas
29.470907,75.3360749,6.61,HIP 9147,-,-,-,11588,Cas
38.4175295,77.66730664,7.66,HIP 11906,-,-,-,15292,Cep
44.73635545,77.08007262,6.87,HIP 13897,-,-,-,17889,Cas
49.98702817,75.23749839,7.34,HIP 15516,-,-,-,20085,Cas
51.01870321,74.17099296,6.92,HIP 15843,-,-,-,20507,Cas
48.37906626,78.1908978,7.27,HIP 15011,-,-,-,19266,Cep
60.89535629,81.22644278,7.71,HIP 18940,-,-,-,24226,Cep
69.43131213,78.98661434,7.36,HIP 21558,-,-,-,28256,Cam
12.19443158,78.46725185,7.1,HIP 3796,-,-,-,4429,Cep
19.79497534,76.79661259,7.27,HIP 6175,-,-,-,7623,Cas
12.73438905,77.95352573,6.751,HIP 3964,-,-,-,4666,Cep
6.780756623,80.05214199,6.54,HIP 2142,-,-,-,2169,Cep
10.74067972,79.19643829,7.9,HIP 3380,-,-,-,3826,Cep
213.3659338,51.78795069,6.69,HIP 69481,-,kap01 Boo,5328,124674,Boo
267.5138959,48.39415191,6.89,HIP 87280,-,z Her,6664,162732,Her
359.7522425,55.75492861,5.01,HIP 118243,-,σ Cas,9071,224572,Cas
303.1463515,0.86705178,6.27,HIP 99585,-,STF 2644AB,7717,191984,Aql
301.2922356,2.118797687,6.755,HIP 98922,-,-,-,190498,Aql
298.0022428,1.603334406,7.51,HIP 97762,-,-,-,187855,Aql
297.7282841,0.844345924,7.64,HIP 97662,-,-,-,187619,Aql
299.6355593,-3.55372282,6.83,HIP 98313,-,-,-,189114,Aql
296.8888361,1.088887203,6.77,HIP 97384,-,-,-,187003,Aql
299.7272292,6.591223003,8.17,HIP 98348,-,-,-,189259,Aql
299.6359045,7.920676617,6.77,HIP 98314,-,-,-,189186,Aql
343.1003103,9.835665116,5.16,HIP 112935,-,σ Peg,8697,216385,Peg
2.695423154,-34.8607151,6.9,HIP 881,-,RST 2236A,-,656,Scl
30.52989929,22.10409877,7.19,HIP 9492,-,-,-,12413,Ari
31.56683053,20.59227831,7.55,HIP 9815,-,-,-,12831,Ari
29.72699483,18.35809372,6.79,HIP 9248,-,-,-,12082,Ari
64.20287146,16.21438737,6.56,HIP 19960,-,-,-,27029,Tau
76.8625232,18.64504994,4.89,HIP 23835,-,m Tau,1656,32923,Tau
117.8607736,29.16799718,7,HIP 38363,-,-,-,63712,Gem
117.4794185,27.36318294,6.91,HIP 38228,-,-,-,63433,Gem
114.5863825,33.18675805,6.85,HIP 37179,-,-,-,60935,Gem
295.5543017,-36.63343379,6.88,HIP 96932,-,-,-,185771,Sgr
287.4015155,-36.16481133,6.533,HIP 94124,-,-,-,178299,Sgr
282.262894,-32.71041925,6.69,HIP 92329,-,-,-,173875,Sgr
284.6158534,-34.21466577,7.2,HIP 93149,-,-,-,175797,Sgr
272.9923421,-28.90153527,6.52,HIP 89178,-,V* V4045 Sgr,6802,166469,Sgr
269.7720073,-30.25302192,5.36,HIP 88060,-,PZ 6AB,-,-,Sgr
115.7627031,-27.66837555,6.93,HIP 37611,-,-,-,62475,Pup
115.1258507,-28.21923048,7.8,HIP 37389,-,-,-,61919,Pup
114.0349562,-27.50384571,7,HIP 36987,-,-,-,61026,Pup
113.6201723,-26.11685239,6.65,HIP 36837,-,-,-,60629,Pup
114.8010056,-25.44534748,8.26,HIP 37270,-,-,-,61619,Pup
115.7627031,-27.66837555,6.93,HIP 37611,-,-,-,62475,Pup
332.9083874,-34.46510676,6.73,HIP 109561,-,-,-,210525,PsA
201.697,-47.47947222,5.33,HIP "DSO:NGC5139",ome Cen Cluster,ome Cen,-,116790,Cen
